t,phase,V,pitch_deg,q_dps,contacts,height_m,de,thr,flap,run_m
0.02,ROLL,0.16,0.81,0.00,0,0.00,0.008,0.00,0.00,0.0
0.12,ROLL,1.06,0.81,0.00,2,-0.06,0.020,0.00,0.02,0.0
0.22,ROLL,1.16,1.37,2.07,2,-0.18,0.020,0.00,0.03,0.0
0.32,ROLL,0.99,2.11,3.88,3,-0.29,0.020,0.00,0.04,0.0
0.42,ROLL,0.62,2.68,4.51,3,-0.37,0.020,0.00,0.06,0.0
0.52,ROLL,0.11,3.38,5.40,3,-0.41,0.020,1.00,0.07,0.0
0.62,ROLL,0.78,3.64,4.39,3,-0.38,0.020,1.00,0.09,0.0
0.72,ROLL,1.35,3.19,1.25,3,-0.31,0.020,1.00,0.10,0.1
0.82,ROLL,1.69,1.98,-3.34,3,-0.23,0.073,1.00,0.11,0.2
0.92,ROLL,2.05,0.22,-8.23,2,-0.18,0.203,1.00,0.13,0.4
1.02,ROLL,2.51,-1.88,-12.57,2,-0.18,0.323,1.00,0.14,0.7
1.12,ROLL,2.99,-3.91,-15.12,2,-0.21,0.400,1.00,0.16,0.9
1.22,ROLL,3.41,-5.39,-14.96,2,-0.25,0.407,1.00,0.17,1.2
1.32,ROLL,3.78,-6.10,-12.21,2,-0.28,0.347,1.00,0.18,1.6
1.42,ROLL,4.11,-6.04,-7.81,2,-0.30,0.249,1.00,0.20,2.0
1.52,ROLL,4.42,-5.42,-2.99,2,-0.31,0.145,1.00,0.21,2.4
1.62,ROLL,4.70,-4.42,1.46,2,-0.30,0.051,1.00,0.23,2.9
1.72,ROLL,4.99,-3.12,5.41,2,-0.28,0.020,1.00,0.24,3.4
1.82,ROLL,5.31,-1.60,8.76,2,-0.27,0.020,1.00,0.25,3.9
1.92,ROLL,5.65,0.07,11.44,2,-0.26,0.020,1.00,0.25,4.4
2.02,ROLL,6.00,1.76,13.27,2,-0.27,0.020,1.00,0.25,5.0
2.12,ROLL,6.33,3.38,14.26,2,-0.28,0.020,1.00,0.25,5.6
2.22,ROLL,6.64,4.92,14.64,2,-0.29,0.020,1.00,0.25,6.3
2.32,ROLL,6.92,6.33,14.45,2,-0.30,0.020,1.00,0.25,7.0
2.42,ROLL,7.21,7.58,13.76,2,-0.30,0.020,1.00,0.25,7.7
2.52,ROLL,7.48,8.58,12.43,2,-0.30,0.020,1.00,0.25,8.4
2.62,ROLL,7.76,9.19,10.26,2,-0.28,0.020,1.00,0.25,9.2
2.72,ROLL,8.05,9.34,7.22,2,-0.26,0.020,1.00,0.25,9.9
2.82,ROLL,8.35,8.93,3.33,2,-0.24,0.020,1.00,0.25,10.8
2.92,ROLL,8.65,7.99,-1.04,2,-0.22,0.020,1.00,0.25,11.6
3.02,ROLL,8.98,6.59,-5.47,2,-0.20,0.020,1.00,0.25,12.5
3.12,ROLL,9.32,4.81,-9.67,2,-0.19,0.112,1.00,0.25,13.4
3.22,ROLL,9.65,2.88,-12.94,2,-0.18,0.200,1.00,0.25,14.4
3.32,ROLL,9.96,1.13,-14.44,2,-0.18,0.249,1.00,0.25,15.3
3.42,ROLL,10.24,-0.09,-13.63,2,-0.19,0.240,1.00,0.25,16.3
3.52,ROLL,10.49,-0.57,-10.57,2,-0.19,0.176,1.00,0.25,17.4
3.62,ROLL,10.74,-0.38,-6.25,2,-0.19,0.080,1.00,0.25,18.4
3.72,ROLL,10.97,0.36,-1.57,2,-0.19,0.020,1.00,0.25,19.5
3.82,ROLL,11.22,1.44,2.65,2,-0.20,0.020,1.00,0.25,20.6
3.92,ROLL,11.48,2.59,5.65,2,-0.19,0.020,1.00,0.25,21.8
4.02,ROLL,11.74,3.60,7.14,2,-0.19,0.020,1.00,0.25,22.9
4.12,ROLL,12.03,4.28,6.95,2,-0.18,0.020,1.00,0.25,24.1
4.22,ROLL,12.32,4.45,5.13,2,-0.16,0.020,1.00,0.25,25.3
4.32,ROLL,12.63,4.04,1.94,2,-0.15,0.020,1.00,0.25,26.6
4.42,ROLL,12.94,3.12,-1.90,2,-0.14,0.021,1.00,0.25,27.9
4.52,ROLL,13.26,1.85,-5.58,2,-0.13,0.113,1.00,0.25,29.2
4.62,ROLL,13.55,0.54,-8.11,2,-0.13,0.177,1.00,0.25,30.5
4.72,ROLL,13.80,-0.45,-8.67,2,-0.14,0.193,1.00,0.25,31.9
4.82,ROLL,14.02,-0.83,-6.94,2,-0.14,0.151,1.00,0.25,33.3
4.92,ROLL,14.23,-0.48,-3.34,2,-0.14,0.058,1.00,0.25,34.7
5.02,ROLL,14.46,0.13,-0.12,2,-0.13,0.020,1.00,0.25,36.1
5.12,ROLL,14.69,0.68,1.78,2,-0.14,0.020,1.00,0.25,37.6
5.22,ROLL,14.93,1.15,2.73,2,-0.13,0.020,1.00,0.25,39.1
5.32,ROLL,15.18,1.37,2.51,2,-0.13,0.020,1.00,0.25,40.6
5.42,ROLL,15.44,1.30,1.40,2,-0.13,0.020,1.00,0.25,42.1
5.52,ROLL,15.69,0.99,-0.16,2,-0.12,0.020,1.00,0.25,43.7
5.62,ROLL,15.94,0.55,-1.60,2,-0.12,0.056,1.00,0.25,45.2
5.72,ROLL,16.18,0.17,-2.31,2,-0.12,0.072,1.00,0.25,46.8
5.82,ROLL,16.40,-0.00,-2.10,2,-0.12,0.163,1.00,0.25,48.5
5.92,ROLL,16.62,0.13,-0.90,2,-0.11,0.254,1.00,0.25,50.1
6.02,ROLL,16.84,0.52,0.75,2,-0.11,0.271,1.00,0.25,51.8
6.12,ROLL,17.06,1.06,2.33,2,-0.12,0.245,1.00,0.25,53.5
6.22,ROLL,17.29,1.65,3.53,2,-0.11,0.228,1.00,0.25,55.2
6.32,ROLL,17.53,2.17,4.08,2,-0.11,0.227,1.00,0.25,57.0
6.42,ROLL,17.79,2.57,4.05,2,-0.09,0.237,1.00,0.25,58.7
6.52,ROLL,18.08,2.68,2.99,2,-0.08,0.273,1.00,0.25,60.5
6.62,ROLL,18.39,2.41,1.02,2,-0.07,0.427,1.00,0.25,62.3
6.72,ROLL,18.67,1.80,-1.42,2,-0.08,0.629,1.00,0.25,64.2
6.82,ROLL,18.91,1.21,-2.91,2,-0.08,0.700,1.00,0.25,66.1
6.92,ROLL,19.12,1.03,-2.46,2,-0.08,0.700,1.00,0.25,68.0
7.02,ROLL,19.34,1.29,-0.71,2,-0.08,0.700,1.00,0.25,69.9
7.12,ROLL,19.57,1.73,1.02,2,-0.08,0.700,1.00,0.25,71.8
7.22,ROLL,19.81,2.16,2.14,2,-0.08,0.700,1.00,0.25,73.8
7.32,ROLL,20.04,2.54,2.70,2,-0.08,0.700,1.00,0.25,75.8
7.42,ROLL,20.28,2.85,2.82,2,-0.07,0.700,1.00,0.25,77.8
7.52,ROLL,20.52,3.08,2.62,2,-0.07,0.700,1.00,0.25,79.9
7.62,ROLL,20.77,3.24,2.28,2,-0.06,0.700,1.00,0.25,81.9
7.72,LIFTOFF,21.03,3.40,2.06,0,-0.04,0.632,1.00,0.25,84.0
7.82,LIFTOFF,21.31,3.54,1.80,0,-0.03,0.437,1.00,0.25,86.1
7.92,LIFTOFF,21.59,3.58,1.33,0,-0.01,0.456,1.00,0.25,88.3
8.02,LIFTOFF,21.87,3.58,0.88,0,0.01,0.475,1.00,0.25,90.4
8.12,LIFTOFF,22.14,3.56,0.52,0,0.04,0.492,1.00,0.25,92.6
8.22,LIFTOFF,22.40,3.55,0.31,0,0.08,0.505,1.00,0.25,94.9
8.32,LIFTOFF,22.66,3.58,0.30,0,0.12,0.513,1.00,0.25,97.1
8.42,LIFTOFF,22.91,3.67,0.51,0,0.16,0.516,1.00,0.25,99.4
8.52,LIFTOFF,23.15,3.84,0.94,0,0.21,0.514,1.00,0.25,101.7
8.62,LIFTOFF,23.39,4.11,1.54,0,0.27,0.505,1.00,0.25,104.0
8.72,LIFTOFF,23.62,4.49,2.32,0,0.34,0.482,1.00,0.25,106.4
8.82,LIFTOFF,23.84,4.99,3.25,0,0.43,0.454,1.00,0.25,108.8
8.92,LIFTOFF,24.06,5.66,4.45,0,0.53,0.418,1.00,0.25,111.1
9.02,LIFTOFF,24.27,6.60,6.17,0,0.65,0.366,1.00,0.25,113.6
9.12,LIFTOFF,24.46,7.83,8.25,0,0.79,0.299,1.00,0.25,116.0
9.22,LIFTOFF,24.63,9.12,9.81,0,0.98,0.242,1.00,0.25,118.4
9.32,LIFTOFF,24.78,10.20,10.14,0,1.20,0.220,1.00,0.25,120.9
9.42,LIFTOFF,24.91,11.06,9.57,0,1.48,0.223,1.00,0.25,123.4
9.52,LIFTOFF,25.03,11.76,8.72,0,1.80,0.229,1.00,0.25,125.8
9.62,LIFTOFF,25.13,12.42,8.00,0,2.16,0.226,1.00,0.25,128.3
9.72,LIFTOFF,25.21,13.07,7.46,0,2.56,0.216,1.00,0.25,130.8
9.82,LIFTOFF,25.29,13.68,7.01,0,3.00,0.203,1.00,0.25,133.3
9.92,LIFTOFF,25.35,14.24,6.54,0,3.48,0.192,1.00,0.25,135.8
10.02,LIFTOFF,25.41,14.75,6.02,0,3.99,0.183,1.00,0.25,138.3
10.12,LIFTOFF,25.45,15.20,5.49,0,4.53,0.176,1.00,0.25,140.8
10.22,LIFTOFF,25.49,15.59,4.97,0,5.10,0.168,1.00,0.25,143.2
10.32,LIFTOFF,25.52,15.95,4.47,0,5.70,0.161,1.00,0.25,145.7
10.42,LIFTOFF,25.54,16.25,4.00,0,6.32,0.153,1.00,0.25,148.2
10.52,LIFTOFF,25.56,16.52,3.54,0,6.97,0.146,1.00,0.25,150.7
10.62,LIFTOFF,25.57,16.74,3.09,0,7.63,0.140,1.00,0.25,153.1
10.72,LIFTOFF,25.58,16.92,2.65,0,8.31,0.134,1.00,0.25,155.6
10.82,LIFTOFF,25.58,17.07,2.24,0,9.00,0.128,1.00,0.25,158.1
10.92,LIFTOFF,25.58,17.18,1.84,0,9.70,0.123,1.00,0.25,160.5
11.02,LIFTOFF,25.58,17.25,1.47,0,10.42,0.119,1.00,0.25,163.0
11.12,LIFTOFF,25.58,17.29,1.11,0,11.14,0.114,1.00,0.25,165.4
11.22,LIFTOFF,25.57,17.31,0.78,0,11.88,0.111,1.00,0.25,167.9
11.32,LIFTOFF,25.57,17.29,0.46,0,12.61,0.107,1.00,0.25,170.3
11.42,LIFTOFF,25.56,17.25,0.17,0,13.35,0.104,1.00,0.25,172.8
11.52,CLIMB,25.56,17.19,-0.11,0,14.09,0.083,1.00,0.25,175.2
11.62,CLIMB,25.56,17.06,-0.53,0,14.84,0.090,1.00,0.25,177.7
11.72,CLIMB,25.55,16.89,-0.92,0,15.58,0.100,1.00,0.25,180.1
11.82,CLIMB,25.55,16.75,-1.06,0,16.32,0.104,1.00,0.25,182.6
11.92,CLIMB,25.56,16.66,-1.02,0,17.05,0.102,1.00,0.25,185.0
12.02,CLIMB,25.56,16.58,-0.92,0,17.79,0.100,1.00,0.25,187.5
12.12,CLIMB,25.56,16.52,-0.84,0,18.51,0.099,1.00,0.25,189.9
12.22,CLIMB,25.57,16.45,-0.79,0,19.24,0.099,1.00,0.25,192.4
12.32,CLIMB,25.58,16.38,-0.76,0,19.96,0.100,1.00,0.25,194.8
12.42,CLIMB,25.58,16.31,-0.72,0,20.68,0.101,1.00,0.25,197.3
12.52,CLIMB,25.59,16.25,-0.68,0,21.40,0.101,1.00,0.25,199.7
12.62,CLIMB,25.60,16.20,-0.63,0,22.11,0.101,1.00,0.25,202.2
12.72,CLIMB,25.61,16.15,-0.59,0,22.82,0.101,1.00,0.25,204.6
12.82,CLIMB,25.62,16.09,-0.57,0,23.53,0.094,1.00,0.25,207.1
12.92,CLIMB,25.63,16.01,-0.67,0,24.24,0.088,1.00,0.25,209.6
13.02,CLIMB,25.65,15.88,-0.89,0,24.94,0.086,1.00,0.25,212.0
13.12,CLIMB,25.66,15.71,-1.15,0,25.64,0.085,1.00,0.25,214.5
13.22,CLIMB,25.68,15.53,-1.40,0,26.34,0.084,1.00,0.25,217.0
13.32,CLIMB,25.70,15.32,-1.61,0,27.03,0.082,1.00,0.25,219.4
13.42,CLIMB,25.72,15.11,-1.80,0,27.72,0.079,1.00,0.25,221.9
13.52,CLIMB,25.75,14.88,-1.97,0,28.40,0.079,1.00,0.24,224.4
13.62,CLIMB,25.78,14.64,-2.11,0,29.07,0.086,1.00,0.23,226.9
13.72,CLIMB,25.82,14.42,-2.15,0,29.73,0.091,1.00,0.22,229.4
13.82,CLIMB,25.86,14.21,-2.12,0,30.38,0.094,1.00,0.20,231.9
13.92,CLIMB,25.92,14.01,-2.07,0,31.02,0.096,1.00,0.19,234.4
14.02,CLIMB,25.98,13.82,-2.03,0,31.64,0.100,1.00,0.17,236.9
14.12,CLIMB,26.04,13.62,-2.00,0,32.25,0.104,1.00,0.16,239.4
14.22,CLIMB,26.12,13.43,-1.98,0,32.84,0.108,1.00,0.15,242.0
