t,phase,pitch,bank,V,vy,wet,Fy/W,spreader,comp,thr,de,aglG,vlat,da,dr
318.65,FINAL,1.96,-0.15,26.62,-2.163,0,0,0.003,0,0.042,-0.169,14.97,0.053,0,0
318.667,FINAL,1.96,-0.15,26.61,-2.164,0,0,0.003,0,0.042,-0.169,14.93,0.053,0,0
318.683,FINAL,1.96,-0.15,26.61,-2.166,0,0,0.003,0,0.042,-0.17,14.89,0.052,0,0
318.7,FINAL,1.95,-0.15,26.61,-2.167,0,0,0.003,0,0.042,-0.17,14.86,0.052,0,0
318.717,FINAL,1.95,-0.15,26.61,-2.168,0,0,0.003,0,0.042,-0.17,14.82,0.051,0,0
318.733,FINAL,1.95,-0.15,26.6,-2.169,0,0,0.003,0,0.042,-0.17,14.79,0.051,0,0
318.75,FINAL,1.95,-0.15,26.6,-2.171,0,0,0.003,0,0.042,-0.17,14.75,0.051,0,0
318.767,FINAL,1.95,-0.15,26.6,-2.172,0,0,0.003,0,0.042,-0.17,14.71,0.05,0,0
318.783,FINAL,1.95,-0.15,26.6,-2.173,0,0,0.003,0,0.042,-0.171,14.68,0.05,0,0
318.8,FINAL,1.95,-0.15,26.6,-2.175,0,0,0.003,0,0.042,-0.171,14.64,0.049,0,0
318.817,FINAL,1.95,-0.15,26.59,-2.176,0,0,0.003,0,0.042,-0.171,14.6,0.049,0,0
318.833,FINAL,1.94,-0.15,26.59,-2.177,0,0,0.003,0,0.042,-0.171,14.57,0.048,0,0
318.85,FINAL,1.94,-0.15,26.59,-2.178,0,0,0.003,0,0.042,-0.171,14.53,0.048,0,0
318.867,FINAL,1.94,-0.15,26.59,-2.18,0,0,0.003,0,0.042,-0.171,14.5,0.048,0,0
318.883,FINAL,1.94,-0.15,26.58,-2.181,0,0,0.003,0,0.042,-0.172,14.46,0.047,0,0
318.9,FINAL,1.94,-0.15,26.58,-2.182,0,0,0.003,0,0.042,-0.172,14.42,0.047,0,0
318.917,FINAL,1.94,-0.15,26.58,-2.183,0,0,0.003,0,0.042,-0.172,14.39,0.046,0,0
318.933,FINAL,1.94,-0.15,26.58,-2.184,0,0,0.003,0,0.042,-0.172,14.35,0.046,0,0
318.95,FINAL,1.93,-0.15,26.58,-2.186,0,0,0.003,0,0.042,-0.172,14.31,0.045,0,0
318.967,FINAL,1.93,-0.15,26.57,-2.187,0,0,0.003,0,0.042,-0.173,14.28,0.045,0,0
318.983,FINAL,1.93,-0.15,26.57,-2.188,0,0,0.003,0,0.042,-0.173,14.24,0.045,0,0
319,FINAL,1.93,-0.15,26.57,-2.189,0,0,0.003,0,0.042,-0.173,14.2,0.044,0,0
319.017,FINAL,1.93,-0.15,26.57,-2.191,0,0,0.003,0,0.042,-0.173,14.17,0.044,0,0
319.033,FINAL,1.93,-0.15,26.57,-2.192,0,0,0.003,0,0.042,-0.173,14.13,0.043,0,0
319.05,FINAL,1.93,-0.15,26.56,-2.193,0,0,0.003,0,0.042,-0.173,14.09,0.043,0,0
319.067,FINAL,1.93,-0.15,26.56,-2.194,0,0,0.003,0,0.042,-0.174,14.06,0.042,0,0
319.083,FINAL,1.92,-0.15,26.56,-2.195,0,0,0.003,0,0.042,-0.174,14.02,0.042,0,0
319.1,FINAL,1.92,-0.15,26.56,-2.197,0,0,0.003,0,0.042,-0.174,13.99,0.042,0,0
319.117,FINAL,1.92,-0.15,26.56,-2.198,0,0,0.003,0,0.042,-0.174,13.95,0.041,0,0
319.133,FINAL,1.92,-0.15,26.55,-2.199,0,0,0.003,0,0.042,-0.174,13.91,0.041,0,0
319.15,FINAL,1.92,-0.15,26.55,-2.2,0,0,0.003,0,0.042,-0.174,13.88,0.04,0,0
319.167,FINAL,1.92,-0.15,26.55,-2.202,0,0,0.003,0,0.042,-0.175,13.84,0.04,0,0
319.183,FINAL,1.92,-0.15,26.55,-2.203,0,0,0.003,0,0.042,-0.175,13.8,0.039,0,0
319.2,FINAL,1.91,-0.15,26.55,-2.204,0,0,0.003,0,0.042,-0.175,13.77,0.039,0,0
319.217,FINAL,1.91,-0.15,26.54,-2.205,0,0,0.003,0,0.042,-0.175,13.73,0.039,0,0
319.233,FINAL,1.91,-0.15,26.54,-2.206,0,0,0.003,0,0.042,-0.175,13.69,0.038,0,0
319.25,FINAL,1.91,-0.15,26.54,-2.208,0,0,0.003,0,0.042,-0.176,13.65,0.038,0,0
319.267,FINAL,1.91,-0.15,26.54,-2.209,0,0,0.003,0,0.042,-0.176,13.62,0.037,0,0
319.283,FINAL,1.91,-0.15,26.54,-2.21,0,0,0.003,0,0.042,-0.176,13.58,0.037,0,0
319.3,FINAL,1.91,-0.15,26.53,-2.211,0,0,0.003,0,0.042,-0.176,13.54,0.037,0,0
319.317,FINAL,1.9,-0.15,26.53,-2.212,0,0,0.003,0,0.042,-0.176,13.51,0.036,0,0
319.333,FINAL,1.9,-0.15,26.53,-2.213,0,0,0.003,0,0.042,-0.176,13.47,0.036,0,0
319.35,FINAL,1.9,-0.15,26.53,-2.215,0,0,0.003,0,0.042,-0.177,13.43,0.035,0,0
319.367,FINAL,1.9,-0.15,26.53,-2.216,0,0,0.003,0,0.042,-0.177,13.4,0.035,0,0
319.383,FINAL,1.9,-0.15,26.52,-2.217,0,0,0.003,0,0.042,-0.177,13.36,0.034,0,0
319.4,FINAL,1.9,-0.15,26.52,-2.218,0,0,0.003,0,0.042,-0.177,13.32,0.034,0,0
319.417,FINAL,1.9,-0.15,26.52,-2.219,0,0,0.003,0,0.042,-0.177,13.29,0.034,0,0
319.433,FINAL,1.9,-0.15,26.52,-2.221,0,0,0.003,0,0.042,-0.177,13.25,0.033,0,0
319.45,FINAL,1.89,-0.15,26.52,-2.222,0,0,0.003,0,0.042,-0.178,13.21,0.033,0,0
319.467,FINAL,1.89,-0.15,26.51,-2.223,0,0,0.003,0,0.042,-0.178,13.18,0.032,0,0
319.483,FINAL,1.89,-0.15,26.51,-2.224,0,0,0.003,0,0.042,-0.178,13.14,0.032,0,0
319.5,FINAL,1.89,-0.15,26.51,-2.225,0,0,0.003,0,0.042,-0.178,13.1,0.031,0,0
319.517,FINAL,1.89,-0.15,26.51,-2.226,0,0,0.003,0,0.042,-0.178,13.06,0.031,0,0
319.533,FINAL,1.89,-0.15,26.51,-2.228,0,0,0.003,0,0.042,-0.179,13.03,0.031,0,0
319.55,FINAL,1.89,-0.15,26.5,-2.229,0,0,0.003,0,0.042,-0.179,12.99,0.03,0,0
319.567,FINAL,1.88,-0.15,26.5,-2.23,0,0,0.003,0,0.042,-0.179,12.95,0.03,0,0
319.583,FINAL,1.88,-0.15,26.5,-2.231,0,0,0.003,0,0.042,-0.179,12.92,0.029,0,0
319.6,FINAL,1.88,-0.15,26.5,-2.232,0,0,0.003,0,0.042,-0.179,12.88,0.029,0,0
319.617,FINAL,1.88,-0.15,26.5,-2.233,0,0,0.003,0,0.042,-0.179,12.84,0.029,0,0
319.633,FINAL,1.88,-0.15,26.49,-2.234,0,0,0.003,0,0.042,-0.18,12.8,0.028,0,0
319.65,FINAL,1.88,-0.15,26.49,-2.236,0,0,0.003,0,0.042,-0.18,12.77,0.028,0,0
319.667,FINAL,1.88,-0.15,26.49,-2.237,0,0,0.003,0,0.042,-0.18,12.73,0.027,0,0
319.683,FINAL,1.88,-0.15,26.49,-2.238,0,0,0.003,0,0.042,-0.18,12.69,0.027,0,0
319.7,FINAL,1.87,-0.15,26.49,-2.239,0,0,0.003,0,0.042,-0.18,12.65,0.027,0,0
319.717,FINAL,1.87,-0.14,26.48,-2.24,0,0,0.003,0,0.042,-0.18,12.62,0.026,0,0
319.733,FINAL,1.87,-0.14,26.48,-2.241,0,0,0.003,0,0.042,-0.181,12.58,0.026,0,0
319.75,FINAL,1.87,-0.14,26.48,-2.242,0,0,0.003,0,0.042,-0.181,12.54,0.025,0,0
319.767,FINAL,1.87,-0.14,26.48,-2.244,0,0,0.003,0,0.042,-0.181,12.51,0.025,0,0
319.783,FINAL,1.87,-0.14,26.48,-2.245,0,0,0.003,0,0.042,-0.181,12.47,0.024,0,0
319.8,FINAL,1.87,-0.14,26.48,-2.246,0,0,0.003,0,0.042,-0.181,12.43,0.024,0,0
319.817,FINAL,1.86,-0.14,26.47,-2.247,0,0,0.003,0,0.042,-0.181,12.39,0.024,0,0
319.833,FINAL,1.86,-0.14,26.47,-2.248,0,0,0.003,0,0.042,-0.182,12.36,0.023,0,0
319.85,FINAL,1.86,-0.14,26.47,-2.249,0,0,0.003,0,0.042,-0.182,12.32,0.023,0,0
319.867,FINAL,1.86,-0.14,26.47,-2.25,0,0,0.003,0,0.042,-0.182,12.28,0.022,0,0
319.883,FINAL,1.86,-0.14,26.47,-2.251,0,0,0.003,0,0.042,-0.182,12.24,0.022,0,0
319.9,FINAL,1.86,-0.14,26.46,-2.253,0,0,0.003,0,0.042,-0.182,12.21,0.022,0,0
319.917,FINAL,1.86,-0.14,26.46,-2.254,0,0,0.003,0,0.042,-0.183,12.17,0.021,0,0
319.933,FINAL,1.85,-0.14,26.46,-2.255,0,0,0.003,0,0.042,-0.183,12.13,0.021,0,0
319.95,FINAL,1.85,-0.14,26.46,-2.256,0,0,0.003,0,0.042,-0.183,12.09,0.02,0,0
319.967,FINAL,1.85,-0.14,26.46,-2.257,0,0,0.003,0,0.042,-0.183,12.06,0.02,0,0
319.983,FINAL,1.85,-0.14,26.46,-2.258,0,0,0.003,0,0.042,-0.183,12.02,0.02,0,0
320,FINAL,1.85,-0.14,26.45,-2.259,0,0,0.003,0,0.042,-0.183,11.98,0.019,0,0
320.017,FINAL,1.85,-0.14,26.45,-2.26,0,0,0.003,0,0.042,-0.184,11.94,0.019,0,0
320.033,FINAL,1.85,-0.14,26.45,-2.261,0,0,0.003,0,0.042,-0.184,11.91,0.018,0,0
320.05,FINAL,1.85,-0.14,26.45,-2.263,0,0,0.003,0,0.042,-0.184,11.87,0.018,0,0
320.067,FINAL,1.84,-0.14,26.45,-2.264,0,0,0.003,0,0.042,-0.184,11.83,0.018,0,0
320.083,FINAL,1.84,-0.14,26.45,-2.265,0,0,0.003,0,0.042,-0.184,11.79,0.017,0,0
320.1,FINAL,1.84,-0.14,26.44,-2.266,0,0,0.003,0,0.042,-0.184,11.75,0.017,0,0
320.117,FINAL,1.84,-0.14,26.44,-2.267,0,0,0.003,0,0.042,-0.185,11.72,0.016,0,0
320.133,FINAL,1.84,-0.14,26.44,-2.268,0,0,0.003,0,0.042,-0.185,11.68,0.016,0,0
320.15,FINAL,1.84,-0.14,26.44,-2.269,0,0,0.003,0,0.042,-0.185,11.64,0.016,0,0
320.167,FINAL,1.84,-0.14,26.44,-2.27,0,0,0.003,0,0.042,-0.185,11.6,0.015,0,0
320.183,FINAL,1.83,-0.14,26.44,-2.271,0,0,0.003,0,0.042,-0.185,11.57,0.015,0,0
320.2,FINAL,1.83,-0.14,26.43,-2.272,0,0,0.003,0,0.042,-0.185,11.53,0.014,0,0
320.217,FINAL,1.83,-0.14,26.43,-2.273,0,0,0.003,0,0.042,-0.186,11.49,0.014,0,0
320.233,FINAL,1.83,-0.14,26.43,-2.274,0,0,0.003,0,0.042,-0.186,11.45,0.014,0,0
320.25,FINAL,1.83,-0.14,26.43,-2.276,0,0,0.003,0,0.042,-0.186,11.41,0.013,0,0
320.267,FINAL,1.83,-0.14,26.43,-2.277,0,0,0.003,0,0.042,-0.186,11.38,0.013,0,0
320.283,FINAL,1.83,-0.14,26.43,-2.278,0,0,0.003,0,0.042,-0.186,11.34,0.012,0,0
320.3,FINAL,1.82,-0.14,26.42,-2.279,0,0,0.003,0,0.042,-0.187,11.3,0.012,0,0
320.317,FINAL,1.82,-0.14,26.42,-2.28,0,0,0.003,0,0.042,-0.187,11.26,0.012,0,0
320.333,FINAL,1.82,-0.14,26.42,-2.281,0,0,0.003,0,0.042,-0.187,11.22,0.011,0,0
320.35,FINAL,1.82,-0.14,26.42,-2.282,0,0,0.003,0,0.042,-0.187,11.19,0.011,0,0
320.367,FINAL,1.82,-0.14,26.42,-2.283,0,0,0.003,0,0.042,-0.187,11.15,0.01,0,0
320.383,FINAL,1.82,-0.14,26.42,-2.284,0,0,0.003,0,0.042,-0.187,11.11,0.01,0,0
320.4,FINAL,1.82,-0.14,26.41,-2.285,0,0,0.003,0,0.042,-0.188,11.07,0.01,0,0
320.417,FINAL,1.82,-0.14,26.41,-2.286,0,0,0.003,0,0.042,-0.188,11.03,0.009,0,0
320.433,FINAL,1.81,-0.14,26.41,-2.287,0,0,0.003,0,0.042,-0.188,11,0.009,0,0
320.45,FINAL,1.81,-0.14,26.41,-2.288,0,0,0.003,0,0.042,-0.188,10.96,0.008,0,0
320.467,FINAL,1.81,-0.14,26.41,-2.289,0,0,0.003,0,0.042,-0.188,10.92,0.008,0,0
320.483,FINAL,1.81,-0.14,26.41,-2.29,0,0,0.003,0,0.042,-0.188,10.88,0.008,0,0
320.5,FINAL,1.81,-0.14,26.4,-2.291,0,0,0.003,0,0.042,-0.189,10.84,0.007,0,0
320.517,FINAL,1.81,-0.13,26.4,-2.293,0,0,0.003,0,0.042,-0.189,10.81,0.007,0,0
320.533,FINAL,1.81,-0.13,26.4,-2.294,0,0,0.003,0,0.042,-0.189,10.77,0.007,0,0
320.55,FINAL,1.8,-0.13,26.4,-2.295,0,0,0.003,0,0.042,-0.189,10.73,0.006,0,0
320.567,FINAL,1.8,-0.13,26.4,-2.296,0,0,0.003,0,0.042,-0.189,10.69,0.006,0,0
320.583,FINAL,1.8,-0.13,26.4,-2.297,0,0,0.003,0,0.042,-0.189,10.65,0.005,0,0
320.6,FINAL,1.8,-0.13,26.4,-2.298,0,0,0.003,0,0.042,-0.19,10.61,0.005,0,0
320.617,FINAL,1.8,-0.13,26.39,-2.299,0,0,0.003,0,0.042,-0.19,10.58,0.005,0,0
320.633,FINAL,1.8,-0.13,26.39,-2.3,0,0,0.003,0,0.042,-0.19,10.54,0.004,0,0
320.65,FINAL,1.8,-0.13,26.39,-2.301,0,0,0.003,0,0.042,-0.19,10.5,0.004,0,0
320.667,FINAL,1.8,-0.13,26.39,-2.302,0,0,0.003,0,0.042,-0.19,10.46,0.004,0,0
320.683,FINAL,1.79,-0.13,26.39,-2.303,0,0,0.003,0,0.042,-0.191,10.42,0.003,0,0
320.7,FINAL,1.79,-0.13,26.39,-2.304,0,0,0.003,0,0.042,-0.191,10.38,0.003,0,0
320.717,FINAL,1.79,-0.13,26.38,-2.305,0,0,0.003,0,0.042,-0.191,10.35,0.002,0,0
320.733,FINAL,1.79,-0.13,26.38,-2.306,0,0,0.003,0,0.042,-0.191,10.31,0.002,0,0
320.75,FINAL,1.78,-0.13,26.38,-2.308,0,0,0.004,0,0.042,-0.19,10.27,0.002,0,0
320.767,FINAL,1.71,-0.13,26.38,-2.311,0,0,0.006,0,0.042,-0.181,10.23,0.001,0,0
320.783,FINAL,1.57,-0.13,26.38,-2.315,0,0,0.005,0,0.042,-0.163,10.19,0.001,0,0
320.8,FINAL,1.4,-0.13,26.38,-2.321,0,0,0.005,0,0.042,-0.145,10.15,0.001,0,0
320.817,FINAL,1.24,-0.13,26.38,-2.329,0,0,0.005,0,0.042,-0.129,10.11,0,0,0
320.833,FINAL,1.12,-0.13,26.38,-2.341,0,0,0.005,0,0.042,-0.122,10.08,0,0,0
320.85,FINAL,1.02,-0.13,26.37,-2.357,0,0,0.003,0,0.042,-0.117,10.04,0,0,0
320.867,FINAL,0.91,-0.13,26.37,-2.377,0,0,0.002,0,0.042,-0.112,10,-0.001,0,0
320.883,FINAL,0.75,-0.13,26.37,-2.4,0,0,0.003,0,0.042,-0.101,9.96,-0.001,0,0
320.9,FINAL,0.52,-0.13,26.37,-2.427,0,0,0.003,0,0.042,-0.083,9.92,-0.001,0,0
320.917,FINAL,0.23,-0.13,26.37,-2.457,0,0,0.004,0,0.042,-0.064,9.88,-0.002,0,0
320.933,FINAL,-0.11,-0.13,26.37,-2.489,0,0,0.004,0,0.042,-0.046,9.84,-0.002,0,0
320.95,FINAL,-0.45,-0.13,26.37,-2.527,0,0,0.003,0,0.042,-0.027,9.8,-0.002,0,0
320.967,FINAL,-0.78,-0.13,26.37,-2.569,0,0,0.002,0,0.042,-0.009,9.75,-0.003,0,0
320.983,FINAL,-1.09,-0.13,26.37,-2.617,0,0,0.002,0,0.042,0.009,9.71,-0.003,0,0
321,FINAL,-1.38,-0.13,26.37,-2.67,0,0,0.001,0,0.042,0.028,9.67,-0.003,0,0
321.017,FINAL,-1.67,-0.13,26.37,-2.727,0,0,0.001,0,0.042,0.046,9.62,-0.003,0,0
321.033,FINAL,-1.98,-0.13,26.37,-2.788,0,0,0.002,0,0.042,0.065,9.58,-0.004,0,0
321.05,FINAL,-2.32,-0.13,26.37,-2.852,0,0,0.002,0,0.042,0.079,9.53,-0.004,0,0
321.067,FINAL,-2.68,-0.13,26.37,-2.919,0,0,0.002,0,0.042,0.095,9.49,-0.004,0,0
321.083,FINAL,-3.05,-0.13,26.37,-2.99,0,0,0.001,0,0.042,0.111,9.44,-0.004,0,0
321.1,FINAL,-3.43,-0.13,26.37,-3.065,0,0,0.002,0,0.042,0.126,9.39,-0.004,0,0
321.117,FINAL,-3.8,-0.13,26.37,-3.143,0,0,0.001,0,0.042,0.138,9.34,-0.005,0,0
321.133,FINAL,-4.14,-0.13,26.37,-3.226,0,0,0.001,0,0.042,0.145,9.29,-0.005,0,0
321.15,FINAL,-4.46,-0.13,26.37,-3.311,0,0,0.001,0,0.042,0.149,9.23,-0.005,0,0
321.167,FINAL,-4.77,-0.13,26.38,-3.398,0,0,0.001,0,0.042,0.151,9.18,-0.005,0,0
321.183,FINAL,-5.06,-0.13,26.38,-3.487,0,0,0.001,0,0.042,0.152,9.12,-0.005,0,0
321.2,FINAL,-5.36,-0.12,26.38,-3.578,0,0,0.001,0,0.042,0.154,9.07,-0.005,0,0
321.217,FINAL,-5.67,-0.12,26.38,-3.67,0,0,0.001,0,0.042,0.157,9.01,-0.006,0,0
321.233,FINAL,-5.98,-0.12,26.38,-3.764,0,0,0.001,0,0.042,0.161,8.95,-0.006,0,0
321.25,FINAL,-6.29,-0.12,26.38,-3.86,0,0,0.001,0,0.042,0.165,8.89,-0.006,0,0
321.267,FINAL,-6.59,-0.12,26.38,-3.958,0,0,0.001,0,0.042,0.167,8.82,-0.006,0,0
321.283,FINAL,-6.87,-0.12,26.38,-4.056,0,0,0.001,0,0.042,0.166,8.76,-0.006,0,0
321.3,FINAL,-7.12,-0.13,26.38,-4.156,0,0,0.001,0,0.042,0.163,8.69,-0.006,0,0
321.317,FINAL,-7.35,-0.13,26.39,-4.256,0,0,0.001,0,0.042,0.161,8.62,-0.006,0,0
321.333,FINAL,-7.57,-0.13,26.39,-4.356,0,0,0.001,0,0.042,0.158,8.55,-0.007,0,0
321.35,FINAL,-7.78,-0.13,26.39,-4.456,0,0,0.001,0,0.042,0.156,8.48,-0.007,0,0
321.367,FINAL,-8,-0.13,26.39,-4.556,0,0,0.001,0,0.042,0.155,8.41,-0.007,0,0
321.383,FINAL,-8.22,-0.13,26.39,-4.657,0,0,0.001,0,0.042,0.156,8.33,-0.007,0,0
321.4,FINAL,-8.44,-0.13,26.4,-4.758,0,0,0.001,0,0.042,0.158,8.25,-0.007,0,0
321.417,FINAL,-8.64,-0.13,26.4,-4.858,0,0,0.001,0,0.042,0.158,8.18,-0.007,0,0
321.433,FINAL,-8.83,-0.13,26.4,-4.959,0,0,0.001,0,0.042,0.157,8.1,-0.007,0,0
321.45,FINAL,-9,-0.13,26.4,-5.058,0,0,0.001,0,0.042,0.154,8.01,-0.008,0,0
321.467,FINAL,-9.14,-0.13,26.41,-5.157,0,0,0.001,0,0.042,0.15,7.93,-0.008,0,0
321.483,FINAL,-9.28,-0.13,26.41,-5.256,0,0,0.001,0,0.042,0.146,7.85,-0.008,0,0
321.5,FINAL,-9.42,-0.13,26.42,-5.354,0,0,0.001,0,0.042,0.143,7.76,-0.008,0,0
321.517,FINAL,-9.55,-0.13,26.42,-5.45,0,0,0.001,0,0.042,0.142,7.67,-0.008,0,0
321.533,FINAL,-9.69,-0.13,26.43,-5.546,0,0,0.001,0,0.042,0.142,7.58,-0.008,0,0
321.55,FINAL,-9.83,-0.13,26.43,-5.641,0,0,0.001,0,0.042,0.142,7.49,-0.008,0,0
321.567,FINAL,-9.96,-0.13,26.44,-5.734,0,0,0.001,0,0.042,0.142,7.4,-0.009,0,0
321.583,FINAL,-10.07,-0.13,26.44,-5.827,0,0,0.001,0,0.042,0.14,7.3,-0.009,0,0
321.6,FINAL,-10.16,-0.13,26.45,-5.918,0,0,0.001,0,0.042,0.137,7.2,-0.009,0,0
321.617,FINAL,-10.24,-0.13,26.45,-6.009,0,0,0.001,0,0.042,0.133,7.11,-0.009,0,0
321.633,FINAL,-10.31,-0.13,26.46,-6.098,0,0,0.001,0,0.042,0.13,7.01,-0.009,0,0
321.65,FLARE,-10.39,-0.13,26.47,-6.185,0,0,0.001,0,0.042,0.128,6.91,-0.009,0,0
321.667,FLARE,-10.46,-0.13,26.47,-6.271,0,0,0.001,0,0,0.147,6.8,-0.01,0,0
321.683,FLARE,-10.53,-0.13,26.48,-6.356,0,0,0.001,0,0,0.165,6.7,-0.01,0,0
321.7,FLARE,-10.6,-0.13,26.49,-6.44,0,0,0.001,0,0,0.184,6.59,-0.01,0,0
321.717,FLARE,-10.65,-0.13,26.49,-6.522,0,0,0.001,0,0,0.202,6.49,-0.01,0,0
321.733,FLARE,-10.68,-0.13,26.5,-6.604,0,0,0.001,0,0,0.22,6.38,-0.01,0,0
321.75,FLARE,-10.7,-0.13,26.51,-6.684,0,0,0.001,0,0,0.239,6.27,-0.01,0,0
321.767,FLARE,-10.7,-0.13,26.51,-6.763,0,0,0.001,0,0,0.257,6.16,-0.011,0,0
321.783,FLARE,-10.69,-0.13,26.52,-6.84,0,0,0.001,0,0,0.276,6.05,-0.011,0,0
321.8,FLARE,-10.67,-0.13,26.53,-6.915,0,0,0.001,0,0,0.294,5.93,-0.011,0,0
321.817,FLARE,-10.64,-0.13,26.54,-6.987,0,0,0.001,0,0,0.3,5.82,-0.011,0,0
321.833,FLARE,-10.6,-0.13,26.55,-7.057,0,0,0.001,0,0.008,0.302,5.7,-0.011,0,0
321.85,FLARE,-10.55,-0.13,26.56,-7.123,0,0,0.001,0,0.017,0.304,5.59,-0.012,0,0
321.867,FLARE,-10.47,-0.13,26.57,-7.186,0,0,0.001,0,0.025,0.299,5.47,-0.012,0,0
321.883,FLARE,-10.38,-0.13,26.59,-7.246,0,0,0.001,0,0.025,0.287,5.35,-0.012,0,0
321.9,FLARE,-10.27,-0.13,26.6,-7.301,0,0,0.001,0,0.025,0.274,5.23,-0.012,0,0
321.917,FLARE,-10.14,-0.13,26.61,-7.352,0,0,0.001,0,0.025,0.26,5.11,-0.013,0,0
321.933,FLARE,-9.99,-0.13,26.63,-7.399,0,0,0.003,0,0.025,0.245,4.99,-0.013,0,0
321.95,FLARE,-9.84,-0.13,26.65,-7.442,0,0,0.003,0,0.025,0.232,4.86,-0.013,0,0
321.967,FLARE,-9.73,-0.13,26.67,-7.481,0,0,0.003,0,0.025,0.227,4.74,-0.014,0,0
321.983,FLARE,-9.65,-0.13,26.68,-7.517,0,0,0.003,0,0.025,0.226,4.61,-0.014,0,0
322,FLARE,-9.57,-0.13,26.7,-7.549,0,0,0.003,0,0.025,0.225,4.49,-0.014,0,0
322.017,FLARE,-9.45,-0.12,26.72,-7.579,0,0,0.003,0,0.025,0.219,4.36,-0.014,0,0
322.033,FLARE,-9.31,-0.12,26.74,-7.606,0,0,0.003,0,0.021,0.211,4.24,-0.015,0,0
322.05,FLARE,-9.15,-0.12,26.76,-7.632,0,0,0.002,0,0.017,0.201,4.11,-0.015,0,0
322.067,FLARE,-9.01,-0.12,26.78,-7.655,0,0,0.003,0,0.013,0.193,3.98,-0.015,0,0
322.083,FLARE,-8.89,-0.12,26.8,-7.677,0,0,0.003,0,0.008,0.191,3.86,-0.016,0,0
322.1,FLARE,-8.81,-0.12,26.82,-7.697,0,0,0.003,0,0.004,0.195,3.73,-0.016,0,0
322.117,FLARE,-8.78,-0.12,26.84,-7.715,0,0,0.004,0,0,0.204,3.6,-0.016,0,0
322.133,FLARE,-8.76,-0.12,26.86,-7.732,0,0,0.004,0,0,0.215,3.47,-0.017,0,0
322.15,FLARE,-8.75,-0.12,26.89,-7.748,0,0,0.003,0,0,0.225,3.34,-0.017,0,0
322.167,FLARE,-8.73,-0.12,26.91,-7.765,0,0,0.002,0,0,0.233,3.21,-0.017,0,0
322.183,FLARE,-8.7,-0.12,26.93,-7.782,0,0,0.002,0,0,0.237,3.09,-0.018,0,0
322.2,FLARE,-8.66,-0.12,26.95,-7.799,0,0,0.002,0,0,0.241,2.96,-0.018,0,0
322.217,FLARE,-8.64,-0.12,26.97,-7.817,0,0,0.002,0,0,0.246,2.83,-0.018,0,0
322.233,FLARE,-8.63,-0.12,26.99,-7.834,0,0,0.003,0,0,0.253,2.7,-0.019,0,0
322.25,FLARE,-8.65,-0.12,27.01,-7.85,0,0,0.003,0,0,0.263,2.57,-0.019,0,0
322.267,FLARE,-8.7,-0.12,27.03,-7.867,0,0,0.003,0,0,0.275,2.43,-0.019,0,0
322.283,FLARE,-8.75,-0.12,27.05,-7.885,0,0,0.002,0,0,0.288,2.3,-0.02,0,0
322.3,FLARE,-8.82,-0.12,27.07,-7.904,0,0,0.002,0,0,0.301,2.17,-0.02,0,0
322.317,FLARE,-8.88,-0.12,27.09,-7.924,0,0,0.002,0,0.008,0.311,2.04,-0.02,0,0
322.333,FLARE,-8.93,-0.12,27.11,-7.945,0,0,0.002,0,0.017,0.319,1.91,-0.021,0,0
322.35,FLARE,-8.98,-0.12,27.13,-7.967,0,0,0.002,0,0.025,0.326,1.78,-0.021,0,0
322.367,FLARE,-9.02,-0.12,27.15,-7.99,0,0,0.002,0,0.033,0.332,1.64,-0.021,0,0
322.383,FLARE,-9.07,-0.12,27.18,-8.013,0,0,0.002,0,0.042,0.338,1.51,-0.022,0,0
322.4,FLARE,-9.14,-0.12,27.2,-8.036,0,0,0.002,0,0.05,0.346,1.38,-0.022,0,0
322.417,FLARE,-9.21,-0.12,27.22,-8.061,0,0,0.002,0,0.058,0.35,1.24,-0.022,0,0
322.433,FLARE,-9.3,-0.12,27.24,-8.086,0,0,0.002,0,0.067,0.35,1.11,-0.023,0,0
322.45,FLARE,-9.39,-0.11,27.27,-8.111,0,0,0.002,0,0.075,0.35,0.98,-0.023,0,0
322.467,FLARE,-9.47,-0.11,27.29,-8.138,0,0,0.002,0,0.083,0.35,0.84,-0.023,0,0
322.483,FLARE,-9.55,-0.11,27.31,-8.165,0,0,0.002,0,0.092,0.35,0.71,-0.023,0,0
322.5,FLARE,-9.61,-0.11,27.34,-8.192,0,0,0.002,0,0.1,0.35,0.57,-0.024,0,0
322.517,FLARE,-9.67,-0.11,27.28,-7.551,2,3.707,0.19,0,0.108,0.35,0.43,-0.027,0,0
322.533,ROLLOUT,-9.69,-0.1,27.11,-6.798,2,5.746,0.259,0,0,0.332,0.3,-0.027,0.001,0
322.55,ROLLOUT,-9.42,-0.07,26.76,-5.764,2,7.038,0.259,0,0,0.332,0.18,-0.023,0,0.018
322.567,ROLLOUT,-8.66,-0.09,26.31,-4.341,2,9.693,0.307,0,0,0.314,0.08,-0.024,0,0.036
322.583,ROLLOUT,-7.37,-0.1,25.72,-3.06,2,7.479,0.307,0,0,0.295,-0.01,-0.026,0,0.055
322.6,ROLLOUT,-5.21,-0.06,25.09,-1.988,2,5.793,0.273,0,0,0.277,-0.07,-0.025,0,0.073
322.617,ROLLOUT,-2.56,-0.02,24.57,-1.279,2,3.759,0.287,0,0,0.258,-0.11,-0.02,0,0.092
322.633,ROLLOUT,0.09,0,24.25,-0.815,2,2.432,0.269,0,0,0.24,-0.14,-0.012,0,0.11
322.65,ROLLOUT,2.84,-0.01,24.02,-0.459,2,2.222,0.157,0,0,0.222,-0.15,-0.006,0,0.117
322.667,ROLLOUT,5.63,0,23.81,-0.018,2,2.941,0.074,0,0,0.203,-0.16,0.001,0,0.106
322.683,ROLLOUT,8.4,0,23.56,0.571,2,3.579,0.072,0,0,0.185,-0.17,0.007,0,0.097
322.7,ROLLOUT,11.25,-0.01,23.3,1.213,2,3.761,0.062,0,0,0.166,-0.16,0.013,0,0.092
322.717,ROLLOUT,14.21,-0.01,22.99,1.911,2,4.185,0.086,0,0,0.148,-0.15,0.018,0,0.094
322.733,ROLLOUT,17.16,0,22.64,2.612,2,4.319,0.089,0,0,0.129,-0.12,0.02,0,0.091
322.75,ROLLOUT,19.95,-0.01,22.27,3.273,2,4.015,0.074,0,0,0.111,-0.09,0.021,0,0.089
322.767,ROLLOUT,22.57,-0.04,21.9,3.861,2,3.449,0.073,0,0,0.093,-0.04,0.021,0,0.081
322.783,ROLLOUT,24.97,-0.06,21.57,4.299,2,2.6,0.073,0,0,0.074,0.02,0.02,0,0.072
322.8,ROLLOUT,27.12,-0.05,21.32,4.565,2,1.258,0.043,0,0,0.056,0.09,0.017,0,0.056
322.817,ROLLOUT,29.08,-0.06,21.19,4.613,0,0.133,0.031,0,0,0.037,0.17,0.016,0,0.043
322.833,ROLLOUT,30.96,-0.1,21.1,4.578,0,0,0.014,0,0,0.019,0.24,0.016,-0.001,0.024
322.85,ROLLOUT,32.85,-0.15,21.01,4.547,0,0,0.016,0,0,0,0.32,0.016,-0.004,0.022
322.867,ROLLOUT,34.78,-0.16,20.9,4.522,0,0,0.014,0,0,-0.018,0.4,0.016,-0.011,0.021
322.883,ROLLOUT,36.82,-0.15,20.78,4.5,0,0,0.011,0,0,-0.036,0.47,0.016,-0.012,0.021
322.9,ROLLOUT,38.94,-0.16,20.66,4.479,0,0,0.009,0,0,-0.055,0.55,0.015,-0.011,0.021
322.917,ROLLOUT,40.99,-0.2,20.53,4.455,0,0,0.004,0,0,-0.073,0.62,0.015,-0.008,0.021
322.933,ROLLOUT,42.86,-0.22,20.4,4.428,0,0,0.006,0,0,-0.092,0.7,0.015,-0.006,0.021
322.95,ROLLOUT,44.54,-0.23,20.26,4.4,0,0,0.012,0,0,-0.11,0.77,0.015,-0.006,0.02
322.967,ROLLOUT,46.05,-0.25,20.11,4.37,0,0,0.016,0,0,-0.129,0.84,0.014,-0.005,0.018
322.983,ROLLOUT,47.45,-0.29,19.95,4.339,0,0,0.015,0,0,-0.147,0.92,0.014,-0.002,0.015
323,ROLLOUT,48.84,-0.33,19.79,4.308,0,0,0.01,0,0,-0.165,0.99,0.013,0,0.012
323.017,ROLLOUT,50.28,-0.37,19.62,4.273,0,0,0.009,0,0,-0.184,1.06,0.012,0.003,0.008
323.033,ROLLOUT,51.74,-0.4,19.46,4.233,0,0,0.008,0,0,-0.202,1.13,0.012,0.005,0.006
323.05,ROLLOUT,53.15,-0.43,19.29,4.188,0,0,0.004,0,0,-0.221,1.2,0.011,0.005,0.005
323.067,ROLLOUT,54.48,-0.44,19.12,4.139,0,0,0.009,0,0,-0.239,1.27,0.01,0.005,0.005
323.083,ROLLOUT,55.68,-0.46,18.95,4.086,0,0,0.011,0,0,-0.258,1.34,0.009,0.006,0.006
323.1,ROLLOUT,56.74,-0.48,18.77,4.03,0,0,0.011,0,0,-0.276,1.41,0.009,0.006,0.007
323.117,ROLLOUT,57.68,-0.49,18.59,3.971,0,0,0.008,0,0,-0.295,1.48,0.008,0.006,0.008
323.133,ROLLOUT,58.57,-0.51,18.41,3.909,0,0,0.009,0,0,-0.3,1.55,0.007,0.006,0.007
323.15,ROLLOUT,59.42,-0.53,18.24,3.844,0,0,0.008,0,0,-0.3,1.61,0.006,0.007,0.004
323.167,ROLLOUT,60.22,-0.57,18.06,3.774,0,0,0.005,0,0,-0.3,1.68,0.005,0.01,0
323.183,ROLLOUT,61,-0.64,17.88,3.7,0,0,0.006,0,0,-0.3,1.74,0.005,0.013,-0.005
323.2,ROLLOUT,61.74,-0.69,17.71,3.623,0,0,0.007,0,0,-0.3,1.8,0.004,0.016,-0.009
323.217,ROLLOUT,62.41,-0.72,17.54,3.544,0,0,0.007,0,0,-0.3,1.86,0.003,0.016,-0.012
323.233,ROLLOUT,63.01,-0.75,17.37,3.462,0,0,0.008,0,0,-0.3,1.92,0.002,0.017,-0.014
323.25,ROLLOUT,63.54,-0.78,17.2,3.379,0,0,0.009,0,0,-0.3,1.98,0.001,0.018,-0.014
323.267,ROLLOUT,64,-0.8,17.03,3.293,0,0,0.008,0,0,-0.3,2.04,0,0.018,-0.011
323.283,ROLLOUT,64.37,-0.81,16.86,3.205,0,0,0.005,0,0,-0.3,2.09,-0.001,0.017,-0.009
323.3,ROLLOUT,64.68,-0.81,16.7,3.115,0,0,0.004,0,0,-0.3,2.15,-0.002,0.016,-0.008
323.317,ROLLOUT,64.93,-0.82,16.54,3.022,0,0,0.005,0,0,-0.3,2.2,-0.002,0.015,-0.008
323.333,ROLLOUT,65.14,-0.84,16.38,2.927,0,0,0.006,0,0,-0.3,2.25,-0.003,0.016,-0.01
323.35,ROLLOUT,65.32,-0.89,16.22,2.832,0,0,0.008,0,0,-0.3,2.3,-0.004,0.018,-0.013
323.367,ROLLOUT,65.5,-0.93,16.07,2.735,0,0,0.008,0,0,-0.3,2.35,-0.005,0.02,-0.017
323.383,ROLLOUT,65.65,-0.97,15.92,2.637,0,0,0.008,0,0,-0.3,2.39,-0.006,0.022,-0.022
323.4,ROLLOUT,65.75,-1.01,15.76,2.539,0,0,0.005,0,0,-0.3,2.44,-0.007,0.024,-0.025
323.417,ROLLOUT,65.77,-1.04,15.62,2.439,0,0,0.002,0,0,-0.3,2.48,-0.007,0.024,-0.026
323.433,ROLLOUT,65.71,-1.06,15.47,2.338,0,0,0.004,0,0,-0.3,2.52,-0.008,0.024,-0.025
323.45,ROLLOUT,65.57,-1.08,15.33,2.237,0,0,0.006,0,0,-0.3,2.56,-0.009,0.024,-0.023
323.467,ROLLOUT,65.37,-1.08,15.19,2.134,0,0,0.007,0,0,-0.3,2.6,-0.01,0.023,-0.02
323.483,ROLLOUT,65.17,-1.08,15.05,2.032,0,0,0.007,0,0,-0.3,2.64,-0.011,0.021,-0.018
323.5,ROLLOUT,64.97,-1.08,14.92,1.929,0,0,0.006,0,0,-0.3,2.67,-0.012,0.021,-0.018
323.517,ROLLOUT,64.77,-1.09,14.79,1.826,0,0,0.005,0,0,-0.3,2.71,-0.012,0.021,-0.018
323.533,ROLLOUT,64.55,-1.11,14.66,1.723,0,0,0.003,0,0,-0.3,2.74,-0.013,0.021,-0.02
323.55,ROLLOUT,64.28,-1.13,14.53,1.619,0,0,0.003,0,0,-0.3,2.77,-0.014,0.022,-0.022
323.567,ROLLOUT,63.94,-1.15,14.41,1.515,0,0,0.004,0,0,-0.3,2.79,-0.015,0.022,-0.024
323.583,ROLLOUT,63.52,-1.17,14.28,1.411,0,0,0.004,0,0,-0.3,2.82,-0.015,0.023,-0.025
323.6,ROLLOUT,63.06,-1.19,14.16,1.307,0,0,0.005,0,0,-0.3,2.85,-0.016,0.024,-0.025
323.617,ROLLOUT,62.56,-1.21,14.05,1.204,0,0,0.005,0,0,-0.3,2.87,-0.017,0.024,-0.024
323.633,ROLLOUT,62.06,-1.21,13.93,1.101,0,0,0.005,0,0,-0.3,2.89,-0.018,0.024,-0.023
323.65,ROLLOUT,61.56,-1.2,13.82,0.997,0,0,0.004,0,0,-0.3,2.91,-0.019,0.023,-0.022
323.667,ROLLOUT,61.06,-1.2,13.71,0.894,0,0,0.003,0,0,-0.3,2.93,-0.019,0.022,-0.021
323.683,ROLLOUT,60.53,-1.2,13.6,0.791,0,0,0.003,0,0,-0.3,2.94,-0.02,0.021,-0.02
323.7,ROLLOUT,59.96,-1.2,13.5,0.688,0,0,0.003,0,0,-0.3,2.96,-0.021,0.021,-0.019
323.717,ROLLOUT,59.34,-1.21,13.39,0.585,0,0,0.004,0,0,-0.3,2.97,-0.022,0.021,-0.019
323.733,ROLLOUT,58.67,-1.21,13.29,0.483,0,0,0.004,0,0,-0.3,2.98,-0.023,0.021,-0.02
323.75,ROLLOUT,57.97,-1.21,13.19,0.381,0,0,0.004,0,0,-0.3,2.99,-0.023,0.021,-0.02
323.767,ROLLOUT,57.25,-1.22,13.1,0.28,0,0,0.003,0,0,-0.3,2.99,-0.024,0.022,-0.02
323.783,ROLLOUT,56.52,-1.23,13,0.179,0,0,0.003,0,0,-0.3,3,-0.025,0.022,-0.02
323.8,ROLLOUT,55.78,-1.23,12.91,0.078,0,0,0.003,0,0,-0.3,3,-0.026,0.022,-0.02
323.817,ROLLOUT,55.03,-1.23,12.82,-0.023,0,0,0.002,0,0,-0.3,3.01,-0.027,0.022,-0.02
323.833,ROLLOUT,54.26,-1.23,12.74,-0.124,0,0,0.004,0,0,-0.3,3.01,-0.028,0.021,-0.019
323.85,ROLLOUT,53.46,-1.23,12.65,-0.224,0,0,0.004,0,0,-0.3,3.01,-0.029,0.021,-0.019
323.867,ROLLOUT,52.64,-1.23,12.57,-0.324,0,0,0.004,0,0,-0.3,3,-0.029,0.021,-0.018
323.883,ROLLOUT,51.79,-1.23,12.49,-0.423,0,0,0.003,0,0,-0.3,3,-0.03,0.021,-0.017
323.9,ROLLOUT,50.92,-1.22,12.41,-0.522,0,0,0.002,0,0,-0.3,2.99,-0.031,0.021,-0.017
323.917,ROLLOUT,50.02,-1.22,12.33,-0.621,0,0,0.003,0,0,-0.3,2.98,-0.032,0.021,-0.016
323.933,ROLLOUT,49.1,-1.22,12.26,-0.719,0,0,0.002,0,0,-0.3,2.97,-0.033,0.021,-0.016
323.95,ROLLOUT,48.17,-1.22,12.19,-0.818,0,0,0.003,0,0,-0.3,2.96,-0.034,0.021,-0.016
323.967,ROLLOUT,47.22,-1.22,12.12,-0.917,0,0,0.003,0,0,-0.3,2.95,-0.035,0.022,-0.016
323.983,ROLLOUT,46.28,-1.22,12.05,-1.015,0,0,0.003,0,0,-0.3,2.94,-0.036,0.022,-0.016
324,ROLLOUT,45.32,-1.22,11.98,-1.112,0,0,0.003,0,0,-0.3,2.92,-0.037,0.022,-0.016
324.017,ROLLOUT,44.36,-1.22,11.92,-1.21,0,0,0.002,0,0,-0.3,2.9,-0.038,0.022,-0.016
324.033,ROLLOUT,43.37,-1.23,11.86,-1.308,0,0,0.002,0,0,-0.3,2.88,-0.039,0.022,-0.016
324.05,ROLLOUT,42.35,-1.23,11.8,-1.405,0,0,0.002,0,0,-0.3,2.86,-0.04,0.022,-0.016
324.067,ROLLOUT,41.3,-1.22,11.74,-1.503,0,0,0.002,0,0,-0.3,2.84,-0.041,0.022,-0.015
324.083,ROLLOUT,40.24,-1.22,11.69,-1.6,0,0,0.002,0,0,-0.3,2.81,-0.042,0.022,-0.015
324.1,ROLLOUT,39.17,-1.22,11.64,-1.698,0,0,0.002,0,0,-0.3,2.79,-0.043,0.022,-0.014
324.117,ROLLOUT,38.09,-1.22,11.58,-1.796,0,0,0.002,0,0,-0.3,2.76,-0.044,0.023,-0.014
324.133,ROLLOUT,37.03,-1.22,11.53,-1.894,0,0,0.002,0,0,-0.3,2.73,-0.045,0.023,-0.013
324.15,ROLLOUT,35.96,-1.22,11.49,-1.992,0,0,0.002,0,0,-0.3,2.7,-0.046,0.023,-0.014
324.167,ROLLOUT,34.87,-1.22,11.44,-2.09,0,0,0.002,0,0,-0.3,2.67,-0.047,0.023,-0.014
324.183,ROLLOUT,33.77,-1.22,11.4,-2.188,0,0,0.001,0,0,-0.3,2.63,-0.048,0.024,-0.014
324.2,ROLLOUT,32.65,-1.22,11.36,-2.287,0,0,0.002,0,0,-0.3,2.6,-0.049,0.024,-0.014
324.217,ROLLOUT,31.5,-1.23,11.32,-2.386,0,0,0.002,0,0,-0.3,2.56,-0.05,0.024,-0.014
324.233,ROLLOUT,30.34,-1.23,11.28,-2.485,0,0,0.002,0,0,-0.3,2.52,-0.051,0.025,-0.014
324.25,ROLLOUT,29.18,-1.23,11.25,-2.585,0,0,0.002,0,0,-0.3,2.48,-0.053,0.025,-0.014
324.267,ROLLOUT,28.03,-1.23,11.21,-2.684,0,0,0.002,0,0,-0.3,2.44,-0.054,0.025,-0.013
324.283,ROLLOUT,26.87,-1.22,11.18,-2.785,0,0,0.002,0,0,-0.3,2.4,-0.055,0.025,-0.013
324.3,ROLLOUT,25.72,-1.22,11.15,-2.885,0,0,0.001,0,0,-0.282,2.35,-0.056,0.025,-0.012
324.317,ROLLOUT,24.55,-1.22,11.12,-2.986,0,0,0.001,0,0,-0.263,2.3,-0.057,0.025,-0.012
324.333,ROLLOUT,23.37,-1.22,11.1,-3.088,0,0,0.002,0,0,-0.245,2.25,-0.058,0.026,-0.012
324.35,ROLLOUT,22.18,-1.23,11.07,-3.191,0,0,0.002,0,0,-0.226,2.2,-0.06,0.026,-0.012
324.367,ROLLOUT,20.97,-1.23,11.05,-3.295,0,0,0.002,0,0,-0.208,2.15,-0.061,0.026,-0.012
324.383,ROLLOUT,19.76,-1.23,11.03,-3.4,0,0,0.002,0,0,-0.189,2.1,-0.062,0.027,-0.013
324.4,ROLLOUT,18.56,-1.23,11.01,-3.506,0,0,0.001,0,0,-0.171,2.04,-0.063,0.027,-0.013
324.417,ROLLOUT,17.35,-1.24,10.99,-3.613,0,0,0.001,0,0,-0.153,1.98,-0.064,0.027,-0.013
324.433,ROLLOUT,16.15,-1.24,10.97,-3.721,0,0,0.001,0,0,-0.134,1.92,-0.065,0.027,-0.013
324.45,ROLLOUT,14.95,-1.24,10.96,-3.831,0,0,0.001,0,0,-0.116,1.86,-0.066,0.027,-0.012
324.467,ROLLOUT,13.75,-1.24,10.94,-3.941,0,0,0.001,0,0,-0.097,1.8,-0.068,0.028,-0.012
324.483,ROLLOUT,12.55,-1.24,10.93,-4.053,0,0,0.001,0,0,-0.079,1.74,-0.069,0.028,-0.011
324.5,ROLLOUT,11.35,-1.24,10.92,-4.166,0,0,0.001,0,0,-0.06,1.67,-0.07,0.028,-0.011
324.517,ROLLOUT,10.15,-1.24,10.91,-4.28,0,0,0.001,0,0,-0.042,1.6,-0.071,0.028,-0.011
324.533,ROLLOUT,8.95,-1.24,10.9,-4.395,0,0,0.001,0,0,-0.023,1.53,-0.072,0.028,-0.011
324.55,ROLLOUT,7.76,-1.25,10.89,-4.509,0,0,0.001,0,0,-0.005,1.46,-0.073,0.028,-0.011
324.567,ROLLOUT,6.58,-1.25,10.89,-4.62,0,0,0.001,0,0,0.013,1.38,-0.075,0.029,-0.012
324.583,ROLLOUT,5.42,-1.25,10.89,-4.726,0,0,0.001,0,0,0.032,1.31,-0.076,0.029,-0.012
324.6,ROLLOUT,4.27,-1.27,10.89,-4.827,0,0,0.001,0,0,0.05,1.23,-0.078,0.031,-0.012
324.617,ROLLOUT,3.14,-1.29,10.9,-4.924,0,0,0.001,0,0,0.069,1.15,-0.08,0.033,-0.013
324.633,ROLLOUT,2.02,-1.31,10.91,-5.019,0,0,0.003,0,0,0.087,1.07,-0.082,0.035,-0.013
324.65,ROLLOUT,0.89,-1.34,10.92,-5.111,0,0,0.002,0,0,0.106,0.99,-0.084,0.037,-0.014
324.667,ROLLOUT,-0.28,-1.38,10.93,-5.202,0,0,0.002,0,0,0.124,0.9,-0.087,0.04,-0.014
324.683,ROLLOUT,-1.48,-1.41,10.95,-5.292,0,0,0.002,0,0,0.142,0.82,-0.089,0.042,-0.015
324.7,ROLLOUT,-2.69,-1.46,10.96,-5.382,0,0,0.002,0,0,0.161,0.73,-0.091,0.045,-0.015
324.717,ROLLOUT,-3.86,-1.49,10.98,-5.476,0,0,0.002,0,0,0.179,0.64,-0.093,0.047,-0.016
324.733,ROLLOUT,-5.01,-1.53,10.99,-5.574,0,0,0.002,0,0,0.198,0.55,-0.095,0.049,-0.016
324.75,ROLLOUT,-6.13,-1.55,11.01,-5.524,1,2.976,0.07,0,0,0.216,0.46,-0.097,0.05,-0.015
324.767,ROLLOUT,-7.24,-1.58,11.04,-4.939,2,4.401,0.183,0,0,0.235,0.36,-0.135,0.035,-0.008
324.783,ROLLOUT,-8.29,-1.56,11.07,-4.21,2,5.577,0.246,0,0,0.253,0.28,-0.16,0.034,-0.007
324.8,ROLLOUT,-9.01,-1.49,11.11,-3.302,2,6.458,0.246,0,0,0.271,0.2,-0.158,0.032,-0.011
324.817,ROLLOUT,-9.3,-1.54,11.11,-2.395,2,6.245,0.215,0,0,0.29,0.14,-0.181,0.034,-0.012
324.833,ROLLOUT,-9.12,-1.5,11.05,-1.709,2,4.213,0.207,0,0,0.308,0.09,-0.205,0.032,-0.03
324.85,ROLLOUT,-8.35,-1.31,10.94,-1.35,2,2.126,0.16,0,0,0.29,0.06,-0.217,0.026,-0.048
324.867,ROLLOUT,-7.46,-1.15,10.83,-1.295,2,0.757,0.109,0,0,0.271,0.03,-0.209,0.02,-0.067
324.883,ROLLOUT,-6.75,-1.09,10.71,-1.367,2,0.367,0.096,0,0,0.253,0.01,-0.191,0.018,-0.085
324.9,ROLLOUT,-6.06,-1.09,10.61,-1.428,2,0.624,0.046,0,0,0.235,-0.01,-0.176,0.018,-0.104
324.917,ROLLOUT,-5.36,-1.07,10.51,-1.431,2,1,0.054,0,0,0.216,-0.04,-0.167,0.017,-0.122
324.933,ROLLOUT,-4.61,-1.08,10.41,-1.375,2,1.208,0.054,0,0,0.198,-0.06,-0.16,0.018,-0.137
324.95,ROLLOUT,-3.65,-1.11,10.31,-1.317,2,1.148,0.037,0,0,0.179,-0.08,-0.149,0.019,-0.12
324.967,ROLLOUT,-2.4,-1.06,10.22,-1.26,2,1.122,0.041,0,0,0.161,-0.11,-0.141,0.017,-0.101
324.983,ROLLOUT,-1.06,-0.98,10.13,-1.204,2,1.093,0.041,0,0,0.142,-0.13,-0.139,0.014,-0.083
325,ROLLOUT,0.22,-1.03,10.06,-1.15,2,1.081,0.03,0,0,0.124,-0.15,-0.139,0.016,-0.068
325.017,ROLLOUT,1.45,-1.19,10,-1.082,2,1.211,0.043,0,0,0.106,-0.17,-0.136,0.022,-0.06
325.033,ROLLOUT,2.59,-1.2,9.94,-0.981,2,1.389,0.046,0,0,0.087,-0.19,-0.134,0.022,-0.067
325.05,ROLLOUT,3.65,-1.05,9.87,-0.873,2,1.315,0.044,0,0,0.069,-0.2,-0.135,0.017,-0.086
325.067,ROLLOUT,4.76,-0.98,9.81,-0.781,2,1.195,0.034,0,0,0.05,-0.22,-0.135,0.014,-0.095
325.083,ROLLOUT,6.04,-1.08,9.75,-0.698,2,1.168,0.037,0,0,0.032,-0.23,-0.134,0.018,-0.092
325.1,ROLLOUT,7.47,-1.2,9.68,-0.615,2,1.152,0.037,0,0,0.013,-0.24,-0.135,0.022,-0.087
325.117,ROLLOUT,9,-1.19,9.62,-0.53,2,1.18,0.028,0,0,-0.005,-0.26,-0.14,0.022,-0.075
325.133,ROLLOUT,10.59,-1.09,9.55,-0.439,2,1.259,0.03,0,0,-0.023,-0.27,-0.144,0.018,-0.058
325.15,ROLLOUT,12.15,-1.06,9.46,-0.342,2,1.321,0.031,0,0,-0.042,-0.27,-0.145,0.017,-0.041
325.167,ROLLOUT,13.6,-1.11,9.32,-0.056,2,3.191,0.043,0,0,-0.06,-0.28,-0.148,0.019,-0.027
325.183,ROLLOUT,14.95,-1.15,9.12,0.396,2,3.236,0.103,0,0,-0.042,-0.28,-0.157,0.02,-0.016
325.2,ROLLOUT,16.23,-1.12,8.94,0.76,2,2.516,0.107,0,0,-0.023,-0.28,-0.159,0.019,-0.018
325.217,ROLLOUT,17.36,-1.06,8.81,0.985,2,1.83,0.087,0,0,-0.005,-0.27,-0.159,0.017,-0.022
325.233,ROLLOUT,18.17,-1.01,8.68,1.152,2,1.76,0.068,0,0,0.013,-0.26,-0.157,0.015,-0.023
325.25,ROLLOUT,18.4,-1,8.56,1.31,2,1.715,0.051,0,0,0.032,-0.24,-0.154,0.015,-0.02
325.267,ROLLOUT,18.15,-1.01,8.45,1.436,2,1.426,0.043,0,0,0.05,-0.22,-0.147,0.015,-0.01
325.283,ROLLOUT,17.68,-0.97,8.37,1.499,2,0.938,0.03,0,0,0.069,-0.19,-0.139,0.014,0.005
325.3,ROLLOUT,17.11,-0.91,8.31,1.5,2,0.675,0.03,0,0,0.087,-0.17,-0.131,0.012,0.019
325.317,ROLLOUT,16.55,-0.88,8.26,1.477,2,0.58,0.022,0,0,0.106,-0.15,-0.122,0.011,0.031
325.333,ROLLOUT,16.16,-0.9,8.21,1.437,2,0.488,0.025,0,0,0.124,-0.12,-0.114,0.012,0.033
325.35,ROLLOUT,15.89,-0.93,8.17,1.38,2,0.434,0.026,0,0,0.142,-0.1,-0.105,0.012,0.029
325.367,ROLLOUT,15.59,-0.92,8.13,1.32,2,0.478,0.024,0,0,0.161,-0.07,-0.098,0.012,0.017
325.383,ROLLOUT,15.24,-0.9,8.1,1.258,2,0.451,0.022,0,0,0.179,-0.05,-0.09,0.012,0.001
325.4,ROLLOUT,14.84,-0.91,8.06,1.188,2,0.376,0.017,0,0,0.198,-0.03,-0.085,0.012,-0.013
325.417,ROLLOUT,14.34,-0.97,8.03,1.106,2,0.281,0.012,0,0,0.216,-0.01,-0.081,0.014,-0.024
325.433,ROLLOUT,13.79,-1.04,8.01,1.017,2,0.246,0.007,0,0,0.235,0.01,-0.081,0.016,-0.031
325.45,ROLLOUT,13.22,-1.08,7.99,0.926,2,0.219,0.009,0,0,0.253,0.03,-0.082,0.018,-0.03
325.467,ROLLOUT,12.67,-1.07,7.97,0.826,2,0.19,0.012,0,0,0.271,0.04,-0.084,0.017,-0.027
325.483,ROLLOUT,12.12,-1.05,7.95,0.721,2,0.205,0.012,0,0,0.29,0.06,-0.087,0.017,-0.022
325.5,ROLLOUT,11.55,-1.06,7.93,0.613,2,0.181,0.013,0,0,0.308,0.07,-0.091,0.017,-0.014
325.517,ROLLOUT,11,-1.1,7.91,0.498,2,0.145,0.014,0,0,0.327,0.08,-0.095,0.018,-0.01
325.533,ROLLOUT,10.51,-1.13,7.89,0.38,2,0.126,0.015,0,0,0.308,0.09,-0.1,0.019,-0.016
325.55,ROLLOUT,10.04,-1.12,7.88,0.265,2,0.123,0.014,0,0,0.29,0.1,-0.105,0.019,-0.026
325.567,ROLLOUT,9.59,-1.09,7.86,0.152,2,0.127,0.014,0,0,0.271,0.11,-0.11,0.018,-0.041
325.583,ROLLOUT,9.13,-1.08,7.85,0.039,2,0.127,0.013,0,0,0.253,0.11,-0.114,0.018,-0.055
325.6,ROLLOUT,8.61,-1.08,7.85,-0.076,2,0.134,0.011,0,0,0.235,0.11,-0.116,0.018,-0.056
325.617,ROLLOUT,7.99,-1.07,7.84,-0.19,2,0.145,0.01,0,0,0.216,0.11,-0.118,0.017,-0.043
325.633,ROLLOUT,7.32,-1.05,7.83,-0.303,2,0.171,0.01,0,0,0.198,0.11,-0.119,0.017,-0.025
325.65,ROLLOUT,6.67,-1.02,7.82,-0.408,2,0.229,0.012,0,0,0.179,0.1,-0.119,0.016,-0.006
325.667,ROLLOUT,6.08,-0.99,7.81,-0.499,2,0.324,0.012,0,0,0.161,0.1,-0.118,0.015,0.012
325.683,ROLLOUT,5.61,-0.98,7.79,-0.574,2,0.408,0.014,0,0,0.15,0.09,-0.114,0.014,0.03
325.7,ROLLOUT,5.22,-0.95,7.78,-0.627,2,0.59,0.024,0,0,0.132,0.08,-0.107,0.013,0.049
325.717,ROLLOUT,4.84,-0.91,7.76,-0.649,2,0.791,0.032,0,0,0.116,0.07,-0.097,0.012,0.064
325.733,ROLLOUT,4.41,-0.87,7.74,-0.644,2,0.958,0.032,0,0,0.11,0.06,-0.088,0.01,0.047
325.75,ROLLOUT,3.91,-0.85,7.72,-0.619,2,1.012,0.038,0,0,0.115,0.05,-0.081,0.01,0.029
325.767,ROLLOUT,3.37,-0.85,7.69,-0.59,2,0.998,0.044,0,0,0.125,0.04,-0.077,0.01,0.01
325.783,ROLLOUT,2.85,-0.86,7.66,-0.564,2,1.007,0.044,0,0,0.131,0.03,-0.074,0.01,-0.008
325.8,ROLLOUT,2.46,-0.86,7.64,-0.545,2,0.947,0.042,0,0,0.118,0.02,-0.071,0.01,-0.027
325.817,ROLLOUT,2.24,-0.84,7.61,-0.534,2,0.897,0.037,0,0,0.1,0.01,-0.069,0.009,-0.045
325.833,ROLLOUT,2.17,-0.83,7.58,-0.535,2,0.853,0.032,0,0,0.082,0,-0.07,0.009,-0.055
325.85,ROLLOUT,2.19,-0.85,7.55,-0.536,2,0.855,0.027,0,0,0.063,-0.01,-0.074,0.01,-0.057
325.867,ROLLOUT,2.26,-0.89,7.52,-0.534,2,0.901,0.03,0,0,0.045,-0.02,-0.079,0.011,-0.057
325.883,ROLLOUT,2.33,-0.91,7.49,-0.525,2,0.924,0.037,0,0,0.026,-0.03,-0.086,0.012,-0.058
325.9,ROLLOUT,2.38,-0.89,7.46,-0.516,2,0.914,0.04,0,0,0.008,-0.03,-0.093,0.011,-0.061
325.917,ROLLOUT,2.43,-0.86,7.43,-0.505,2,0.91,0.04,0,0,-0.011,-0.04,-0.099,0.01,-0.063
325.933,ROLLOUT,2.55,-0.85,7.4,-0.493,2,0.915,0.04,0,0,-0.029,-0.05,-0.104,0.01,-0.061
325.95,ROLLOUT,2.76,-0.85,7.37,-0.479,2,0.92,0.038,0,0,-0.047,-0.06,-0.107,0.01,-0.054
325.967,ROLLOUT,3.07,-0.84,7.34,-0.466,2,0.907,0.035,0,0,-0.066,-0.07,-0.108,0.009,-0.039
325.983,ROLLOUT,3.45,-0.81,7.31,-0.454,2,0.898,0.028,0,0,-0.084,-0.08,-0.107,0.008,-0.02
326,ROLLOUT,3.87,-0.76,7.28,-0.445,2,0.881,0.026,0,0,-0.103,-0.08,-0.104,0.007,-0.002
326.017,ROLLOUT,4.32,-0.72,7.24,-0.438,2,0.875,0.025,0,0,-0.121,-0.09,-0.099,0.005,0.017
326.033,ROLLOUT,4.78,-0.7,7.21,-0.43,2,0.864,0.026,0,0,-0.14,-0.1,-0.091,0.004,0.035
326.05,ROLLOUT,5.26,-0.67,7.18,-0.419,2,0.871,0.026,0,0,-0.158,-0.11,-0.081,0.003,0.053
326.067,ROLLOUT,5.74,-0.64,7.15,-0.406,2,0.872,0.034,0,0,-0.176,-0.11,-0.069,0.002,0.072
326.083,ROLLOUT,6.26,-0.61,7.11,-0.392,2,0.876,0.042,0,0,-0.195,-0.12,-0.058,0.001,0.09
326.1,ROLLOUT,6.8,-0.59,7.08,-0.38,2,0.858,0.049,0,0,-0.213,-0.13,-0.045,0.001,0.097
326.117,ROLLOUT,7.36,-0.6,7.04,-0.338,2,1.583,0.049,0,0,-0.232,-0.13,-0.034,0.001,0.078
326.133,ROLLOUT,7.94,-0.61,6.97,-0.196,2,1.671,0.045,0,0,-0.25,-0.14,-0.028,0.001,0.06
326.15,ROLLOUT,8.53,-0.62,6.91,-0.064,2,1.543,0.046,0,0,-0.232,-0.14,-0.019,0.002,0.042
326.167,ROLLOUT,9.12,-0.63,6.86,0.035,2,1.32,0.04,0,0,-0.213,-0.15,-0.014,0.002,0.023
326.183,ROLLOUT,9.62,-0.64,6.8,0.106,2,1.22,0.033,0,0,-0.195,-0.15,-0.012,0.002,0.005
326.2,ROLLOUT,9.9,-0.69,6.75,0.17,2,1.228,0.024,0,0,-0.176,-0.14,-0.01,0.004,-0.014
326.217,ROLLOUT,9.92,-0.73,6.7,0.232,2,1.222,0.02,0,0,-0.158,-0.14,-0.012,0.006,-0.029
326.233,ROLLOUT,9.79,-0.74,6.65,0.289,2,1.124,0.021,0,0,-0.14,-0.14,-0.015,0.006,-0.033
326.25,ROLLOUT,9.56,-0.75,6.61,0.318,2,0.956,0.021,0,0,-0.121,-0.13,-0.02,0.006,-0.039
326.267,ROLLOUT,9.3,-0.77,6.57,0.327,2,0.873,0.025,0,0,-0.103,-0.13,-0.026,0.007,-0.044
326.283,ROLLOUT,9.11,-0.8,6.54,0.325,2,0.81,0.03,0,0,-0.084,-0.12,-0.033,0.008,-0.05
326.3,ROLLOUT,9,-0.81,6.51,0.315,2,0.797,0.032,0,0,-0.066,-0.12,-0.041,0.008,-0.056
326.317,ROLLOUT,8.91,-0.81,6.47,0.305,2,0.815,0.034,0,0,-0.047,-0.11,-0.049,0.008,-0.059
326.333,ROLLOUT,8.8,-0.78,6.44,0.294,2,0.802,0.034,0,0,-0.029,-0.11,-0.056,0.007,-0.06
326.35,ROLLOUT,8.64,-0.76,6.41,0.279,2,0.769,0.032,0,0,-0.011,-0.1,-0.062,0.007,-0.055
326.367,ROLLOUT,8.39,-0.74,6.38,0.258,2,0.739,0.029,0,0,0.008,-0.1,-0.068,0.006,-0.047
326.383,ROLLOUT,8.06,-0.71,6.36,0.234,2,0.714,0.024,0,0,0.026,-0.09,-0.071,0.005,-0.036
326.4,ROLLOUT,7.69,-0.68,6.33,0.209,2,0.731,0.018,0,0,0.045,-0.09,-0.074,0.004,-0.024
326.417,ROLLOUT,7.32,-0.63,6.31,0.188,2,0.75,0.014,0,0,0.063,-0.09,-0.074,0.002,-0.012
326.433,ROLLOUT,6.99,-0.58,6.28,0.162,2,0.714,0.013,0,0,0.082,-0.08,-0.073,0,-0.003
326.45,ROLLOUT,6.7,-0.54,6.26,0.13,2,0.69,0.011,0,0,0.1,-0.08,-0.07,0,0.004
326.467,ROLLOUT,6.44,-0.5,6.23,0.095,2,0.687,0.014,0,0,0.118,-0.08,-0.065,0,0.008
326.483,ROLLOUT,6.2,-0.46,6.21,0.06,2,0.689,0.015,0,0,0.137,-0.08,-0.059,0,0.01
326.5,ROLLOUT,5.96,-0.42,6.19,0.029,2,0.714,0.016,0,0,0.155,-0.07,-0.053,0,0.01
326.517,ROLLOUT,5.7,-0.39,6.16,0,2,0.724,0.017,0,0,0.174,-0.07,-0.046,0,0.01
326.533,ROLLOUT,5.42,-0.37,6.14,-0.025,2,0.746,0.017,0,0,0.192,-0.07,-0.039,0,0.01
326.55,ROLLOUT,5.11,-0.36,6.12,-0.049,2,0.745,0.017,0,0,0.211,-0.07,-0.033,0,0.01
326.567,ROLLOUT,4.8,-0.34,6.09,-0.075,2,0.731,0.017,0,0,0.229,-0.07,-0.028,0,0.011
326.583,ROLLOUT,4.51,-0.33,6.07,-0.104,2,0.729,0.019,0,0,0.248,-0.07,-0.023,0,0.011
326.6,ROLLOUT,4.27,-0.32,6.05,-0.134,2,0.733,0.021,0,0,0.266,-0.08,-0.02,0,0.01
326.617,ROLLOUT,4.09,-0.32,6.02,-0.161,2,0.752,0.022,0,0,0.284,-0.08,-0.017,0,0.008
326.633,ROLLOUT,3.98,-0.33,6,-0.185,2,0.761,0.022,0,0,0.303,-0.08,-0.015,0,0.003
326.65,ROLLOUT,3.92,-0.33,5.98,-0.207,2,0.775,0.022,0,0,0.321,-0.08,-0.015,0,-0.003
326.667,ROLLOUT,3.88,-0.33,5.95,-0.224,2,0.805,0.021,0,0,0.303,-0.09,-0.016,0,-0.015
326.683,ROLLOUT,3.83,-0.33,5.93,-0.236,2,0.832,0.022,0,0,0.284,-0.09,-0.017,0,-0.027
326.7,ROLLOUT,3.77,-0.33,5.91,-0.242,2,0.866,0.021,0,0,0.266,-0.09,-0.02,0,-0.036
326.717,ROLLOUT,3.7,-0.34,5.88,-0.246,2,0.881,0.021,0,0,0.248,-0.1,-0.023,0,-0.039
326.733,ROLLOUT,3.66,-0.34,5.86,-0.248,2,0.894,0.022,0,0,0.229,-0.1,-0.026,0,-0.036
326.75,ROLLOUT,3.67,-0.34,5.83,-0.247,2,0.905,0.022,0,0,0.211,-0.11,-0.03,0,-0.03
326.767,ROLLOUT,3.74,-0.32,5.81,-0.243,2,0.926,0.022,0,0,0.192,-0.11,-0.033,0,-0.021
326.783,ROLLOUT,3.86,-0.31,5.78,-0.238,2,0.938,0.021,0,0,0.174,-0.11,-0.035,0,-0.012
326.8,ROLLOUT,4.01,-0.3,5.75,-0.225,2,0.993,0.02,0,0,0.155,-0.12,-0.038,0,-0.006
326.817,ROLLOUT,4.16,-0.28,5.72,-0.204,2,1.044,0.019,0,0,0.174,-0.12,-0.038,0,-0.004
326.833,ROLLOUT,4.29,-0.26,5.69,-0.177,2,1.072,0.018,0,0,0.192,-0.13,-0.038,0,-0.002
326.85,ROLLOUT,4.38,-0.24,5.66,-0.149,2,1.084,0.018,0,0,0.211,-0.13,-0.037,0,-0.002
326.867,ROLLOUT,4.46,-0.22,5.63,-0.118,2,1.086,0.017,0,0,0.229,-0.13,-0.036,0,-0.002
326.883,ROLLOUT,4.53,-0.21,5.6,-0.089,2,1.066,0.018,0,0,0.248,-0.13,-0.034,0,-0.001
326.9,ROLLOUT,4.6,-0.2,5.57,-0.062,2,1.062,0.019,0,0,0.266,-0.14,-0.031,0,0.001
326.917,ROLLOUT,4.7,-0.18,5.54,-0.037,2,1.053,0.019,0,0,0.284,-0.14,-0.029,0,0.003
326.933,ROLLOUT,4.81,-0.16,5.51,-0.016,2,1.027,0.018,0,0,0.303,-0.14,-0.026,0,0.005
326.95,ROLLOUT,4.91,-0.16,5.48,0.005,2,1.041,0.019,0,0,0.321,-0.14,-0.024,0,0.007
326.967,ROLLOUT,5.02,-0.15,5.45,0.028,2,1.05,0.019,0,0,0.34,-0.14,-0.021,0,0.008
326.983,ROLLOUT,5.11,-0.15,5.42,0.052,2,1.054,0.019,0,0,0.35,-0.14,-0.019,0,0.007
327,ROLLOUT,5.19,-0.14,5.39,0.076,2,1.048,0.018,0,0,0.35,-0.14,-0.018,0,0.005
327.017,ROLLOUT,5.25,-0.13,5.35,0.099,2,1.05,0.018,0,0,0.35,-0.14,-0.016,0,0.001
327.033,ROLLOUT,5.31,-0.13,5.32,0.122,2,1.047,0.018,0,0,0.35,-0.14,-0.014,0,-0.002
327.05,ROLLOUT,5.38,-0.14,5.29,0.143,2,1.041,0.017,0,0,0.35,-0.13,-0.014,0,-0.005
327.067,ROLLOUT,5.45,-0.14,5.26,0.163,2,1.032,0.016,0,0,0.35,-0.13,-0.013,0,-0.007
327.083,ROLLOUT,5.51,-0.14,5.23,0.181,2,1.025,0.017,0,0,0.35,-0.13,-0.013,0,-0.007
327.1,ROLLOUT,5.58,-0.14,5.2,0.198,2,1.016,0.017,0,0,0.35,-0.13,-0.013,0,-0.007
327.117,ROLLOUT,5.65,-0.13,5.17,0.213,2,1.008,0.017,0,0,0.35,-0.12,-0.014,0,-0.006
327.133,ROLLOUT,5.7,-0.13,5.14,0.228,2,1.007,0.016,0,0,0.35,-0.12,-0.014,0,-0.005
327.15,ROLLOUT,5.73,-0.13,5.12,0.242,2,1,0.016,0,0,0.35,-0.12,-0.015,0,-0.004
327.167,ROLLOUT,5.75,-0.13,5.09,0.254,2,0.992,0.016,0,0,0.35,-0.11,-0.016,0,-0.004
327.183,ROLLOUT,5.75,-0.12,5.06,0.265,2,0.98,0.016,0,0,0.35,-0.11,-0.017,0,-0.005
327.2,ROLLOUT,5.75,-0.11,5.03,0.272,2,0.963,0.015,0,0,0.35,-0.1,-0.017,0,-0.007
327.217,ROLLOUT,5.75,-0.11,5.01,0.277,2,0.947,0.015,0,0,0.35,-0.1,-0.018,0,-0.008
327.233,ROLLOUT,5.75,-0.1,4.98,0.279,2,0.935,0.015,0,0,0.35,-0.09,-0.018,0,-0.009
327.25,ROLLOUT,5.75,-0.1,4.96,0.28,2,0.924,0.015,0,0,0.35,-0.09,-0.018,0,-0.008
327.267,ROLLOUT,5.75,-0.09,4.93,0.278,2,0.913,0.014,0,0,0.35,-0.08,-0.018,0,-0.007
327.283,ROLLOUT,5.74,-0.08,4.91,0.275,2,0.905,0.014,0,0,0.35,-0.08,-0.018,0,-0.005
327.3,ROLLOUT,5.7,-0.07,4.89,0.271,2,0.896,0.013,0,0,0.35,-0.08,-0.018,0,-0.003
327.317,ROLLOUT,5.65,-0.06,4.87,0.265,2,0.886,0.013,0,0,0.35,-0.07,-0.017,0,-0.001
327.333,ROLLOUT,5.58,-0.05,4.84,0.256,2,0.873,0.013,0,0,0.35,-0.07,-0.017,0,0
327.35,ROLLOUT,5.5,-0.04,4.82,0.246,2,0.864,0.013,0,0,0.35,-0.06,-0.016,0,0
327.367,ROLLOUT,5.42,-0.04,4.8,0.234,2,0.86,0.013,0,0,0.35,-0.06,-0.015,0,-0.001
327.383,ROLLOUT,5.34,-0.03,4.78,0.223,2,0.861,0.013,0,0,0.35,-0.05,-0.015,0,-0.003
327.4,ROLLOUT,5.27,-0.03,4.76,0.21,2,0.847,0.013,0,0,0.35,-0.05,-0.014,0,-0.004
327.417,ROLLOUT,5.18,-0.02,4.74,0.195,2,0.836,0.012,0,0,0.35,-0.05,-0.013,0,-0.004
327.433,ROLLOUT,5.08,-0.01,4.72,0.178,2,0.831,0.012,0,0,0.35,-0.04,-0.013,0,-0.005
327.45,ROLLOUT,4.96,-0.01,4.7,0.161,2,0.827,0.012,0,0,0.35,-0.04,-0.012,0,-0.004
327.467,ROLLOUT,4.83,0,4.69,0.142,2,0.82,0.012,0,0,0.35,-0.04,-0.012,0,-0.003
327.483,ROLLOUT,4.68,0,4.67,0.123,2,0.811,0.012,0,0,0.35,-0.03,-0.012,0,-0.002
327.5,ROLLOUT,4.53,0,4.65,0.102,2,0.808,0.012,0,0,0.35,-0.03,-0.012,0,-0.001
327.517,ROLLOUT,4.37,0,4.64,0.08,2,0.806,0.012,0,0,0.35,-0.03,-0.012,0,-0.001
327.533,ROLLOUT,4.21,0.01,4.62,0.058,2,0.801,0.012,0,0,0.35,-0.03,-0.012,0,-0.002
327.55,ROLLOUT,4.06,0.01,4.6,0.035,2,0.795,0.013,0,0,0.35,-0.03,-0.012,0,-0.003
327.567,ROLLOUT,3.9,0.01,4.59,0.011,2,0.794,0.013,0,0,0.35,-0.03,-0.012,0,-0.004
327.583,ROLLOUT,3.73,0.02,4.57,-0.013,2,0.795,0.013,0,0,0.35,-0.03,-0.012,0,-0.006
327.6,ROLLOUT,3.56,0.02,4.56,-0.036,2,0.796,0.014,0,0,0.35,-0.03,-0.012,0,-0.006
327.617,ROLLOUT,3.38,0.02,4.54,-0.06,2,0.797,0.014,0,0,0.35,-0.03,-0.013,0,-0.006
327.633,ROLLOUT,3.19,0.02,4.53,-0.083,2,0.798,0.015,0,0,0.35,-0.03,-0.013,0,-0.005
327.65,ROLLOUT,3.01,0.03,4.51,-0.108,2,0.79,0.015,0,0,0.35,-0.03,-0.013,0,-0.004
327.667,ROLLOUT,2.83,0.03,4.5,-0.132,2,0.794,0.015,0,0,0.35,-0.03,-0.013,0,-0.003
327.683,ROLLOUT,2.66,0.03,4.48,-0.157,2,0.794,0.015,0,0,0.35,-0.03,-0.014,0,-0.002
327.7,ROLLOUT,2.5,0.03,4.47,-0.181,2,0.795,0.016,0,0,0.35,-0.04,-0.014,0,-0.002
327.717,ROLLOUT,2.35,0.04,4.46,-0.204,2,0.806,0.017,0,0,0.35,-0.04,-0.014,0,-0.002
327.733,ROLLOUT,2.2,0.04,4.44,-0.226,2,0.816,0.017,0,0,0.35,-0.04,-0.014,0,-0.003
327.75,ROLLOUT,2.07,0.04,4.43,-0.244,2,0.837,0.018,0,0,0.35,-0.04,-0.014,0,-0.004
327.767,ROLLOUT,1.94,0.04,4.41,-0.259,2,0.864,0.018,0,0,0.35,-0.05,-0.014,0,-0.005
327.783,ROLLOUT,1.82,0.04,4.4,-0.271,2,0.873,0.019,0,0,0.35,-0.05,-0.014,0,-0.005
327.8,ROLLOUT,1.71,0.04,4.39,-0.279,2,0.901,0.019,0,0,0.35,-0.06,-0.014,0,-0.004
327.817,ROLLOUT,1.61,0.04,4.37,-0.284,2,0.924,0.02,0,0,0.35,-0.06,-0.014,0,-0.004
327.833,ROLLOUT,1.53,0.05,4.36,-0.285,2,0.941,0.02,0,0,0.35,-0.07,-0.014,0,-0.003
327.85,ROLLOUT,1.46,0.05,4.34,-0.283,2,0.966,0.02,0,0,0.35,-0.07,-0.015,0,-0.002
327.867,ROLLOUT,1.41,0.05,4.33,-0.277,2,0.977,0.021,0,0,0.35,-0.08,-0.015,0,-0.001
327.883,ROLLOUT,1.37,0.05,4.31,-0.269,2,1.002,0.021,0,0,0.35,-0.08,-0.015,0,-0.001
327.9,ROLLOUT,1.34,0.05,4.3,-0.257,2,1.021,0.021,0,0,0.35,-0.09,-0.015,0,-0.002
327.917,ROLLOUT,1.32,0.05,4.28,-0.242,2,1.041,0.021,0,0,0.35,-0.09,-0.014,0,-0.003
327.933,ROLLOUT,1.3,0.05,4.26,-0.224,2,1.06,0.021,0,0,0.35,-0.09,-0.014,0,-0.003
327.95,ROLLOUT,1.28,0.05,4.25,-0.205,2,1.068,0.022,0,0,0.35,-0.1,-0.015,0,-0.004
327.967,ROLLOUT,1.28,0.05,4.23,-0.186,2,1.065,0.022,0,0,0.35,-0.1,-0.014,0,-0.004
327.983,ROLLOUT,1.28,0.05,4.21,-0.166,2,1.069,0.022,0,0,0.35,-0.1,-0.015,0,-0.004
328,ROLLOUT,1.3,0.05,4.19,-0.146,2,1.074,0.022,0,0,0.35,-0.11,-0.015,0,-0.003
328.017,ROLLOUT,1.33,0.05,4.17,-0.125,2,1.074,0.022,0,0,0.35,-0.11,-0.015,0,-0.003
328.033,ROLLOUT,1.38,0.04,4.15,-0.104,2,1.078,0.022,0,0,0.35,-0.11,-0.015,0,-0.002
328.05,ROLLOUT,1.44,0.04,4.13,-0.083,2,1.081,0.023,0,0,0.35,-0.11,-0.015,0,-0.002
328.067,ROLLOUT,1.5,0.04,4.11,-0.06,2,1.089,0.023,0,0,0.35,-0.12,-0.015,0,-0.002
328.083,ROLLOUT,1.57,0.04,4.09,-0.037,2,1.094,0.023,0,0,0.35,-0.12,-0.015,0,-0.003
328.1,ROLLOUT,1.66,0.04,4.07,-0.013,2,1.096,0.023,0,0,0.35,-0.12,-0.015,0,-0.003
328.117,ROLLOUT,1.75,0.04,4.05,0.011,2,1.095,0.022,0,0,0.35,-0.12,-0.015,0,-0.004
328.133,ROLLOUT,1.85,0.04,4.03,0.034,2,1.09,0.022,0,0,0.35,-0.12,-0.015,0,-0.004
328.15,ROLLOUT,1.97,0.04,4.01,0.057,2,1.087,0.022,0,0,0.35,-0.12,-0.015,0,-0.004
328.167,ROLLOUT,2.1,0.03,3.99,0.079,2,1.084,0.022,0,0,0.35,-0.12,-0.015,0,-0.003
328.183,ROLLOUT,2.25,0.03,3.97,0.1,2,1.084,0.021,0,0,0.35,-0.12,-0.015,0,-0.003
328.2,ROLLOUT,2.4,0.03,3.95,0.121,2,1.078,0.021,0,0,0.35,-0.11,-0.015,0,-0.002
328.217,ROLLOUT,2.55,0.03,3.93,0.141,2,1.073,0.021,0,0,0.35,-0.11,-0.015,0,-0.002
328.233,ROLLOUT,2.71,0.03,3.9,0.161,2,1.071,0.02,0,0,0.35,-0.11,-0.015,0,-0.002
328.25,ROLLOUT,2.86,0.03,3.88,0.181,2,1.066,0.02,0,0,0.35,-0.11,-0.015,0,-0.003
328.267,ROLLOUT,3.02,0.02,3.86,0.199,2,1.068,0.019,0,0,0.35,-0.11,-0.015,0,-0.003
328.283,ROLLOUT,3.18,0.02,3.84,0.218,2,1.057,0.019,0,0,0.35,-0.1,-0.015,0,-0.004
328.3,ROLLOUT,3.35,0.02,3.82,0.234,2,1.05,0.019,0,0,0.35,-0.1,-0.015,0,-0.004
328.317,ROLLOUT,3.52,0.02,3.8,0.25,2,1.043,0.018,0,0,0.35,-0.09,-0.015,0,-0.004
328.333,ROLLOUT,3.69,0.02,3.78,0.265,2,1.042,0.018,0,0,0.35,-0.09,-0.015,0,-0.004
328.35,ROLLOUT,3.85,0.02,3.76,0.28,2,1.038,0.017,0,0,0.35,-0.09,-0.015,0,-0.004
328.367,ROLLOUT,4.01,0.01,3.75,0.294,2,1.038,0.017,0,0,0.35,-0.08,-0.015,0,-0.003
328.383,ROLLOUT,4.16,0.01,3.73,0.308,2,1.033,0.016,0,0,0.35,-0.08,-0.015,0,-0.003
328.4,ROLLOUT,4.3,0.01,3.71,0.321,2,1.028,0.016,0,0,0.35,-0.07,-0.015,0,-0.003
328.417,ROLLOUT,4.43,0.01,3.69,0.333,2,1.024,0.015,0,0,0.35,-0.07,-0.015,0,-0.003
328.433,ROLLOUT,4.55,0.01,3.67,0.345,2,1.018,0.015,0,0,0.35,-0.06,-0.014,0,-0.003
328.45,ROLLOUT,4.65,0.01,3.66,0.355,2,1.01,0.014,0,0,0.35,-0.06,-0.014,0,-0.003
328.467,ROLLOUT,4.74,0,3.64,0.364,2,1.005,0.014,0,0,0.35,-0.05,-0.014,0,-0.004
328.483,ROLLOUT,4.82,0,3.63,0.371,2,0.995,0.013,0,0,0.35,-0.04,-0.014,0,-0.004
328.5,ROLLOUT,4.88,0,3.61,0.377,2,0.986,0.013,0,0,0.35,-0.04,-0.014,0,-0.004
328.517,ROLLOUT,4.93,0,3.6,0.382,2,0.979,0.013,0,0,0.35,-0.03,-0.014,0,-0.003
328.533,ROLLOUT,4.95,0,3.58,0.385,2,0.973,0.012,0,0,0.35,-0.03,-0.013,0,-0.003
328.55,ROLLOUT,4.95,0,3.57,0.387,2,0.962,0.012,0,0,0.35,-0.02,-0.013,0,-0.003
328.567,ROLLOUT,4.93,0,3.56,0.386,2,0.949,0.011,0,0,0.35,-0.01,-0.013,0,-0.002
328.583,ROLLOUT,4.89,0,3.54,0.383,2,0.933,0.011,0,0,0.35,-0.01,-0.013,0,-0.002
328.6,ROLLOUT,4.82,0,3.53,0.377,2,0.915,0.011,0,0,0.35,0,-0.013,0,-0.002
328.617,ROLLOUT,4.74,-0.01,3.52,0.367,2,0.895,0.01,0,0,0.35,0.01,-0.012,0,-0.003
328.633,ROLLOUT,4.63,-0.01,3.51,0.354,2,0.872,0.01,0,0,0.35,0.01,-0.012,0,-0.003
328.65,ROLLOUT,4.5,-0.01,3.5,0.337,2,0.848,0.01,0,0,0.35,0.02,-0.012,0,-0.003
328.667,ROLLOUT,4.35,-0.01,3.49,0.316,2,0.825,0.01,0,0,0.35,0.02,-0.012,0,-0.003
328.683,ROLLOUT,4.18,-0.01,3.48,0.291,2,0.802,0.01,0,0,0.35,0.03,-0.011,0,-0.003
328.7,ROLLOUT,3.98,-0.01,3.48,0.263,2,0.781,0.01,0,0,0.35,0.04,-0.011,0,-0.003
328.717,ROLLOUT,3.77,-0.01,3.47,0.23,2,0.757,0.01,0,0,0.35,0.04,-0.011,0,-0.002
328.733,ROLLOUT,3.55,-0.01,3.46,0.194,2,0.736,0.01,0,0,0.35,0.04,-0.011,0,-0.002
328.75,ROLLOUT,3.31,-0.01,3.46,0.155,2,0.717,0.011,0,0,0.35,0.05,-0.011,0,-0.002
328.767,ROLLOUT,3.07,-0.01,3.45,0.112,2,0.69,0.011,0,0,0.35,0.05,-0.01,0,-0.002
328.783,ROLLOUT,2.82,-0.01,3.45,0.065,2,0.667,0.012,0,0,0.35,0.05,-0.01,0,-0.002
328.8,ROLLOUT,2.56,0,3.44,0.015,2,0.652,0.013,0,0,0.35,0.05,-0.01,0,-0.002
328.817,ROLLOUT,2.3,0,3.44,-0.037,2,0.645,0.013,0,0,0.35,0.05,-0.01,0,-0.003
328.833,ROLLOUT,2.05,0,3.43,-0.089,2,0.646,0.014,0,0,0.35,0.05,-0.01,0,-0.003
328.85,ROLLOUT,1.8,0,3.43,-0.14,2,0.65,0.015,0,0,0.35,0.05,-0.01,0,-0.003
328.867,ROLLOUT,1.56,0,3.42,-0.19,2,0.659,0.016,0,0,0.35,0.05,-0.01,0,-0.003
328.883,ROLLOUT,1.33,0,3.42,-0.241,2,0.655,0.016,0,0,0.35,0.05,-0.009,0,-0.002
328.9,ROLLOUT,1.13,0,3.41,-0.289,2,0.671,0.016,0,0,0.35,0.05,-0.009,0,-0.002
328.917,ROLLOUT,0.94,0,3.41,-0.334,2,0.689,0.017,0,0,0.35,0.04,-0.009,0,-0.002
328.933,ROLLOUT,0.78,0,3.4,-0.378,2,0.69,0.018,0,0,0.35,0.04,-0.009,0,-0.002
328.95,ROLLOUT,0.63,0,3.4,-0.417,2,0.732,0.018,0,0,0.35,0.03,-0.009,0,-0.002
328.967,ROLLOUT,0.5,0,3.39,-0.448,2,0.794,0.019,0,0,0.35,0.02,-0.009,0,-0.002
328.983,ROLLOUT,0.38,0.01,3.39,-0.469,2,0.846,0.019,0,0,0.35,0.02,-0.009,0,-0.002
329,ROLLOUT,0.29,0.01,3.38,-0.48,2,0.905,0.018,0,0,0.35,0.01,-0.009,0,-0.003
329.017,ROLLOUT,0.21,0.01,3.38,-0.488,2,0.901,0.018,0,0,0.35,0,-0.009,0,-0.003
329.033,ROLLOUT,0.15,0.01,3.37,-0.492,2,0.951,0.019,0,0,0.35,-0.01,-0.009,0,-0.003
329.05,ROLLOUT,0.09,0.01,3.37,-0.489,2,0.981,0.019,0,0,0.35,-0.02,-0.009,0,-0.003
329.067,ROLLOUT,0.03,0.01,3.36,-0.488,2,0.947,0.019,0,0,0.35,-0.02,-0.009,0,-0.002
329.083,ROLLOUT,-0.02,0.01,3.35,-0.485,2,0.98,0.021,0,0,0.35,-0.03,-0.009,0,-0.002
329.1,ROLLOUT,-0.08,0.01,3.35,-0.477,2,1.024,0.021,0,0,0.35,-0.04,-0.009,0,-0.002
329.117,ROLLOUT,-0.12,0.01,3.34,-0.462,2,1.059,0.021,0,0,0.35,-0.05,-0.009,0,-0.002
329.133,ROLLOUT,-0.16,0.01,3.34,-0.441,2,1.092,0.021,0,0,0.35,-0.06,-0.009,0,-0.002
329.15,ROLLOUT,-0.17,0.01,3.33,-0.416,2,1.11,0.022,0,0,0.35,-0.06,-0.009,0,-0.002
329.167,ROLLOUT,-0.17,0.01,3.32,-0.388,2,1.134,0.022,0,0,0.35,-0.07,-0.009,0,-0.002
329.183,ROLLOUT,-0.16,0.01,3.31,-0.358,2,1.149,0.021,0,0,0.35,-0.08,-0.009,0,-0.003
329.2,ROLLOUT,-0.15,0.01,3.31,-0.325,2,1.171,0.022,0,0,0.35,-0.08,-0.01,0,-0.003
329.217,ROLLOUT,-0.14,0.01,3.3,-0.289,2,1.179,0.023,0,0,0.35,-0.09,-0.01,0,-0.003
329.233,ROLLOUT,-0.14,0.01,3.29,-0.252,2,1.186,0.023,0,0,0.35,-0.09,-0.01,0,-0.002
329.25,ROLLOUT,-0.14,0,3.28,-0.215,2,1.191,0.023,0,0,0.35,-0.1,-0.01,0,-0.002
329.267,ROLLOUT,-0.12,0,3.27,-0.177,2,1.192,0.023,0,0,0.35,-0.1,-0.01,0,-0.002
329.283,ROLLOUT,-0.11,0,3.26,-0.141,2,1.186,0.023,0,0,0.35,-0.11,-0.01,0,-0.002
329.3,ROLLOUT,-0.08,0,3.25,-0.105,2,1.178,0.023,0,0,0.35,-0.11,-0.01,0,-0.002
329.317,ROLLOUT,-0.05,0,3.23,-0.072,2,1.169,0.024,0,0,0.35,-0.11,-0.011,0,-0.002
329.333,ROLLOUT,0,0,3.22,-0.04,2,1.158,0.024,0,0,0.35,-0.11,-0.011,0,-0.002
329.35,ROLLOUT,0.06,0,3.21,-0.01,2,1.146,0.024,0,0,0.35,-0.11,-0.011,0,-0.003
329.367,ROLLOUT,0.12,-0.01,3.2,0.018,2,1.136,0.024,0,0,0.35,-0.11,-0.011,0,-0.003
329.383,ROLLOUT,0.2,-0.01,3.18,0.044,2,1.127,0.024,0,0,0.35,-0.11,-0.011,0,-0.003
329.4,ROLLOUT,0.29,-0.01,3.17,0.069,2,1.116,0.024,0,0,0.35,-0.11,-0.011,0,-0.003
329.417,ROLLOUT,0.39,-0.01,3.16,0.093,2,1.118,0.023,0,0,0.35,-0.11,-0.011,0,-0.003
329.433,ROLLOUT,0.5,-0.01,3.14,0.116,2,1.107,0.023,0,0,0.35,-0.11,-0.012,0,-0.003
329.45,ROLLOUT,0.62,-0.02,3.13,0.137,2,1.095,0.023,0,0,0.35,-0.11,-0.012,0,-0.003
329.467,ROLLOUT,0.76,-0.02,3.11,0.157,2,1.09,0.023,0,0,0.35,-0.11,-0.012,0,-0.003
329.483,ROLLOUT,0.91,-0.02,3.1,0.176,2,1.076,0.022,0,0,0.35,-0.1,-0.012,0,-0.003
329.5,ROLLOUT,1.08,-0.02,3.09,0.192,2,1.063,0.022,0,0,0.35,-0.1,-0.012,0,-0.003
329.517,ROLLOUT,1.25,-0.03,3.07,0.207,2,1.052,0.022,0,0,0.35,-0.1,-0.012,0,-0.003
329.533,ROLLOUT,1.44,-0.03,3.06,0.22,2,1.045,0.021,0,0,0.35,-0.1,-0.012,0,-0.003
329.55,ROLLOUT,1.62,-0.03,3.04,0.232,2,1.041,0.02,0,0,0.35,-0.09,-0.012,0,-0.003
329.567,ROLLOUT,1.81,-0.03,3.03,0.243,2,1.03,0.019,0,0,0.35,-0.09,-0.012,0,-0.003
329.583,ROLLOUT,1.99,-0.03,3.01,0.252,2,1.02,0.019,0,0,0.35,-0.08,-0.012,0,-0.003
329.6,ROLLOUT,2.18,-0.04,3,0.26,2,1.01,0.019,0,0,0.35,-0.08,-0.012,0,-0.003
329.617,ROLLOUT,2.38,-0.04,2.99,0.266,2,0.997,0.018,0,0,0.35,-0.08,-0.012,0,-0.003
329.633,ROLLOUT,2.59,-0.04,2.97,0.271,2,0.991,0.018,0,0,0.35,-0.07,-0.012,0,-0.003
329.65,ROLLOUT,2.79,-0.04,2.96,0.275,2,0.984,0.017,0,0,0.35,-0.07,-0.012,0,-0.003
329.667,ROLLOUT,2.99,-0.04,2.95,0.278,2,0.981,0.016,0,0,0.35,-0.06,-0.012,0,-0.003
329.683,ROLLOUT,3.18,-0.05,2.93,0.281,2,0.979,0.016,0,0,0.35,-0.06,-0.012,0,-0.003
329.7,ROLLOUT,3.36,-0.05,2.92,0.283,2,0.979,0.015,0,0,0.35,-0.05,-0.011,0,-0.003
329.717,ROLLOUT,3.53,-0.05,2.91,0.286,2,0.978,0.015,0,0,0.35,-0.05,-0.011,0,-0.003
329.733,ROLLOUT,3.69,-0.05,2.9,0.289,2,0.977,0.014,0,0,0.35,-0.04,-0.011,0,-0.003
329.75,ROLLOUT,3.84,-0.05,2.89,0.291,2,0.976,0.014,0,0,0.35,-0.04,-0.011,0,-0.003
329.767,ROLLOUT,3.98,-0.05,2.87,0.294,2,0.975,0.014,0,0,0.35,-0.03,-0.011,0,-0.003
329.783,ROLLOUT,4.11,-0.05,2.86,0.296,2,0.973,0.013,0,0,0.35,-0.03,-0.01,0,-0.003
329.8,ROLLOUT,4.22,-0.05,2.85,0.298,2,0.973,0.013,0,0,0.35,-0.02,-0.01,0,-0.002
329.817,ROLLOUT,4.31,-0.05,2.84,0.299,2,0.969,0.013,0,0,0.35,-0.02,-0.01,0,-0.002
329.833,ROLLOUT,4.39,-0.05,2.83,0.3,2,0.965,0.012,0,0,0.35,-0.01,-0.01,0,-0.002
329.85,ROLLOUT,4.44,-0.05,2.82,0.3,2,0.96,0.012,0,0,0.35,-0.01,-0.009,0,-0.002
329.867,ROLLOUT,4.47,-0.05,2.81,0.299,2,0.956,0.012,0,0,0.35,0,-0.009,0,-0.002
329.883,ROLLOUT,4.48,-0.05,2.8,0.297,2,0.948,0.012,0,0,0.35,0,-0.009,0,-0.002
329.9,ROLLOUT,4.47,-0.05,2.79,0.293,2,0.938,0.011,0,0,0.35,0.01,-0.008,0,-0.002
329.917,ROLLOUT,4.44,-0.05,2.79,0.288,2,0.924,0.011,0,0,0.35,0.01,-0.008,0,-0.002
329.933,ROLLOUT,4.39,-0.05,2.78,0.28,2,0.911,0.011,0,0,0.35,0.02,-0.008,0,-0.002
329.95,ROLLOUT,4.32,-0.05,2.77,0.269,2,0.894,0.011,0,0,0.35,0.02,-0.007,0,-0.002
329.967,ROLLOUT,4.23,-0.05,2.76,0.255,2,0.875,0.011,0,0,0.35,0.02,-0.007,0,-0.002
329.983,ROLLOUT,4.12,-0.05,2.76,0.239,2,0.856,0.011,0,0,0.35,0.03,-0.007,0,-0.002
330,ROLLOUT,3.99,-0.05,2.75,0.218,2,0.837,0.011,0,0,0.35,0.03,-0.006,0,-0.002
330.017,ROLLOUT,3.84,-0.04,2.75,0.195,2,0.82,0.012,0,0,0.35,0.04,-0.006,0,-0.002
330.033,ROLLOUT,3.68,-0.04,2.74,0.17,2,0.803,0.012,0,0,0.35,0.04,-0.006,0,-0.002
330.05,ROLLOUT,3.5,-0.04,2.74,0.141,2,0.785,0.012,0,0,0.35,0.04,-0.005,0,-0.002
330.067,ROLLOUT,3.32,-0.04,2.73,0.11,2,0.771,0.013,0,0,0.35,0.05,-0.005,0,-0.002
330.083,ROLLOUT,3.14,-0.03,2.73,0.076,2,0.76,0.013,0,0,0.35,0.05,-0.005,0,-0.002
330.1,ROLLOUT,2.95,-0.03,2.72,0.042,2,0.753,0.014,0,0,0.35,0.05,-0.004,0,-0.002
330.117,ROLLOUT,2.75,-0.03,2.72,0.006,2,0.751,0.014,0,0,0.35,0.05,-0.004,0,-0.002
330.133,ROLLOUT,2.56,-0.03,2.72,-0.029,2,0.753,0.015,0,0,0.35,0.05,-0.004,0,-0.002
330.15,ROLLOUT,2.38,-0.02,2.71,-0.063,2,0.758,0.015,0,0,0.35,0.05,-0.003,0,-0.002
330.167,ROLLOUT,2.19,-0.02,2.71,-0.096,2,0.766,0.016,0,0,0.35,0.05,-0.003,0,-0.002
330.183,ROLLOUT,2.02,-0.02,2.71,-0.128,2,0.776,0.016,0,0,0.35,0.05,-0.003,0,-0.002
330.2,ROLLOUT,1.85,-0.01,2.7,-0.158,2,0.789,0.017,0,0,0.35,0.05,-0.003,0,-0.002
330.217,ROLLOUT,1.69,-0.01,2.7,-0.186,2,0.787,0.017,0,0,0.35,0.04,-0.002,0,-0.002
330.233,ROLLOUT,1.54,-0.01,2.7,-0.213,2,0.805,0.017,0,0,0.35,0.04,-0.002,0,-0.002
330.25,ROLLOUT,1.4,0,2.7,-0.237,2,0.822,0.017,0,0,0.35,0.04,-0.002,0,-0.002
330.267,ROLLOUT,1.27,0,2.7,-0.258,2,0.841,0.017,0,0,0.35,0.03,-0.002,0,-0.002
330.283,ROLLOUT,1.14,0.01,2.7,-0.276,2,0.861,0.018,0,0,0.35,0.03,-0.002,0,-0.002
330.3,ROLLOUT,1.03,0.01,2.69,-0.291,2,0.876,0.018,0,0,0.35,0.03,-0.001,0,-0.002
330.317,ROLLOUT,0.92,0.01,2.69,-0.302,2,0.899,0.018,0,0,0.35,0.02,-0.001,0,-0.002
330.333,ROLLOUT,0.82,0.02,2.69,-0.31,2,0.926,0.018,0,0,0.35,0.02,-0.001,0,-0.001
330.35,ROLLOUT,0.73,0.02,2.69,-0.314,2,0.949,0.018,0,0,0.35,0.01,-0.001,0,-0.001
330.367,ROLLOUT,0.64,0.02,2.69,-0.314,2,0.962,0.018,0,0,0.35,0.01,-0.001,0,-0.001
330.383,ROLLOUT,0.56,0.02,2.69,-0.312,2,0.978,0.018,0,0,0.35,0,-0.001,0,-0.001
330.4,ROLLOUT,0.48,0.03,2.69,-0.308,2,1,0.018,0,0,0.35,0,-0.001,0,-0.001
330.417,ROLLOUT,0.41,0.03,2.69,-0.3,2,1.021,0.019,0,0,0.35,-0.01,-0.001,0,-0.001
330.433,ROLLOUT,0.34,0.03,2.69,-0.289,2,1.031,0.019,0,0,0.35,-0.01,-0.001,0,-0.001
330.45,ROLLOUT,0.26,0.04,2.69,-0.278,2,1.041,0.018,0,0,0.35,-0.02,-0.001,0,-0.001
330.467,ROLLOUT,0.19,0.04,2.69,-0.264,2,1.053,0.019,0,0,0.35,-0.02,-0.001,0,-0.001
330.483,ROLLOUT,0.11,0.04,2.69,-0.25,2,1.056,0.019,0,0,0.35,-0.03,-0.001,0,-0.001
330.5,ROLLOUT,0.03,0.04,2.69,-0.235,2,1.06,0.019,0,0,0.35,-0.03,-0.001,0,-0.001
330.517,ROLLOUT,-0.04,0.05,2.69,-0.22,2,1.064,0.019,0,0,0.35,-0.04,-0.001,0,-0.001
330.533,ROLLOUT,-0.12,0.05,2.69,-0.205,2,1.061,0.02,0,0,0.35,-0.04,-0.001,0,-0.001
330.55,ROLLOUT,-0.19,0.05,2.68,-0.19,2,1.06,0.02,0,0,0.35,-0.04,-0.002,0,-0.001
330.567,ROLLOUT,-0.26,0.05,2.68,-0.175,2,1.059,0.02,0,0,0.35,-0.05,-0.002,0,-0.001
330.583,ROLLOUT,-0.34,0.05,2.68,-0.162,2,1.05,0.021,0,0,0.35,-0.05,-0.002,0,-0.001
330.6,ROLLOUT,-0.4,0.05,2.68,-0.15,2,1.046,0.021,0,0,0.35,-0.05,-0.002,0,-0.002
330.617,ROLLOUT,-0.46,0.05,2.68,-0.139,2,1.039,0.021,0,0,0.35,-0.06,-0.003,0,-0.002
330.633,ROLLOUT,-0.52,0.05,2.68,-0.129,2,1.031,0.021,0,0,0.35,-0.06,-0.003,0,-0.002
330.65,ROLLOUT,-0.56,0.05,2.67,-0.12,2,1.024,0.021,0,0,0.35,-0.06,-0.003,0,-0.002
330.667,ROLLOUT,-0.6,0.05,2.67,-0.113,2,1.017,0.022,0,0,0.35,-0.06,-0.004,0,-0.002
330.683,ROLLOUT,-0.62,0.05,2.67,-0.107,2,1.008,0.022,0,0,0.35,-0.06,-0.004,0,-0.002
330.7,ROLLOUT,-0.63,0.05,2.66,-0.102,2,1.001,0.022,0,0,0.35,-0.07,-0.004,0,-0.002
330.717,ROLLOUT,-0.63,0.05,2.66,-0.098,2,0.996,0.022,0,0,0.35,-0.07,-0.004,0,-0.002
330.733,ROLLOUT,-0.61,0.05,2.66,-0.095,2,0.995,0.022,0,0,0.35,-0.07,-0.005,0,-0.002
330.75,ROLLOUT,-0.58,0.05,2.65,-0.09,2,1.002,0.022,0,0,0.35,-0.07,-0.005,0,-0.002
330.767,ROLLOUT,-0.53,0.05,2.65,-0.084,2,1.014,0.022,0,0,0.35,-0.07,-0.006,0,-0.002
330.783,ROLLOUT,-0.47,0.04,2.64,-0.077,2,1.019,0.022,0,0,0.35,-0.07,-0.006,0,-0.002
330.8,ROLLOUT,-0.39,0.04,2.63,-0.068,2,1.03,0.021,0,0,0.35,-0.08,-0.006,0,-0.002
330.817,ROLLOUT,-0.3,0.04,2.63,-0.057,2,1.039,0.021,0,0,0.35,-0.08,-0.006,0,-0.002
330.833,ROLLOUT,-0.21,0.04,2.62,-0.046,2,1.043,0.021,0,0,0.35,-0.08,-0.007,0,-0.002
330.85,ROLLOUT,-0.1,0.03,2.61,-0.034,2,1.047,0.02,0,0,0.35,-0.08,-0.007,0,-0.002
330.867,ROLLOUT,0.01,0.03,2.61,-0.021,2,1.05,0.02,0,0,0.35,-0.08,-0.007,0,-0.002
330.883,ROLLOUT,0.12,0.03,2.6,-0.008,2,1.052,0.02,0,0,0.35,-0.08,-0.007,0,-0.002
330.9,ROLLOUT,0.24,0.03,2.59,0.005,2,1.054,0.02,0,0,0.35,-0.08,-0.008,0,-0.002
330.917,ROLLOUT,0.37,0.02,2.58,0.019,2,1.055,0.02,0,0,0.35,-0.08,-0.008,0,-0.002
330.933,ROLLOUT,0.5,0.02,2.58,0.033,2,1.054,0.02,0,0,0.35,-0.08,-0.008,0,-0.002
330.95,ROLLOUT,0.63,0.02,2.57,0.047,2,1.056,0.02,0,0,0.35,-0.08,-0.008,0,-0.002
330.967,ROLLOUT,0.76,0.01,2.56,0.061,2,1.056,0.02,0,0,0.35,-0.08,-0.008,0,-0.002
330.983,ROLLOUT,0.9,0.01,2.55,0.074,2,1.049,0.02,0,0,0.35,-0.08,-0.008,0,-0.002
331,ROLLOUT,1.04,0.01,2.54,0.086,2,1.045,0.019,0,0,0.35,-0.08,-0.009,0,-0.003
331.017,ROLLOUT,1.18,0,2.53,0.099,2,1.043,0.019,0,0,0.35,-0.08,-0.009,0,-0.003
331.033,ROLLOUT,1.32,0,2.53,0.11,2,1.042,0.019,0,0,0.35,-0.07,-0.009,0,-0.003
331.05,ROLLOUT,1.46,0,2.52,0.121,2,1.033,0.019,0,0,0.35,-0.07,-0.009,0,-0.003
331.067,ROLLOUT,1.6,-0.01,2.51,0.131,2,1.032,0.019,0,0,0.35,-0.07,-0.009,0,-0.002
331.083,ROLLOUT,1.74,-0.01,2.5,0.141,2,1.026,0.018,0,0,0.35,-0.07,-0.009,0,-0.002
331.1,ROLLOUT,1.88,-0.01,2.49,0.15,2,1.027,0.018,0,0,0.35,-0.07,-0.009,0,-0.002
331.117,ROLLOUT,2.02,-0.01,2.48,0.159,2,1.023,0.018,0,0,0.35,-0.06,-0.009,0,-0.002
331.133,ROLLOUT,2.16,-0.02,2.48,0.168,2,1.02,0.018,0,0,0.35,-0.06,-0.009,0,-0.002
331.15,ROLLOUT,2.3,-0.02,2.47,0.176,2,1.017,0.017,0,0,0.35,-0.06,-0.008,0,-0.002
331.167,ROLLOUT,2.44,-0.02,2.46,0.184,2,1.014,0.017,0,0,0.35,-0.06,-0.008,0,-0.002
331.183,ROLLOUT,2.57,-0.02,2.45,0.191,2,1.01,0.017,0,0,0.35,-0.05,-0.008,0,-0.002
331.2,ROLLOUT,2.69,-0.03,2.44,0.197,2,1.006,0.016,0,0,0.35,-0.05,-0.008,0,-0.002
331.217,ROLLOUT,2.8,-0.03,2.44,0.203,2,1.002,0.016,0,0,0.35,-0.05,-0.008,0,-0.002
331.233,ROLLOUT,2.91,-0.03,2.43,0.208,2,0.996,0.016,0,0,0.35,-0.04,-0.008,0,-0.002
331.25,ROLLOUT,3.01,-0.03,2.42,0.212,2,0.989,0.016,0,0,0.35,-0.04,-0.008,0,-0.002
331.267,ROLLOUT,3.1,-0.04,2.41,0.215,2,0.981,0.015,0,0,0.35,-0.04,-0.007,0,-0.002
331.283,ROLLOUT,3.18,-0.04,2.41,0.216,2,0.973,0.015,0,0,0.35,-0.03,-0.007,0,-0.002
331.3,ROLLOUT,3.25,-0.04,2.4,0.216,2,0.965,0.015,0,0,0.35,-0.03,-0.007,0,-0.002
331.317,ROLLOUT,3.31,-0.04,2.39,0.215,2,0.957,0.014,0,0,0.35,-0.03,-0.007,0,-0.002
331.333,ROLLOUT,3.36,-0.04,2.38,0.212,2,0.95,0.014,0,0,0.35,-0.02,-0.007,0,-0.002
331.35,ROLLOUT,3.4,-0.04,2.38,0.208,2,0.942,0.014,0,0,0.35,-0.02,-0.006,0,-0.001
331.367,ROLLOUT,3.42,-0.04,2.37,0.203,2,0.936,0.014,0,0,0.35,-0.01,-0.006,0,-0.001
331.383,ROLLOUT,3.43,-0.04,2.36,0.197,2,0.929,0.014,0,0,0.35,-0.01,-0.006,0,-0.001
331.4,ROLLOUT,3.43,-0.04,2.36,0.19,2,0.921,0.013,0,0,0.35,-0.01,-0.006,0,-0.001
331.417,ROLLOUT,3.42,-0.04,2.35,0.182,2,0.914,0.013,0,0,0.35,0,-0.005,0,-0.001
331.433,ROLLOUT,3.39,-0.04,2.34,0.172,2,0.906,0.013,0,0,0.35,0,-0.005,0,-0.001
331.45,ROLLOUT,3.36,-0.04,2.34,0.161,2,0.898,0.013,0,0,0.35,0,-0.005,0,-0.001
331.467,ROLLOUT,3.32,-0.04,2.33,0.148,2,0.891,0.013,0,0,0.35,0,-0.004,0,-0.001
331.483,ROLLOUT,3.26,-0.04,2.33,0.135,2,0.885,0.014,0,0,0.35,0.01,-0.004,0,-0.001
331.5,ROLLOUT,3.19,-0.04,2.32,0.12,2,0.879,0.014,0,0,0.35,0.01,-0.003,0,-0.001
331.517,ROLLOUT,3.12,-0.04,2.32,0.105,2,0.874,0.014,0,0,0.35,0.01,-0.003,0,-0.001
331.533,ROLLOUT,3.03,-0.03,2.31,0.089,2,0.869,0.014,0,0,0.35,0.01,-0.003,0,-0.001
331.55,ROLLOUT,2.94,-0.03,2.31,0.072,2,0.866,0.014,0,0,0.35,0.01,-0.002,0,-0.001
331.567,ROLLOUT,2.84,-0.03,2.3,0.055,2,0.864,0.015,0,0,0.35,0.02,-0.002,0,-0.001
331.583,ROLLOUT,2.75,-0.03,2.3,0.038,2,0.863,0.015,0,0,0.35,0.02,-0.002,0,-0.001
331.6,ROLLOUT,2.64,-0.03,2.3,0.02,2,0.864,0.015,0,0,0.35,0.02,-0.001,0,-0.001
331.617,ROLLOUT,2.54,-0.02,2.29,0.003,2,0.866,0.016,0,0,0.35,0.02,-0.001,0,-0.001
331.633,ROLLOUT,2.44,-0.02,2.29,-0.013,2,0.87,0.016,0,0,0.35,0.02,-0.001,0,-0.001
331.65,ROLLOUT,2.33,-0.02,2.29,-0.029,2,0.875,0.016,0,0,0.35,0.02,-0.001,0,-0.001
331.667,ROLLOUT,2.23,-0.01,2.28,-0.044,2,0.882,0.016,0,0,0.35,0.02,0,0,-0.001
331.683,ROLLOUT,2.13,-0.01,2.28,-0.057,2,0.889,0.017,0,0,0.35,0.02,0,0,-0.001
331.7,ROLLOUT,2.03,-0.01,2.28,-0.069,2,0.897,0.017,0,0,0.35,0.02,0,0,-0.001
331.717,ROLLOUT,1.93,0,2.27,-0.08,2,0.906,0.017,0,0,0.35,0.02,0,0,-0.001
331.733,ROLLOUT,1.84,0,2.27,-0.089,2,0.914,0.017,0,0,0.35,0.01,0.001,0,-0.001
331.75,ROLLOUT,1.75,0,2.27,-0.098,2,0.921,0.017,0,0,0.35,0.01,0.001,0,-0.001
331.767,ROLLOUT,1.66,0.01,2.27,-0.105,2,0.928,0.017,0,0,0.35,0.01,0.001,0,-0.001
331.783,ROLLOUT,1.58,0.01,2.26,-0.111,2,0.937,0.017,0,0,0.35,0.01,0.001,0,-0.001
331.8,ROLLOUT,1.5,0.01,2.26,-0.115,2,0.946,0.018,0,0,0.35,0.01,0.001,0,-0.001
331.817,ROLLOUT,1.42,0.02,2.26,-0.118,2,0.955,0.018,0,0,0.35,0.01,0.002,0,-0.001
331.833,ROLLOUT,1.34,0.02,2.26,-0.119,2,0.963,0.018,0,0,0.35,0,0.002,0,-0.001
331.85,ROLLOUT,1.26,0.03,2.26,-0.12,2,0.971,0.018,0,0,0.35,0,0.002,0,-0.001
331.867,ROLLOUT,1.19,0.03,2.25,-0.119,2,0.978,0.018,0,0,0.35,0,0.002,0,-0.001
331.883,ROLLOUT,1.11,0.03,2.25,-0.117,2,0.984,0.018,0,0,0.35,0,0.002,0,-0.001
331.9,ROLLOUT,1.04,0.04,2.25,-0.115,2,0.986,0.018,0,0,0.35,0,0.002,0,-0.001
331.917,ROLLOUT,0.97,0.04,2.25,-0.112,2,0.988,0.018,0,0,0.35,-0.01,0.002,0,-0.001
331.933,ROLLOUT,0.9,0.04,2.25,-0.109,2,0.99,0.018,0,0,0.35,-0.01,0.002,0,-0.001
331.95,ROLLOUT,0.83,0.05,2.25,-0.106,2,0.992,0.018,0,0,0.35,-0.01,0.002,0,-0.001
331.967,ROLLOUT,0.76,0.05,2.25,-0.103,2,0.992,0.018,0,0,0.35,-0.01,0.002,0,-0.001
331.983,ROLLOUT,0.69,0.05,2.25,-0.099,2,0.992,0.018,0,0,0.35,-0.01,0.002,0,-0.001
332,ROLLOUT,0.62,0.05,2.25,-0.096,2,0.991,0.018,0,0,0.35,-0.01,0.001,0,-0.001
332.017,ROLLOUT,0.55,0.06,2.25,-0.094,2,0.987,0.019,0,0,0.35,-0.02,0.001,0,-0.001
332.033,ROLLOUT,0.49,0.06,2.25,-0.092,2,0.982,0.019,0,0,0.35,-0.02,0.001,0,-0.001
332.05,ROLLOUT,0.43,0.06,2.25,-0.091,2,0.978,0.019,0,0,0.35,-0.02,0.001,0,-0.001
332.067,ROLLOUT,0.37,0.06,2.24,-0.091,2,0.974,0.018,0,0,0.35,-0.02,0.001,0,-0.001
332.083,ROLLOUT,0.31,0.06,2.24,-0.091,2,0.97,0.019,0,0,0.35,-0.02,0.001,0,-0.001
332.1,ROLLOUT,0.26,0.06,2.24,-0.092,2,0.967,0.019,0,0,0.35,-0.02,0,0,-0.001
332.117,ROLLOUT,0.21,0.07,2.24,-0.094,2,0.964,0.019,0,0,0.35,-0.03,0,0,-0.001
332.133,ROLLOUT,0.17,0.07,2.24,-0.096,2,0.961,0.019,0,0,0.35,-0.03,0,0,-0.001
332.15,ROLLOUT,0.13,0.07,2.24,-0.098,2,0.959,0.019,0,0,0.35,-0.03,0,0,-0.001
332.167,ROLLOUT,0.1,0.07,2.24,-0.101,2,0.958,0.019,0,0,0.35,-0.03,-0.001,0,-0.001
332.183,ROLLOUT,0.07,0.07,2.24,-0.104,2,0.957,0.019,0,0,0.35,-0.03,-0.001,0,-0.001
332.2,ROLLOUT,0.06,0.07,2.24,-0.107,2,0.957,0.019,0,0,0.35,-0.03,-0.001,0,-0.001
332.217,ROLLOUT,0.04,0.07,2.24,-0.109,2,0.958,0.019,0,0,0.35,-0.04,-0.002,0,-0.001
332.233,ROLLOUT,0.04,0.06,2.24,-0.112,2,0.961,0.019,0,0,0.35,-0.04,-0.002,0,-0.001
332.25,ROLLOUT,0.03,0.06,2.24,-0.113,2,0.964,0.019,0,0,0.35,-0.04,-0.002,0,-0.001
332.267,ROLLOUT,0.04,0.06,2.24,-0.115,2,0.967,0.019,0,0,0.35,-0.04,-0.003,0,-0.001
332.283,ROLLOUT,0.05,0.06,2.23,-0.115,2,0.971,0.019,0,0,0.35,-0.04,-0.003,0,-0.001
332.3,ROLLOUT,0.06,0.06,2.23,-0.115,2,0.975,0.019,0,0,0.35,-0.04,-0.003,0,-0.001
332.317,ROLLOUT,0.08,0.06,2.23,-0.114,2,0.98,0.019,0,0,0.35,-0.05,-0.004,0,-0.001
332.333,ROLLOUT,0.11,0.05,2.23,-0.112,2,0.985,0.019,0,0,0.35,-0.05,-0.004,0,-0.001
332.35,ROLLOUT,0.14,0.05,2.23,-0.11,2,0.991,0.019,0,0,0.35,-0.05,-0.004,0,-0.002
332.367,ROLLOUT,0.17,0.05,2.23,-0.106,2,0.996,0.019,0,0,0.35,-0.05,-0.005,0,-0.002
332.383,ROLLOUT,0.21,0.04,2.23,-0.102,2,1,0.019,0,0,0.35,-0.05,-0.005,0,-0.002
332.4,ROLLOUT,0.25,0.04,2.22,-0.097,2,1.004,0.019,0,0,0.35,-0.06,-0.005,0,-0.002
332.417,ROLLOUT,0.29,0.04,2.22,-0.091,2,1.008,0.019,0,0,0.35,-0.06,-0.005,0,-0.002
332.433,ROLLOUT,0.33,0.03,2.22,-0.085,2,1.012,0.019,0,0,0.35,-0.06,-0.006,0,-0.002
332.45,ROLLOUT,0.38,0.03,2.22,-0.078,2,1.015,0.019,0,0,0.35,-0.06,-0.006,0,-0.002
332.467,ROLLOUT,0.42,0.02,2.21,-0.071,2,1.016,0.019,0,0,0.35,-0.06,-0.006,0,-0.002
332.483,ROLLOUT,0.47,0.02,2.21,-0.064,2,1.018,0.019,0,0,0.35,-0.06,-0.006,0,-0.002
332.5,ROLLOUT,0.52,0.01,2.21,-0.056,2,1.02,0.019,0,0,0.35,-0.06,-0.007,0,-0.002
332.517,ROLLOUT,0.57,0.01,2.21,-0.048,2,1.021,0.019,0,0,0.35,-0.07,-0.007,0,-0.002
332.533,ROLLOUT,0.62,0.01,2.2,-0.04,2,1.022,0.019,0,0,0.35,-0.07,-0.007,0,-0.002
332.55,ROLLOUT,0.67,0,2.2,-0.032,2,1.023,0.019,0,0,0.35,-0.07,-0.007,0,-0.002
332.567,ROLLOUT,0.72,0,2.2,-0.023,2,1.023,0.019,0,0,0.35,-0.07,-0.008,0,-0.002
332.583,ROLLOUT,0.77,-0.01,2.19,-0.015,2,1.023,0.019,0,0,0.35,-0.07,-0.008,0,-0.002
332.6,ROLLOUT,0.83,-0.01,2.19,-0.007,2,1.023,0.019,0,0,0.35,-0.07,-0.008,0,-0.002
332.617,ROLLOUT,0.88,-0.02,2.19,0.001,2,1.022,0.019,0,0,0.35,-0.07,-0.008,0,-0.002
332.633,ROLLOUT,0.93,-0.02,2.18,0.009,2,1.021,0.019,0,0,0.35,-0.07,-0.008,0,-0.001
332.65,ROLLOUT,0.99,-0.03,2.18,0.017,2,1.021,0.019,0,0,0.35,-0.07,-0.008,0,-0.001
332.667,ROLLOUT,1.04,-0.03,2.17,0.025,2,1.02,0.019,0,0,0.35,-0.07,-0.008,0,-0.001
332.683,ROLLOUT,1.1,-0.04,2.17,0.033,2,1.018,0.019,0,0,0.35,-0.07,-0.008,0,-0.001
332.7,ROLLOUT,1.15,-0.04,2.17,0.04,2,1.017,0.019,0,0,0.35,-0.07,-0.008,0,-0.001
332.717,ROLLOUT,1.21,-0.05,2.16,0.047,2,1.015,0.019,0,0,0.35,-0.07,-0.008,0,-0.001
332.733,ROLLOUT,1.27,-0.05,2.16,0.054,2,1.013,0.019,0,0,0.35,-0.07,-0.008,0,-0.001
332.75,ROLLOUT,1.32,-0.05,2.15,0.06,2,1.011,0.018,0,0,0.35,-0.07,-0.008,0,-0.001
332.767,ROLLOUT,1.38,-0.06,2.15,0.066,2,1.008,0.018,0,0,0.35,-0.06,-0.008,0,-0.001
332.783,ROLLOUT,1.44,-0.06,2.14,0.071,2,1.006,0.018,0,0,0.35,-0.06,-0.008,0,-0.001
332.8,ROLLOUT,1.49,-0.06,2.14,0.077,2,1.004,0.018,0,0,0.35,-0.06,-0.008,0,-0.001
332.817,ROLLOUT,1.55,-0.07,2.13,0.081,2,1.001,0.018,0,0,0.35,-0.06,-0.008,0,-0.001
332.833,ROLLOUT,1.61,-0.07,2.13,0.086,2,0.999,0.018,0,0,0.35,-0.06,-0.007,0,-0.001
332.85,ROLLOUT,1.66,-0.07,2.12,0.09,2,0.997,0.018,0,0,0.35,-0.06,-0.007,0,-0.001
332.867,ROLLOUT,1.72,-0.07,2.12,0.094,2,0.995,0.018,0,0,0.35,-0.06,-0.007,0,-0.001
332.883,ROLLOUT,1.77,-0.08,2.11,0.097,2,0.992,0.018,0,0,0.35,-0.05,-0.007,0,-0.001
332.9,ROLLOUT,1.83,-0.08,2.11,0.1,2,0.99,0.018,0,0,0.35,-0.05,-0.007,0,-0.001
332.917,ROLLOUT,1.88,-0.08,2.1,0.103,2,0.988,0.018,0,0,0.35,-0.05,-0.006,0,-0.001
332.933,ROLLOUT,1.93,-0.08,2.1,0.105,2,0.986,0.017,0,0,0.35,-0.05,-0.006,0,-0.001
332.95,ROLLOUT,1.98,-0.08,2.09,0.107,2,0.984,0.017,0,0,0.35,-0.05,-0.006,0,-0.001
332.967,ROLLOUT,2.03,-0.08,2.09,0.109,2,0.983,0.017,0,0,0.35,-0.05,-0.006,0,-0.001
332.983,ROLLOUT,2.08,-0.08,2.08,0.11,2,0.982,0.017,0,0,0.35,-0.04,-0.005,0,-0.001
333,ROLLOUT,2.12,-0.08,2.08,0.112,2,0.98,0.017,0,0,0.35,-0.04,-0.005,0,-0.001
333.017,ROLLOUT,2.16,-0.08,2.07,0.113,2,0.979,0.017,0,0,0.35,-0.04,-0.005,0,-0.001
333.033,ROLLOUT,2.2,-0.08,2.07,0.114,2,0.978,0.017,0,0,0.35,-0.04,-0.004,0,-0.001
333.05,ROLLOUT,2.23,-0.08,2.06,0.115,2,0.976,0.017,0,0,0.35,-0.04,-0.004,0,-0.001
333.067,ROLLOUT,2.26,-0.07,2.06,0.115,2,0.974,0.017,0,0,0.35,-0.04,-0.004,0,-0.001
333.083,ROLLOUT,2.3,-0.07,2.05,0.115,2,0.973,0.017,0,0,0.35,-0.03,-0.004,0,-0.001
333.1,ROLLOUT,2.32,-0.07,2.05,0.115,2,0.971,0.017,0,0,0.35,-0.03,-0.003,0,-0.001
333.117,ROLLOUT,2.35,-0.07,2.04,0.115,2,0.97,0.017,0,0,0.35,-0.03,-0.003,0,-0.001
333.133,ROLLOUT,2.37,-0.06,2.03,0.114,2,0.969,0.016,0,0,0.35,-0.03,-0.003,0,-0.001
333.15,ROLLOUT,2.39,-0.06,2.03,0.113,2,0.968,0.016,0,0,0.35,-0.03,-0.002,0,-0.001
333.167,ROLLOUT,2.4,-0.06,2.02,0.113,2,0.967,0.016,0,0,0.35,-0.02,-0.002,0,-0.001
333.183,ROLLOUT,2.41,-0.05,2.02,0.111,2,0.965,0.016,0,0,0.35,-0.02,-0.002,0,-0.001
333.2,ROLLOUT,2.41,-0.05,2.01,0.11,2,0.963,0.016,0,0,0.35,-0.02,-0.001,0,-0.001
333.217,ROLLOUT,2.42,-0.05,2.01,0.108,2,0.962,0.016,0,0,0.35,-0.02,-0.001,0,-0.001
333.233,ROLLOUT,2.42,-0.04,2,0.106,2,0.96,0.016,0,0,0.35,-0.02,-0.001,0,-0.001
333.25,ROLLOUT,2.41,-0.04,2,0.104,2,0.958,0.016,0,0,0.35,-0.01,0,0,0
333.267,ROLLOUT,2.41,-0.03,1.99,0.101,2,0.956,0.016,0,0,0.35,-0.01,0,0,0
333.283,ROLLOUT,2.4,-0.03,1.99,0.098,2,0.954,0.016,0,0,0.35,-0.01,0,0,0
333.3,ROLLOUT,2.39,-0.03,1.98,0.095,2,0.952,0.016,0,0,0.35,-0.01,0,0,-0.001
333.317,ROLLOUT,2.37,-0.02,1.98,0.091,2,0.95,0.016,0,0,0.35,-0.01,0.001,0,-0.001
333.333,ROLLOUT,2.35,-0.02,1.97,0.087,2,0.948,0.016,0,0,0.35,-0.01,0.001,0,-0.001
333.35,ROLLOUT,2.33,-0.01,1.97,0.083,2,0.946,0.016,0,0,0.35,-0.01,0.001,0,-0.001
333.367,ROLLOUT,2.3,-0.01,1.97,0.078,2,0.944,0.016,0,0,0.35,0,0.001,0,-0.001
333.383,ROLLOUT,2.28,0,1.96,0.073,2,0.942,0.016,0,0,0.35,0,0.002,0,-0.001
333.4,ROLLOUT,2.25,0,1.96,0.068,2,0.94,0.016,0,0,0.35,0,0.002,0,-0.001
333.417,ROLLOUT,2.22,0.01,1.95,0.062,2,0.939,0.016,0,0,0.35,0,0.002,0,-0.001
333.433,ROLLOUT,2.19,0.01,1.95,0.057,2,0.937,0.016,0,0,0.35,0,0.002,0,-0.001
333.45,ROLLOUT,2.16,0.02,1.95,0.051,2,0.936,0.017,0,0,0.35,0,0.002,0,-0.001
333.467,ROLLOUT,2.13,0.02,1.94,0.044,2,0.935,0.017,0,0,0.35,0,0.002,0,-0.001
333.483,ROLLOUT,2.09,0.03,1.94,0.038,2,0.935,0.017,0,0,0.35,0,0.002,0,-0.001
333.5,ROLLOUT,2.06,0.03,1.94,0.032,2,0.934,0.017,0,0,0.35,0,0.003,0,-0.001
333.517,ROLLOUT,2.02,0.04,1.93,0.026,2,0.934,0.017,0,0,0.35,0.01,0.003,0,-0.001
333.533,ROLLOUT,1.99,0.04,1.93,0.019,2,0.934,0.017,0,0,0.35,0.01,0.003,0,-0.001
333.55,ROLLOUT,1.95,0.04,1.93,0.013,2,0.934,0.017,0,0,0.35,0.01,0.003,0,-0.001
333.567,ROLLOUT,1.91,0.05,1.92,0.007,2,0.935,0.017,0,0,0.35,0.01,0.003,0,-0.001
333.583,ROLLOUT,1.87,0.05,1.92,0,2,0.935,0.017,0,0,0.35,0.01,0.003,0,-0.001
333.6,ROLLOUT,1.83,0.06,1.92,-0.006,2,0.936,0.017,0,0,0.35,0.01,0.003,0,-0.001
333.617,ROLLOUT,1.79,0.06,1.92,-0.012,2,0.937,0.017,0,0,0.35,0.01,0.003,0,-0.001
333.633,ROLLOUT,1.75,0.06,1.91,-0.017,2,0.937,0.017,0,0,0.35,0.01,0.003,0,-0.001
333.65,ROLLOUT,1.7,0.06,1.91,-0.023,2,0.937,0.017,0,0,0.35,0.01,0.003,0,-0.001
333.667,ROLLOUT,1.65,0.07,1.91,-0.029,2,0.938,0.017,0,0,0.35,0.01,0.003,0,-0.001
333.683,ROLLOUT,1.61,0.07,1.91,-0.035,2,0.938,0.017,0,0,0.35,0.01,0.003,0,-0.001
333.7,ROLLOUT,1.56,0.07,1.91,-0.041,2,0.938,0.017,0,0,0.35,0,0.002,0,-0.001
333.717,ROLLOUT,1.51,0.07,1.9,-0.046,2,0.938,0.017,0,0,0.35,0,0.002,0,-0.001
333.733,ROLLOUT,1.46,0.08,1.9,-0.052,2,0.939,0.017,0,0,0.35,0,0.002,0,-0.001
333.75,ROLLOUT,1.41,0.08,1.9,-0.058,2,0.939,0.017,0,0,0.35,0,0.002,0,-0.001
333.767,ROLLOUT,1.35,0.08,1.9,-0.063,2,0.939,0.017,0,0,0.35,0,0.002,0,-0.001
333.783,ROLLOUT,1.3,0.08,1.9,-0.069,2,0.939,0.017,0,0,0.35,0,0.002,0,-0.001
333.8,ROLLOUT,1.24,0.08,1.9,-0.075,2,0.939,0.017,0,0,0.35,0,0.002,0,-0.001
333.817,ROLLOUT,1.18,0.08,1.9,-0.08,2,0.939,0.017,0,0,0.35,0,0.001,0,-0.001
333.833,ROLLOUT,1.12,0.08,1.9,-0.086,2,0.939,0.017,0,0,0.35,0,0.001,0,-0.001
333.85,ROLLOUT,1.07,0.08,1.9,-0.091,2,0.939,0.017,0,0,0.35,0,0.001,0,-0.001
333.867,ROLLOUT,1.01,0.08,1.9,-0.097,2,0.94,0.017,0,0,0.35,-0.01,0.001,0,-0.001
333.883,ROLLOUT,0.95,0.08,1.9,-0.103,2,0.94,0.017,0,0,0.35,-0.01,0.001,0,-0.001
333.9,ROLLOUT,0.89,0.08,1.9,-0.108,2,0.941,0.017,0,0,0.35,-0.01,0,0,-0.001
333.917,ROLLOUT,0.83,0.07,1.9,-0.113,2,0.942,0.017,0,0,0.35,-0.01,0,0,-0.001
333.933,ROLLOUT,0.77,0.07,1.9,-0.118,2,0.943,0.017,0,0,0.35,-0.01,0,0,-0.001
333.95,ROLLOUT,0.71,0.07,1.9,-0.123,2,0.944,0.017,0,0,0.35,-0.01,0,0,-0.001
333.967,ROLLOUT,0.65,0.07,1.9,-0.128,2,0.945,0.017,0,0,0.35,-0.02,-0.001,0,-0.001
333.983,ROLLOUT,0.6,0.07,1.9,-0.133,2,0.946,0.018,0,0,0.35,-0.02,-0.001,0,-0.001
334,ROLLOUT,0.54,0.06,1.9,-0.137,2,0.946,0.018,0,0,0.35,-0.02,-0.001,0,-0.001
334.017,ROLLOUT,0.49,0.06,1.9,-0.142,2,0.949,0.018,0,0,0.35,-0.02,-0.001,0,-0.001
334.033,ROLLOUT,0.44,0.06,1.9,-0.145,2,0.952,0.018,0,0,0.35,-0.03,-0.002,0,-0.001
334.05,ROLLOUT,0.39,0.05,1.9,-0.149,2,0.955,0.018,0,0,0.35,-0.03,-0.002,0,-0.001
334.067,ROLLOUT,0.34,0.05,1.9,-0.152,2,0.958,0.018,0,0,0.35,-0.03,-0.002,0,-0.001
334.083,ROLLOUT,0.3,0.05,1.9,-0.154,2,0.962,0.018,0,0,0.35,-0.03,-0.002,0,-0.001
334.1,ROLLOUT,0.25,0.04,1.9,-0.155,2,0.967,0.018,0,0,0.35,-0.04,-0.003,0,-0.001
334.117,ROLLOUT,0.21,0.04,1.9,-0.156,2,0.97,0.018,0,0,0.35,-0.04,-0.003,0,-0.001
334.133,ROLLOUT,0.17,0.04,1.91,-0.157,2,0.971,0.018,0,0,0.35,-0.04,-0.003,0,-0.001
334.15,ROLLOUT,0.14,0.03,1.91,-0.157,2,0.975,0.018,0,0,0.35,-0.04,-0.003,0,-0.001
334.167,ROLLOUT,0.11,0.03,1.91,-0.157,2,0.979,0.018,0,0,0.35,-0.05,-0.004,0,-0.001
334.183,ROLLOUT,0.08,0.02,1.91,-0.155,2,0.984,0.019,0,0,0.35,-0.05,-0.004,0,-0.001
334.2,ROLLOUT,0.05,0.02,1.91,-0.153,2,0.988,0.019,0,0,0.35,-0.05,-0.004,0,-0.001
334.217,ROLLOUT,0.03,0.01,1.91,-0.151,2,0.992,0.019,0,0,0.35,-0.05,-0.004,0,-0.001
334.233,ROLLOUT,0.01,0.01,1.91,-0.148,2,0.997,0.019,0,0,0.35,-0.06,-0.005,0,-0.001
334.25,ROLLOUT,-0.01,0.01,1.91,-0.144,2,1.001,0.019,0,0,0.35,-0.06,-0.005,0,-0.001
334.267,ROLLOUT,-0.03,0,1.91,-0.139,2,1.006,0.019,0,0,0.35,-0.06,-0.005,0,-0.001
334.283,ROLLOUT,-0.04,0,1.91,-0.133,2,1.01,0.019,0,0,0.35,-0.06,-0.005,0,-0.001
334.3,ROLLOUT,-0.05,-0.01,1.91,-0.127,2,1.012,0.02,0,0,0.35,-0.07,-0.006,0,-0.001
334.317,ROLLOUT,-0.05,-0.01,1.91,-0.121,2,1.016,0.02,0,0,0.35,-0.07,-0.006,0,-0.001
334.333,ROLLOUT,-0.05,-0.02,1.91,-0.114,2,1.02,0.02,0,0,0.35,-0.07,-0.006,0,-0.001
334.35,ROLLOUT,-0.04,-0.02,1.91,-0.106,2,1.024,0.02,0,0,0.35,-0.07,-0.006,0,-0.001
334.367,ROLLOUT,-0.04,-0.02,1.91,-0.098,2,1.027,0.02,0,0,0.35,-0.07,-0.006,0,-0.001
334.383,ROLLOUT,-0.02,-0.03,1.91,-0.09,2,1.03,0.02,0,0,0.35,-0.08,-0.006,0,-0.001
334.4,ROLLOUT,0,-0.03,1.91,-0.08,2,1.033,0.02,0,0,0.35,-0.08,-0.006,0,-0.001
334.417,ROLLOUT,0.02,-0.04,1.91,-0.071,2,1.037,0.02,0,0,0.35,-0.08,-0.007,0,-0.001
334.433,ROLLOUT,0.04,-0.04,1.9,-0.061,2,1.04,0.02,0,0,0.35,-0.08,-0.007,0,-0.001
334.45,ROLLOUT,0.08,-0.04,1.9,-0.05,2,1.042,0.02,0,0,0.35,-0.08,-0.007,0,-0.001
334.467,ROLLOUT,0.11,-0.05,1.9,-0.039,2,1.044,0.02,0,0,0.35,-0.08,-0.007,0,-0.001
334.483,ROLLOUT,0.16,-0.05,1.9,-0.028,2,1.045,0.02,0,0,0.35,-0.08,-0.007,0,-0.001
334.5,ROLLOUT,0.2,-0.05,1.9,-0.017,2,1.045,0.02,0,0,0.35,-0.08,-0.007,0,-0.001
334.517,ROLLOUT,0.26,-0.06,1.89,-0.006,2,1.045,0.02,0,0,0.35,-0.08,-0.007,0,-0.001
334.533,ROLLOUT,0.31,-0.06,1.89,0.005,2,1.045,0.02,0,0,0.35,-0.08,-0.007,0,-0.001
334.55,ROLLOUT,0.38,-0.06,1.89,0.017,2,1.045,0.02,0,0,0.35,-0.08,-0.007,0,-0.001
334.567,ROLLOUT,0.44,-0.06,1.88,0.028,2,1.045,0.02,0,0,0.35,-0.08,-0.007,0,-0.001
334.583,ROLLOUT,0.52,-0.07,1.88,0.039,2,1.044,0.02,0,0,0.35,-0.08,-0.007,0,-0.001
334.6,ROLLOUT,0.59,-0.07,1.87,0.05,2,1.044,0.02,0,0,0.35,-0.08,-0.007,0,-0.001
334.617,ROLLOUT,0.67,-0.07,1.87,0.061,2,1.042,0.02,0,0,0.35,-0.08,-0.007,0,-0.001
334.633,ROLLOUT,0.76,-0.07,1.87,0.071,2,1.041,0.02,0,0,0.35,-0.08,-0.007,0,-0.001
334.65,ROLLOUT,0.85,-0.07,1.86,0.082,2,1.04,0.02,0,0,0.35,-0.08,-0.007,0,-0.001
334.667,ROLLOUT,0.94,-0.07,1.86,0.092,2,1.038,0.02,0,0,0.35,-0.08,-0.007,0,-0.001
334.683,ROLLOUT,1.04,-0.08,1.85,0.102,2,1.036,0.02,0,0,0.35,-0.08,-0.006,0,-0.001
334.7,ROLLOUT,1.14,-0.08,1.84,0.111,2,1.033,0.02,0,0,0.35,-0.08,-0.006,0,-0.001
334.717,ROLLOUT,1.24,-0.08,1.84,0.12,2,1.031,0.02,0,0,0.35,-0.07,-0.006,0,-0.001
334.733,ROLLOUT,1.35,-0.08,1.83,0.129,2,1.027,0.019,0,0,0.35,-0.07,-0.006,0,-0.001
334.75,ROLLOUT,1.46,-0.08,1.83,0.137,2,1.024,0.019,0,0,0.35,-0.07,-0.006,0,-0.001
334.767,ROLLOUT,1.57,-0.08,1.82,0.144,2,1.02,0.019,0,0,0.35,-0.07,-0.006,0,-0.001
334.783,ROLLOUT,1.68,-0.08,1.82,0.151,2,1.016,0.019,0,0,0.35,-0.06,-0.005,0,-0.001
334.8,ROLLOUT,1.8,-0.08,1.81,0.157,2,1.012,0.019,0,0,0.35,-0.06,-0.005,0,-0.001
334.817,ROLLOUT,1.91,-0.07,1.8,0.163,2,1.008,0.018,0,0,0.35,-0.06,-0.005,0,-0.001
334.833,ROLLOUT,2.02,-0.07,1.8,0.168,2,1.004,0.018,0,0,0.35,-0.06,-0.005,0,-0.001
334.85,ROLLOUT,2.14,-0.07,1.79,0.173,2,1.001,0.018,0,0,0.35,-0.05,-0.005,0,-0.001
334.867,ROLLOUT,2.25,-0.07,1.78,0.177,2,0.998,0.018,0,0,0.35,-0.05,-0.004,0,-0.001
334.883,ROLLOUT,2.37,-0.07,1.78,0.18,2,0.994,0.017,0,0,0.35,-0.05,-0.004,0,-0.001
334.9,ROLLOUT,2.48,-0.07,1.77,0.183,2,0.99,0.017,0,0,0.35,-0.05,-0.004,0,-0.001
334.917,ROLLOUT,2.58,-0.06,1.76,0.185,2,0.986,0.017,0,0,0.35,-0.04,-0.003,0,-0.001
334.933,ROLLOUT,2.69,-0.06,1.76,0.187,2,0.982,0.017,0,0,0.35,-0.04,-0.003,0,-0.001
334.95,ROLLOUT,2.79,-0.06,1.75,0.188,2,0.979,0.017,0,0,0.35,-0.04,-0.003,0,-0.001
334.967,ROLLOUT,2.88,-0.06,1.74,0.188,2,0.975,0.016,0,0,0.35,-0.03,-0.003,0,-0.001
334.983,ROLLOUT,2.97,-0.05,1.74,0.188,2,0.972,0.016,0,0,0.35,-0.03,-0.002,0,-0.001
335,ROLLOUT,3.06,-0.05,1.73,0.188,2,0.969,0.016,0,0,0.35,-0.03,-0.002,0,-0.001
335.017,ROLLOUT,3.14,-0.05,1.72,0.187,2,0.966,0.016,0,0,0.35,-0.02,-0.002,0,-0.001
335.033,ROLLOUT,3.22,-0.04,1.72,0.186,2,0.964,0.016,0,0,0.35,-0.02,-0.001,0,-0.001
335.05,ROLLOUT,3.28,-0.04,1.71,0.184,2,0.961,0.015,0,0,0.35,-0.02,-0.001,0,-0.001
335.067,ROLLOUT,3.34,-0.04,1.7,0.182,2,0.958,0.015,0,0,0.35,-0.01,-0.001,0,-0.001
335.083,ROLLOUT,3.39,-0.03,1.7,0.179,2,0.955,0.015,0,0,0.35,-0.01,-0.001,0,-0.001
335.1,ROLLOUT,3.44,-0.03,1.69,0.176,2,0.953,0.015,0,0,0.35,-0.01,0,0,-0.001
335.117,ROLLOUT,3.47,-0.02,1.68,0.172,2,0.95,0.015,0,0,0.35,-0.01,0,0,-0.001
335.133,ROLLOUT,3.5,-0.02,1.68,0.168,2,0.948,0.015,0,0,0.35,0,0,0,-0.001
335.15,ROLLOUT,3.52,-0.01,1.67,0.164,2,0.946,0.015,0,0,0.35,0,0.001,0,-0.001
335.167,ROLLOUT,3.53,-0.01,1.66,0.159,2,0.943,0.015,0,0,0.35,0,0.001,0,-0.001
335.183,ROLLOUT,3.53,-0.01,1.66,0.154,2,0.94,0.014,0,0,0.35,0.01,0.001,0,-0.001
335.2,ROLLOUT,3.52,0,1.65,0.149,2,0.938,0.014,0,0,0.35,0.01,0.002,0,-0.001
335.217,ROLLOUT,3.5,0,1.65,0.143,2,0.935,0.014,0,0,0.35,0.01,0.002,0,-0.001
335.233,ROLLOUT,3.47,0.01,1.64,0.136,2,0.932,0.014,0,0,0.35,0.01,0.002,0,-0.001
335.25,ROLLOUT,3.43,0.01,1.64,0.129,2,0.928,0.014,0,0,0.35,0.02,0.002,0,-0.001
335.267,ROLLOUT,3.38,0.02,1.63,0.121,2,0.924,0.015,0,0,0.35,0.02,0.003,0,-0.001
335.283,ROLLOUT,3.32,0.02,1.63,0.112,2,0.92,0.015,0,0,0.35,0.02,0.003,0,-0.001
335.3,ROLLOUT,3.26,0.03,1.62,0.103,2,0.915,0.015,0,0,0.35,0.02,0.003,0,-0.001
335.317,ROLLOUT,3.19,0.03,1.62,0.093,2,0.911,0.015,0,0,0.35,0.02,0.003,0,-0.001
335.333,ROLLOUT,3.11,0.04,1.61,0.082,2,0.906,0.015,0,0,0.35,0.03,0.004,0,0
335.35,ROLLOUT,3.03,0.04,1.61,0.071,2,0.902,0.015,0,0,0.35,0.03,0.004,0,0
335.367,ROLLOUT,2.94,0.04,1.61,0.058,2,0.897,0.015,0,0,0.35,0.03,0.004,0,0
335.383,ROLLOUT,2.84,0.05,1.6,0.045,2,0.894,0.016,0,0,0.35,0.03,0.004,0,0
335.4,ROLLOUT,2.75,0.05,1.6,0.032,2,0.891,0.016,0,0,0.35,0.03,0.004,0,0
335.417,ROLLOUT,2.65,0.06,1.6,0.018,2,0.89,0.016,0,0,0.35,0.03,0.005,0,0
335.433,ROLLOUT,2.54,0.06,1.59,0.004,2,0.889,0.016,0,0,0.35,0.03,0.005,0,0
335.45,ROLLOUT,2.44,0.06,1.59,-0.01,2,0.888,0.016,0,0,0.35,0.03,0.005,0,0
335.467,ROLLOUT,2.34,0.07,1.59,-0.024,2,0.889,0.016,0,0,0.35,0.03,0.005,0,0
335.483,ROLLOUT,2.25,0.07,1.59,-0.038,2,0.891,0.016,0,0,0.35,0.03,0.005,0,0
335.5,ROLLOUT,2.15,0.07,1.59,-0.051,2,0.893,0.017,0,0,0.35,0.03,0.005,0,0
335.517,ROLLOUT,2.05,0.08,1.58,-0.064,2,0.898,0.017,0,0,0.35,0.03,0.005,0,0
335.533,ROLLOUT,1.96,0.08,1.58,-0.076,2,0.902,0.017,0,0,0.35,0.03,0.005,0,0
335.55,ROLLOUT,1.86,0.08,1.58,-0.087,2,0.907,0.017,0,0,0.35,0.03,0.005,0,0
335.567,ROLLOUT,1.77,0.09,1.58,-0.098,2,0.912,0.017,0,0,0.35,0.03,0.005,0,0
335.583,ROLLOUT,1.68,0.09,1.58,-0.107,2,0.917,0.017,0,0,0.35,0.02,0.005,0,0
335.6,ROLLOUT,1.59,0.09,1.58,-0.116,2,0.92,0.017,0,0,0.35,0.02,0.005,0,0
335.617,ROLLOUT,1.5,0.09,1.58,-0.124,2,0.925,0.017,0,0,0.35,0.02,0.005,0,0
335.633,ROLLOUT,1.42,0.09,1.58,-0.132,2,0.93,0.017,0,0,0.35,0.02,0.005,0,0
335.65,ROLLOUT,1.33,0.09,1.58,-0.138,2,0.935,0.017,0,0,0.35,0.02,0.005,0,0
335.667,ROLLOUT,1.25,0.1,1.58,-0.144,2,0.94,0.017,0,0,0.35,0.01,0.005,0,0
335.683,ROLLOUT,1.16,0.1,1.59,-0.149,2,0.946,0.017,0,0,0.35,0.01,0.005,0,0
335.7,ROLLOUT,1.07,0.1,1.59,-0.154,2,0.95,0.017,0,0,0.35,0.01,0.005,0,0
335.717,ROLLOUT,0.97,0.1,1.59,-0.157,2,0.95,0.017,0,0,0.35,0.01,0.005,0,0
335.733,ROLLOUT,0.88,0.1,1.59,-0.161,2,0.954,0.017,0,0,0.35,0,0.005,0,0
335.75,ROLLOUT,0.78,0.1,1.59,-0.164,2,0.956,0.017,0,0,0.35,0,0.004,0,0
335.767,ROLLOUT,0.68,0.1,1.6,-0.167,2,0.958,0.017,0,0,0.35,0,0.004,0,0
335.783,ROLLOUT,0.59,0.1,1.6,-0.17,2,0.96,0.017,0,0,0.35,0,0.004,0,0
335.8,ROLLOUT,0.48,0.1,1.6,-0.172,2,0.961,0.017,0,0,0.35,-0.01,0.003,0,0
335.817,ROLLOUT,0.38,0.1,1.6,-0.175,2,0.957,0.017,0,0,0.35,-0.01,0.003,0,0
335.833,ROLLOUT,0.28,0.1,1.61,-0.178,2,0.958,0.017,0,0,0.35,-0.01,0.003,0,0
335.85,ROLLOUT,0.17,0.09,1.61,-0.182,2,0.954,0.017,0,0,0.35,-0.02,0.003,0,0
335.867,ROLLOUT,0.07,0.09,1.61,-0.186,2,0.954,0.018,0,0,0.35,-0.02,0.002,0,0
335.883,ROLLOUT,-0.04,0.09,1.62,-0.19,2,0.953,0.018,0,0,0.35,-0.02,0.002,0,0
335.9,ROLLOUT,-0.14,0.09,1.62,-0.194,2,0.95,0.018,0,0,0.35,-0.02,0.001,0,0
335.917,ROLLOUT,-0.24,0.08,1.62,-0.198,2,0.948,0.018,0,0,0.35,-0.03,0.001,0,0
335.933,ROLLOUT,-0.34,0.08,1.63,-0.203,2,0.951,0.018,0,0,0.35,-0.03,0.001,0,0
335.95,ROLLOUT,-0.44,0.08,1.63,-0.207,2,0.952,0.019,0,0,0.35,-0.03,0,0,0
335.967,ROLLOUT,-0.53,0.07,1.63,-0.212,2,0.948,0.019,0,0,0.35,-0.04,0,0,0
335.983,ROLLOUT,-0.61,0.07,1.64,-0.216,2,0.951,0.019,0,0,0.35,-0.04,-0.001,0,0
336,ROLLOUT,-0.69,0.07,1.64,-0.22,2,0.956,0.019,0,0,0.35,-0.04,-0.001,0,0
336.017,ROLLOUT,-0.76,0.06,1.64,-0.224,2,0.959,0.02,0,0,0.35,-0.05,-0.002,0,0
336.033,ROLLOUT,-0.83,0.06,1.65,-0.226,2,0.966,0.02,0,0,0.35,-0.05,-0.002,0,0
336.05,ROLLOUT,-0.88,0.05,1.65,-0.227,2,0.972,0.02,0,0,0.35,-0.06,-0.003,0,0
336.067,ROLLOUT,-0.93,0.05,1.65,-0.228,2,0.979,0.02,0,0,0.35,-0.06,-0.003,0,0
336.083,ROLLOUT,-0.97,0.04,1.65,-0.227,2,0.987,0.02,0,0,0.35,-0.06,-0.004,0,0
336.1,ROLLOUT,-1,0.04,1.66,-0.224,2,0.996,0.02,0,0,0.35,-0.07,-0.004,0,0
336.117,ROLLOUT,-1.02,0.03,1.66,-0.22,2,1.008,0.021,0,0,0.35,-0.07,-0.005,0,0
336.133,ROLLOUT,-1.03,0.02,1.66,-0.214,2,1.017,0.021,0,0,0.35,-0.07,-0.005,0,-0.001
336.15,ROLLOUT,-1.03,0.02,1.66,-0.207,2,1.027,0.021,0,0,0.35,-0.08,-0.006,0,-0.001
336.167,ROLLOUT,-1.03,0.01,1.66,-0.198,2,1.038,0.021,0,0,0.35,-0.08,-0.006,0,-0.001
336.183,ROLLOUT,-1.01,0.01,1.66,-0.187,2,1.049,0.021,0,0,0.35,-0.08,-0.006,0,-0.001
336.2,ROLLOUT,-0.99,0,1.66,-0.174,2,1.059,0.021,0,0,0.35,-0.09,-0.007,0,-0.001
336.217,ROLLOUT,-0.96,-0.01,1.66,-0.16,2,1.068,0.021,0,0,0.35,-0.09,-0.007,0,-0.001
336.233,ROLLOUT,-0.92,-0.01,1.66,-0.144,2,1.077,0.021,0,0,0.35,-0.09,-0.008,0,-0.001
336.25,ROLLOUT,-0.87,-0.02,1.66,-0.127,2,1.084,0.022,0,0,0.35,-0.1,-0.008,0,-0.001
336.267,ROLLOUT,-0.81,-0.02,1.66,-0.109,2,1.09,0.022,0,0,0.35,-0.1,-0.008,0,-0.001
336.283,ROLLOUT,-0.75,-0.03,1.66,-0.091,2,1.096,0.022,0,0,0.35,-0.1,-0.009,0,-0.001
336.3,ROLLOUT,-0.68,-0.04,1.66,-0.071,2,1.099,0.022,0,0,0.35,-0.1,-0.009,0,-0.001
336.317,ROLLOUT,-0.6,-0.04,1.65,-0.051,2,1.101,0.022,0,0,0.35,-0.1,-0.009,0,-0.002
336.333,ROLLOUT,-0.52,-0.05,1.65,-0.031,2,1.102,0.022,0,0,0.35,-0.1,-0.009,0,-0.002
336.35,ROLLOUT,-0.43,-0.05,1.65,-0.011,2,1.102,0.022,0,0,0.35,-0.11,-0.01,0,-0.002
336.367,ROLLOUT,-0.33,-0.06,1.64,0.009,2,1.101,0.022,0,0,0.35,-0.11,-0.01,0,-0.002
336.383,ROLLOUT,-0.23,-0.06,1.64,0.028,2,1.099,0.022,0,0,0.35,-0.11,-0.01,0,-0.002
336.4,ROLLOUT,-0.12,-0.07,1.64,0.048,2,1.096,0.022,0,0,0.35,-0.11,-0.01,0,-0.002
336.417,ROLLOUT,0,-0.07,1.63,0.066,2,1.092,0.022,0,0,0.35,-0.1,-0.01,0,-0.002
336.433,ROLLOUT,0.13,-0.08,1.63,0.084,2,1.088,0.022,0,0,0.35,-0.1,-0.01,0,-0.002
336.45,ROLLOUT,0.26,-0.08,1.62,0.102,2,1.083,0.022,0,0,0.35,-0.1,-0.01,0,-0.002
336.467,ROLLOUT,0.41,-0.09,1.62,0.118,2,1.078,0.022,0,0,0.35,-0.1,-0.01,0,-0.002
336.483,ROLLOUT,0.56,-0.09,1.61,0.134,2,1.072,0.021,0,0,0.35,-0.1,-0.01,0,-0.002
336.5,ROLLOUT,0.71,-0.1,1.6,0.148,2,1.066,0.021,0,0,0.35,-0.1,-0.01,0,-0.002
336.517,ROLLOUT,0.87,-0.1,1.6,0.162,2,1.059,0.021,0,0,0.35,-0.09,-0.01,0,-0.002
