t,phase,pitch_deg,q_dps,de,thC_deg,vs,vs_asked,V,thr,alpha_deg,stabFy_N,hdg_deg,munk_true_Nm,munk_worldarm_Nm
360.0,ROUTE,1.84,-0.00,0.0022,1.84,-0.51,-0.51,35.83,0.605,5.55,-246,134,338,478
360.1,ROUTE,1.84,-0.00,0.0022,1.84,-0.51,-0.51,35.83,0.605,5.55,-246,134,338,478
360.2,ROUTE,1.84,-0.00,0.0022,1.84,-0.51,-0.51,35.83,0.605,5.55,-246,134,338,478
360.3,ROUTE,1.84,-0.00,0.0022,1.84,-0.51,-0.51,35.83,0.605,5.55,-246,134,338,478
360.4,ROUTE,1.84,-0.00,0.0022,1.84,-0.51,-0.51,35.83,0.605,5.55,-246,134,338,478
360.5,ROUTE,1.84,-0.00,0.0022,1.84,-0.51,-0.51,35.83,0.605,5.55,-246,134,338,478
360.6,ROUTE,1.84,-0.00,0.0022,1.84,-0.51,-0.51,35.83,0.605,5.55,-246,134,338,478
360.7,ROUTE,1.84,-0.00,0.0022,1.84,-0.51,-0.51,35.83,0.605,5.55,-246,134,338,478
360.8,ROUTE,1.84,-0.00,0.0022,1.84,-0.51,-0.51,35.83,0.605,5.55,-246,134,338,478
360.9,ROUTE,1.84,-0.00,0.0022,1.84,-0.51,-0.51,35.83,0.605,5.55,-246,134,338,478
361.0,ROUTE,1.84,-0.00,0.0022,1.84,-0.51,-0.51,35.83,0.605,5.55,-246,134,338,478
361.1,ROUTE,1.84,-0.00,0.0022,1.84,-0.51,-0.51,35.83,0.605,5.55,-246,134,338,478
361.2,ROUTE,1.84,-0.00,0.0022,1.84,-0.51,-0.51,35.83,0.605,5.55,-246,134,338,478
361.3,ROUTE,1.84,-0.00,0.0022,1.84,-0.51,-0.51,35.83,0.605,5.55,-246,134,338,478
361.4,ROUTE,1.84,-0.00,0.0022,1.84,-0.51,-0.51,35.83,0.605,5.55,-246,134,338,478
361.5,ROUTE,1.84,-0.00,0.0022,1.84,-0.51,-0.51,35.83,0.605,5.55,-246,134,338,478
361.6,ROUTE,1.84,-0.00,0.0022,1.84,-0.51,-0.51,35.83,0.605,5.55,-246,134,338,478
361.7,ROUTE,1.84,-0.00,0.0022,1.84,-0.51,-0.51,35.83,0.605,5.55,-246,134,338,478
361.8,ROUTE,1.84,-0.00,0.0022,1.84,-0.51,-0.51,35.83,0.605,5.55,-246,134,338,478
361.9,ROUTE,1.84,-0.00,0.0022,1.84,-0.51,-0.51,35.83,0.605,5.55,-246,134,338,478
362.0,ROUTE,1.84,-0.00,0.0022,1.84,-0.51,-0.51,35.83,0.605,5.55,-246,134,338,478
362.1,ROUTE,1.84,-0.00,0.0022,1.84,-0.51,-0.51,35.83,0.605,5.55,-246,134,338,478
362.2,ROUTE,1.84,-0.00,0.0022,1.84,-0.51,-0.51,35.83,0.605,5.55,-246,134,338,478
362.3,ROUTE,1.84,-0.00,0.0022,1.84,-0.51,-0.51,35.83,0.605,5.55,-246,134,338,478
362.4,ROUTE,1.84,-0.00,0.0022,1.84,-0.51,-0.51,35.82,0.605,5.55,-246,134,338,478
362.5,ROUTE,1.84,-0.00,0.0022,1.84,-0.51,-0.51,35.82,0.605,5.55,-246,134,338,478
362.6,ROUTE,1.84,-0.00,0.0022,1.84,-0.51,-0.51,35.82,0.605,5.55,-246,134,338,478
362.7,ROUTE,1.84,-0.00,0.0022,1.84,-0.51,-0.51,35.82,0.605,5.55,-246,134,338,478
362.8,ROUTE,1.84,-0.00,0.0022,1.84,-0.51,-0.51,35.82,0.605,5.55,-246,134,338,478
362.9,ROUTE,1.84,-0.00,0.0022,1.84,-0.51,-0.51,35.82,0.605,5.55,-246,134,338,478
363.0,ROUTE,1.84,-0.00,0.0022,1.84,-0.51,-0.51,35.82,0.605,5.55,-246,134,338,478
363.1,ROUTE,1.84,-0.00,0.0022,1.84,-0.51,-0.51,35.82,0.605,5.55,-246,134,338,478
363.2,ROUTE,1.84,-0.00,0.0022,1.84,-0.51,-0.51,35.82,0.605,5.55,-246,134,338,478
363.3,ROUTE,1.84,-0.00,0.0022,1.84,-0.51,-0.51,35.82,0.605,5.55,-246,134,338,478
363.4,ROUTE,1.84,-0.00,0.0022,1.84,-0.51,-0.51,35.82,0.605,5.55,-246,134,338,478
363.5,ROUTE,1.84,-0.00,0.0022,1.84,-0.51,-0.51,35.82,0.605,5.55,-246,134,338,478
363.6,ROUTE,1.84,-0.00,0.0022,1.84,-0.51,-0.51,35.82,0.605,5.55,-246,134,338,478
363.7,ROUTE,1.84,-0.00,0.0022,1.84,-0.51,-0.51,35.82,0.605,5.55,-246,134,338,478
363.8,ROUTE,1.84,-0.00,0.0022,1.84,-0.51,-0.51,35.82,0.605,5.55,-246,134,338,478
363.9,ROUTE,1.84,-0.00,0.0022,1.84,-0.51,-0.51,35.82,0.605,5.55,-246,134,338,478
364.0,ROUTE,1.84,-0.00,0.0022,1.84,-0.51,-0.51,35.82,0.604,5.55,-246,134,338,478
364.1,ROUTE,1.84,-0.00,0.0022,1.84,-0.51,-0.51,35.82,0.604,5.55,-246,134,338,478
364.2,ROUTE,1.84,-0.00,0.0022,1.84,-0.51,-0.51,35.82,0.604,5.55,-246,134,338,478
364.3,ROUTE,1.84,-0.00,0.0022,1.84,-0.51,-0.51,35.82,0.604,5.55,-246,134,338,478
364.4,ROUTE,1.84,-0.00,0.0022,1.84,-0.51,-0.51,35.82,0.604,5.55,-246,134,338,478
364.5,ROUTE,1.84,-0.00,0.0022,1.84,-0.51,-0.51,35.82,0.604,5.55,-246,134,338,478
364.6,ROUTE,1.84,-0.00,0.0022,1.84,-0.51,-0.51,35.82,0.604,5.55,-246,134,338,478
364.7,ROUTE,1.84,-0.00,0.0022,1.84,-0.51,-0.51,35.82,0.604,5.55,-246,134,338,478
364.8,ROUTE,1.84,-0.00,0.0022,1.84,-0.51,-0.51,35.82,0.604,5.55,-246,134,338,478
364.9,ROUTE,1.84,-0.00,0.0022,1.84,-0.51,-0.51,35.82,0.604,5.55,-246,134,338,478
365.0,ROUTE,1.84,-0.00,0.0022,1.84,-0.51,-0.51,35.82,0.604,5.55,-246,134,338,478
365.1,ROUTE,1.84,-0.00,0.0022,1.84,-0.51,-0.51,35.82,0.604,5.55,-246,134,338,478
365.2,ROUTE,1.84,-0.00,0.0022,1.84,-0.51,-0.51,35.82,0.604,5.55,-246,134,338,478
365.3,ROUTE,1.84,-0.00,0.0022,1.84,-0.51,-0.51,35.82,0.604,5.55,-246,134,338,478
365.4,ROUTE,1.84,-0.00,0.0022,1.84,-0.51,-0.51,35.82,0.604,5.55,-246,134,338,478
365.5,ROUTE,1.84,-0.00,0.0022,1.84,-0.51,-0.51,35.82,0.604,5.55,-246,134,338,478
365.6,ROUTE,1.84,-0.00,0.0022,1.84,-0.51,-0.51,35.82,0.604,5.55,-246,134,338,478
365.7,ROUTE,1.84,-0.00,0.0022,1.84,-0.51,-0.51,35.82,0.604,5.55,-246,134,338,478
365.8,ROUTE,1.84,-0.00,0.0022,1.84,-0.51,-0.51,35.82,0.604,5.55,-246,134,338,478
365.9,ROUTE,1.84,-0.00,0.0022,1.84,-0.51,-0.51,35.82,0.604,5.55,-246,134,338,478
366.0,ROUTE,1.84,-0.00,0.0022,1.84,-0.51,-0.51,35.82,0.604,5.55,-246,134,338,478
366.1,ROUTE,1.84,-0.00,0.0022,1.84,-0.51,-0.51,35.82,0.604,5.55,-246,134,338,478
366.2,ROUTE,1.84,-0.00,0.0022,1.84,-0.51,-0.51,35.82,0.604,5.55,-246,134,338,478
366.3,ROUTE,1.84,-0.00,0.0022,1.84,-0.51,-0.51,35.82,0.604,5.55,-246,134,338,478
366.4,ROUTE,1.84,-0.00,0.0022,1.84,-0.51,-0.51,35.82,0.604,5.55,-246,134,338,478
366.5,ROUTE,1.84,-0.00,0.0022,1.84,-0.51,-0.51,35.82,0.604,5.55,-246,134,338,478
366.6,ROUTE,1.84,-0.00,0.0022,1.84,-0.51,-0.51,35.82,0.604,5.55,-246,134,338,478
366.7,ROUTE,1.84,-0.00,0.0022,1.84,-0.51,-0.51,35.82,0.604,5.55,-246,134,338,478
366.8,ROUTE,1.84,-0.00,0.0022,1.84,-0.51,-0.51,35.82,0.604,5.55,-246,134,338,478
366.9,ROUTE,1.84,-0.00,0.0022,1.84,-0.51,-0.51,35.82,0.604,5.55,-246,134,338,478
367.0,ROUTE,1.84,0.00,0.0022,1.84,-0.51,-0.51,35.82,0.604,5.55,-246,134,338,478
367.1,ROUTE,1.84,0.00,0.0022,1.84,-0.51,-0.51,35.82,0.604,5.55,-246,134,338,478
367.2,ROUTE,1.84,0.00,0.0022,1.84,-0.51,-0.51,35.82,0.604,5.55,-246,134,338,478
367.3,ROUTE,1.84,0.00,0.0022,1.84,-0.51,-0.51,35.82,0.604,5.55,-246,134,338,478
367.4,ROUTE,1.84,0.00,0.0022,1.84,-0.51,-0.51,35.82,0.604,5.55,-246,134,338,478
367.5,ROUTE,1.84,0.00,0.0022,1.84,-0.51,-0.51,35.82,0.604,5.55,-246,134,338,478
367.6,ROUTE,1.84,0.00,0.0022,1.84,-0.51,-0.51,35.82,0.604,5.55,-246,134,338,478
367.7,ROUTE,1.84,0.00,0.0022,1.84,-0.51,-0.51,35.82,0.604,5.55,-246,134,338,478
367.8,ROUTE,1.84,0.00,0.0022,1.84,-0.51,-0.51,35.82,0.604,5.54,-246,134,338,478
367.9,ROUTE,1.84,-0.03,-0.0114,0.66,-0.51,-0.90,35.81,0.484,5.55,-189,134,338,478
368.0,ROUTE,1.77,-0.48,-0.0061,0.58,-0.51,-0.90,35.79,0.493,5.47,-218,134,330,467
368.1,ROUTE,1.65,-0.95,0.0005,0.54,-0.54,-0.90,35.77,0.503,5.40,-254,134,326,462
368.2,ROUTE,1.55,-0.93,0.0013,0.53,-0.58,-0.90,35.76,0.511,5.36,-252,134,325,459
368.3,ROUTE,1.48,-0.79,0.0004,0.55,-0.63,-0.90,35.75,0.519,5.37,-245,134,325,460
368.4,ROUTE,1.43,-0.61,-0.0010,0.57,-0.67,-0.90,35.74,0.526,5.38,-242,134,326,461
368.5,ROUTE,1.38,-0.51,-0.0013,0.61,-0.71,-0.89,35.73,0.532,5.38,-239,134,326,462
368.6,ROUTE,1.33,-0.51,-0.0002,0.65,-0.74,-0.89,35.73,0.538,5.38,-243,134,326,462
368.7,ROUTE,1.29,-0.48,0.0006,0.71,-0.78,-0.89,35.73,0.542,5.39,-246,134,327,464
368.8,ROUTE,1.25,-0.41,0.0008,0.77,-0.82,-0.88,35.73,0.547,5.40,-244,134,328,467
368.9,ROUTE,1.22,-0.34,0.0011,0.84,-0.86,-0.88,35.73,0.550,5.42,-243,134,329,470
369.0,ROUTE,1.20,-0.27,0.0014,0.92,-0.89,-0.87,35.73,0.553,5.44,-243,134,330,474
369.1,ROUTE,1.18,-0.22,0.0020,1.00,-0.93,-0.86,35.74,0.556,5.46,-242,134,332,478
369.2,ROUTE,1.16,-0.19,0.0027,1.08,-0.96,-0.86,35.74,0.558,5.48,-243,133,333,482
369.3,ROUTE,1.15,-0.13,0.0031,1.17,-0.99,-0.85,35.75,0.560,5.51,-241,133,335,487
369.4,ROUTE,1.14,-0.09,0.0038,1.25,-1.01,-0.84,35.75,0.561,5.53,-241,133,337,493
369.5,ROUTE,1.14,-0.05,0.0044,1.34,-1.04,-0.83,35.76,0.562,5.55,-241,132,339,499
369.6,ROUTE,1.14,-0.01,0.0048,1.43,-1.06,-0.82,35.77,0.564,5.58,-239,132,340,505
369.7,ROUTE,1.14,0.02,0.0056,1.52,-1.08,-0.81,35.78,0.564,5.60,-239,132,342,511
369.8,ROUTE,1.15,0.05,0.0062,1.61,-1.10,-0.80,35.79,0.565,5.63,-238,131,344,518
369.9,ROUTE,1.16,0.08,0.0069,1.70,-1.12,-0.79,35.79,0.566,5.65,-237,131,346,525
370.0,ROUTE,1.17,0.10,0.0076,1.79,-1.14,-0.78,35.80,0.567,5.67,-237,130,348,533
370.1,ROUTE,1.19,0.12,0.0083,1.88,-1.15,-0.77,35.81,0.567,5.70,-236,130,350,541
370.2,ROUTE,1.20,0.14,0.0091,1.98,-1.17,-0.76,35.82,0.568,5.72,-235,130,352,550
370.3,ROUTE,1.22,0.17,0.0097,2.07,-1.18,-0.75,35.83,0.568,5.75,-233,129,354,559
370.4,ROUTE,1.23,0.15,0.0109,2.16,-1.20,-0.74,35.84,0.569,5.78,-234,129,356,570
370.5,ROUTE,1.25,0.15,0.0119,2.25,-1.21,-0.73,35.85,0.569,5.82,-233,128,359,581
370.6,ROUTE,1.27,0.18,0.0124,2.34,-1.22,-0.72,35.86,0.570,5.85,-232,127,361,593
370.7,ROUTE,1.29,0.19,0.0132,2.42,-1.22,-0.71,35.87,0.570,5.89,-231,127,364,606
370.8,ROUTE,1.31,0.19,0.0138,2.49,-1.22,-0.70,35.88,0.570,5.92,-230,126,366,620
370.9,ROUTE,1.32,0.16,0.0149,2.55,-1.21,-0.68,35.88,0.570,5.96,-231,125,369,635
371.0,ROUTE,1.31,-0.01,0.0179,2.60,-1.20,-0.67,35.89,0.570,6.00,-237,125,372,654
371.1,ROUTE,1.31,-0.06,0.0191,2.64,-1.17,-0.66,35.90,0.570,6.07,-235,124,377,678
371.2,ROUTE,1.29,-0.11,0.0202,2.66,-1.14,-0.65,35.90,0.570,6.15,-232,123,383,707
371.3,ROUTE,1.26,-0.25,0.0223,2.65,-1.10,-0.65,35.90,0.570,6.24,-233,122,389,742
371.4,ROUTE,1.25,-0.14,0.0209,2.62,-1.05,-0.64,35.90,0.570,6.34,-221,120,395,779
371.5,ROUTE,1.25,-0.07,0.0194,2.55,-0.99,-0.63,35.90,0.570,6.41,-214,119,399,814
371.6,ROUTE,1.24,-0.08,0.0188,2.47,-0.92,-0.63,35.89,0.571,6.45,-212,118,402,847
371.7,ROUTE,1.25,0.02,0.0164,2.37,-0.85,-0.62,35.88,0.572,6.47,-205,117,402,875
371.8,ROUTE,1.26,0.07,0.0144,2.26,-0.79,-0.62,35.87,0.573,6.44,-203,116,399,895
371.9,ROUTE,1.26,0.05,0.0135,2.15,-0.73,-0.62,35.86,0.575,6.38,-206,116,394,909
372.0,ROUTE,1.28,0.13,0.0113,2.06,-0.69,-0.62,35.85,0.577,6.30,-205,115,388,916
372.1,ROUTE,1.30,0.16,0.0099,1.98,-0.66,-0.62,35.84,0.579,6.20,-208,114,381,917
372.2,ROUTE,1.31,0.14,0.0095,1.93,-0.66,-0.62,35.84,0.582,6.09,-214,114,374,915
372.3,ROUTE,1.33,0.17,0.0086,1.91,-0.66,-0.62,35.83,0.584,5.99,-217,114,368,912
372.4,ROUTE,1.34,0.15,0.0087,1.91,-0.68,-0.62,35.83,0.587,5.90,-222,113,362,909
372.5,ROUTE,1.35,0.12,0.0095,1.95,-0.72,-0.63,35.82,0.589,5.82,-227,113,358,911
372.6,ROUTE,1.36,0.12,0.0100,2.00,-0.76,-0.63,35.83,0.592,5.78,-230,113,355,917
372.7,ROUTE,1.37,0.10,0.0111,2.07,-0.81,-0.63,35.83,0.593,5.75,-233,112,354,929
372.8,ROUTE,1.38,0.07,0.0124,2.15,-0.85,-0.63,35.83,0.595,5.75,-235,112,355,949
372.9,ROUTE,1.39,0.09,0.0132,2.24,-0.90,-0.63,35.84,0.596,5.78,-235,111,356,975
373.0,ROUTE,1.40,0.09,0.0143,2.33,-0.93,-0.62,35.85,0.596,5.81,-234,111,359,1009
373.1,ROUTE,1.40,0.08,0.0152,2.41,-0.96,-0.62,35.85,0.596,5.86,-234,110,363,1049
373.2,ROUTE,1.42,0.11,0.0157,2.48,-0.98,-0.62,35.86,0.596,5.92,-231,109,367,1095
373.3,ROUTE,1.43,0.12,0.0162,2.54,-0.99,-0.61,35.86,0.595,5.97,-229,109,370,1147
373.4,ROUTE,1.44,0.14,0.0165,2.58,-0.99,-0.61,35.87,0.594,6.02,-227,108,374,1203
373.5,ROUTE,1.46,0.16,0.0164,2.61,-0.99,-0.61,35.87,0.593,6.07,-225,107,377,1263
373.6,ROUTE,1.48,0.18,0.0163,2.63,-0.97,-0.61,35.88,0.592,6.10,-223,106,379,1326
373.7,ROUTE,1.50,0.19,0.0160,2.63,-0.96,-0.60,35.88,0.591,6.12,-222,106,380,1390
373.8,ROUTE,1.52,0.21,0.0156,2.63,-0.94,-0.60,35.88,0.590,6.13,-220,105,380,1456
373.9,ROUTE,1.55,0.22,0.0153,2.62,-0.92,-0.60,35.88,0.589,6.13,-220,104,380,1522
374.0,ROUTE,1.57,0.23,0.0149,2.61,-0.90,-0.60,35.88,0.588,6.12,-220,104,379,1590
374.1,ROUTE,1.59,0.23,0.0144,2.59,-0.88,-0.60,35.88,0.588,6.11,-220,103,378,1658
374.2,ROUTE,1.61,0.23,0.0142,2.58,-0.87,-0.60,35.88,0.587,6.08,-221,102,377,1729
374.3,ROUTE,1.64,0.22,0.0139,2.57,-0.86,-0.60,35.88,0.587,6.06,-222,102,375,1804
374.4,ROUTE,1.66,0.22,0.0138,2.57,-0.85,-0.60,35.88,0.587,6.04,-223,101,374,1884
374.5,ROUTE,1.68,0.20,0.0138,2.56,-0.85,-0.60,35.88,0.587,6.02,-224,101,373,1971
374.6,ROUTE,1.70,0.19,0.0138,2.57,-0.84,-0.60,35.88,0.587,6.00,-225,100,372,2069
374.7,ROUTE,1.71,0.18,0.0139,2.57,-0.85,-0.60,35.88,0.587,5.99,-225,99,371,2181
374.8,ROUTE,1.73,0.16,0.0141,2.58,-0.85,-0.60,35.88,0.587,5.98,-226,99,370,2310
374.9,ROUTE,1.75,0.17,0.0140,2.58,-0.85,-0.60,35.88,0.587,5.98,-225,98,370,0
375.0,ROUTE,1.79,0.33,0.0118,2.60,-0.85,-0.60,35.88,0.587,5.98,-218,98,370,0
375.1,ROUTE,1.83,0.40,0.0106,2.61,-0.86,-0.60,35.88,0.587,5.95,-217,97,368,0
375.2,ROUTE,1.88,0.44,0.0098,2.63,-0.87,-0.60,35.88,0.588,5.92,-218,97,366,0
375.3,ROUTE,1.94,0.56,0.0080,2.65,-0.88,-0.60,35.89,0.588,5.87,-215,96,362,0
375.4,ROUTE,1.98,0.46,0.0092,2.69,-0.90,-0.60,35.89,0.588,5.82,-224,96,358,0
375.5,ROUTE,2.01,0.32,0.0114,2.75,-0.93,-0.61,35.89,0.587,5.78,-233,96,356,0
375.6,ROUTE,2.03,0.29,0.0123,2.81,-0.96,-0.60,35.90,0.587,5.76,-234,95,356,0
375.7,ROUTE,2.05,0.20,0.0141,2.88,-0.99,-0.60,35.91,0.587,5.77,-238,95,356,0
375.8,ROUTE,2.06,0.12,0.0160,2.95,-1.01,-0.60,35.91,0.586,5.80,-240,94,359,0
375.9,ROUTE,2.07,0.12,0.0166,3.02,-1.02,-0.60,35.92,0.586,5.86,-237,94,363,0
376.0,ROUTE,2.07,0.06,0.0179,3.06,-1.03,-0.60,35.92,0.585,5.92,-237,93,368,0
376.1,ROUTE,2.07,0.03,0.0188,3.09,-1.02,-0.60,35.93,0.583,5.99,-235,92,373,0
376.2,ROUTE,2.08,0.05,0.0186,3.10,-1.00,-0.60,35.93,0.582,6.07,-230,91,378,0
376.3,ROUTE,2.08,0.02,0.0189,3.09,-0.97,-0.59,35.93,0.580,6.13,-228,90,382,0
376.4,ROUTE,2.08,0.01,0.0187,3.05,-0.94,-0.59,35.93,0.579,6.19,-224,90,386,0
376.5,ROUTE,2.08,0.03,0.0179,2.99,-0.89,-0.59,35.93,0.577,6.23,-220,89,388,0
376.6,ROUTE,2.08,-0.00,0.0175,2.92,-0.84,-0.59,35.92,0.576,6.25,-218,88,389,0
376.7,ROUTE,2.08,-0.02,0.0167,2.83,-0.79,-0.60,35.92,0.575,6.26,-217,87,389,0
376.8,ROUTE,2.08,-0.01,0.0157,2.74,-0.74,-0.60,35.91,0.575,6.25,-215,86,388,0
376.9,ROUTE,2.07,-0.04,0.0150,2.65,-0.70,-0.60,35.90,0.575,6.23,-215,85,386,0
377.0,ROUTE,2.07,-0.05,0.0142,2.55,-0.66,-0.61,35.89,0.575,6.19,-216,84,384,0
377.1,ROUTE,2.06,-0.06,0.0134,2.46,-0.63,-0.61,35.88,0.576,6.15,-216,84,381,0
377.2,ROUTE,2.05,-0.09,0.0130,2.38,-0.61,-0.62,35.87,0.577,6.10,-218,83,377,0
377.3,ROUTE,2.04,-0.11,0.0125,2.32,-0.60,-0.63,35.86,0.578,6.06,-220,82,374,0
377.4,ROUTE,2.03,-0.12,0.0122,2.26,-0.59,-0.63,35.85,0.579,6.02,-221,82,371,0
377.5,ROUTE,2.01,-0.15,0.0122,2.21,-0.59,-0.64,35.85,0.581,5.98,-223,81,369,2306
377.6,ROUTE,1.99,-0.17,0.0122,2.18,-0.60,-0.65,35.84,0.582,5.95,-225,81,367,2167
377.7,ROUTE,1.97,-0.17,0.0121,2.15,-0.61,-0.65,35.83,0.583,5.93,-225,80,366,2045
377.8,ROUTE,1.95,-0.21,0.0127,2.12,-0.62,-0.66,35.83,0.584,5.92,-228,80,365,1933
377.9,ROUTE,1.93,-0.23,0.0130,2.10,-0.63,-0.67,35.82,0.585,5.92,-229,79,365,1834
378.0,ROUTE,1.91,-0.21,0.0127,2.08,-0.63,-0.67,35.82,0.586,5.93,-228,78,366,1744
378.1,ROUTE,1.88,-0.21,0.0127,2.05,-0.63,-0.68,35.81,0.586,5.94,-229,78,366,1660
378.2,ROUTE,1.87,-0.19,0.0123,2.02,-0.63,-0.68,35.81,0.586,5.95,-228,77,367,1585
378.3,ROUTE,1.85,-0.17,0.0117,1.98,-0.62,-0.69,35.80,0.586,5.96,-227,76,367,1514
378.4,ROUTE,1.83,-0.16,0.0112,1.93,-0.61,-0.70,35.80,0.585,5.97,-228,76,367,1448
378.5,ROUTE,1.82,-0.13,0.0103,1.87,-0.59,-0.70,35.79,0.585,5.97,-227,75,367,1388
378.6,ROUTE,1.81,-0.10,0.0092,1.80,-0.57,-0.71,35.78,0.584,5.96,-227,74,366,1333
378.7,ROUTE,1.81,-0.09,0.0083,1.73,-0.55,-0.72,35.78,0.584,5.94,-228,74,364,1282
378.8,ROUTE,1.80,-0.07,0.0072,1.65,-0.53,-0.72,35.77,0.583,5.92,-228,73,362,1237
378.9,ROUTE,1.80,-0.05,0.0060,1.57,-0.51,-0.73,35.76,0.582,5.89,-228,73,360,1195
379.0,ROUTE,1.79,-0.05,0.0051,1.49,-0.49,-0.74,35.75,0.582,5.85,-230,72,357,1157
379.1,ROUTE,1.79,-0.05,0.0043,1.41,-0.47,-0.75,35.74,0.582,5.82,-231,72,355,1124
379.2,ROUTE,1.78,-0.04,0.0033,1.34,-0.46,-0.76,35.74,0.581,5.78,-232,71,352,1095
379.3,ROUTE,1.78,-0.06,0.0027,1.27,-0.46,-0.77,35.73,0.581,5.74,-234,71,349,1069
379.4,ROUTE,1.77,-0.07,0.0021,1.21,-0.45,-0.78,35.72,0.581,5.70,-235,71,346,1046
379.5,ROUTE,1.76,-0.07,0.0015,1.15,-0.45,-0.79,35.71,0.580,5.66,-237,70,344,1027
379.6,ROUTE,1.75,-0.09,0.0011,1.10,-0.45,-0.80,35.71,0.580,5.63,-238,70,342,1010
379.7,ROUTE,1.74,-0.10,0.0008,1.05,-0.46,-0.81,35.70,0.580,5.60,-239,70,340,996
379.8,ROUTE,1.73,-0.11,0.0006,1.01,-0.47,-0.82,35.69,0.580,5.58,-240,70,338,984
379.9,ROUTE,1.72,-0.12,0.0003,0.97,-0.48,-0.82,35.69,0.579,5.56,-241,70,337,975
380.0,ROUTE,1.70,-0.13,0.0002,0.95,-0.49,-0.83,35.68,0.579,5.54,-242,70,335,967
380.1,ROUTE,1.69,-0.14,0.0001,0.92,-0.51,-0.84,35.68,0.579,5.53,-242,69,334,960
380.2,ROUTE,1.67,-0.14,-0.0000,0.90,-0.53,-0.85,35.68,0.578,5.52,-243,69,334,955
380.3,ROUTE,1.66,-0.15,-0.0001,0.88,-0.54,-0.86,35.67,0.578,5.51,-243,69,333,951
380.4,ROUTE,1.64,-0.15,-0.0001,0.87,-0.56,-0.86,35.67,0.577,5.50,-243,69,333,948
380.5,ROUTE,1.63,-0.15,-0.0001,0.86,-0.58,-0.87,35.67,0.576,5.50,-244,69,332,946
380.6,ROUTE,1.61,-0.15,0.0000,0.86,-0.59,-0.88,35.67,0.576,5.50,-244,69,332,945
380.7,ROUTE,1.60,-0.15,0.0001,0.85,-0.61,-0.89,35.67,0.575,5.49,-244,69,332,945
380.8,ROUTE,1.58,-0.15,0.0002,0.85,-0.63,-0.89,35.67,0.574,5.49,-244,69,332,947
380.9,ROUTE,1.57,-0.15,0.0003,0.85,-0.65,-0.90,35.67,0.573,5.49,-244,69,332,949
381.0,ROUTE,1.55,-0.15,0.0005,0.86,-0.67,-0.90,35.67,0.573,5.49,-244,69,332,952
381.1,ROUTE,1.54,-0.15,0.0007,0.87,-0.69,-0.91,35.67,0.572,5.50,-244,69,332,956
381.2,ROUTE,1.52,-0.15,0.0009,0.87,-0.71,-0.91,35.67,0.571,5.50,-244,69,333,962
381.3,ROUTE,1.51,-0.15,0.0011,0.88,-0.72,-0.92,35.67,0.570,5.51,-244,70,333,969
381.4,ROUTE,1.49,-0.15,0.0013,0.90,-0.74,-0.92,35.67,0.569,5.51,-244,70,333,976
381.5,ROUTE,1.48,-0.14,0.0015,0.91,-0.76,-0.92,35.67,0.568,5.52,-244,70,334,985
381.6,ROUTE,1.46,-0.14,0.0018,0.92,-0.77,-0.93,35.67,0.567,5.52,-244,70,334,994
381.7,ROUTE,1.45,-0.14,0.0020,0.94,-0.79,-0.93,35.67,0.566,5.53,-244,70,335,1005
381.8,ROUTE,1.44,-0.13,0.0022,0.95,-0.80,-0.93,35.68,0.565,5.54,-243,70,335,1016
381.9,ROUTE,1.42,-0.13,0.0024,0.97,-0.82,-0.94,35.68,0.564,5.55,-243,71,336,1028
382.0,ROUTE,1.41,-0.12,0.0027,0.98,-0.83,-0.94,35.68,0.563,5.55,-243,71,336,1041
382.1,ROUTE,1.40,-0.12,0.0029,1.00,-0.84,-0.94,35.68,0.562,5.56,-243,71,337,1054
382.2,ROUTE,1.39,-0.11,0.0030,1.01,-0.85,-0.94,35.68,0.561,5.57,-242,71,337,1068
382.3,ROUTE,1.38,-0.11,0.0033,1.02,-0.86,-0.94,35.69,0.560,5.58,-242,71,338,1082
382.4,ROUTE,1.37,-0.10,0.0034,1.04,-0.87,-0.94,35.69,0.559,5.58,-242,72,338,1096
382.5,ROUTE,1.36,-0.09,0.0035,1.05,-0.88,-0.95,35.69,0.558,5.59,-242,72,339,1112
382.6,ROUTE,1.35,-0.09,0.0037,1.06,-0.89,-0.95,35.69,0.557,5.59,-242,72,339,1127
382.7,ROUTE,1.34,-0.08,0.0038,1.07,-0.89,-0.95,35.70,0.556,5.60,-241,72,340,1143
382.8,ROUTE,1.34,-0.08,0.0039,1.08,-0.90,-0.95,35.70,0.555,5.61,-241,72,340,1160
382.9,ROUTE,1.33,-0.08,0.0041,1.09,-0.90,-0.95,35.70,0.555,5.61,-241,73,341,1177
383.0,ROUTE,1.32,-0.07,0.0042,1.10,-0.91,-0.95,35.70,0.554,5.61,-241,73,341,1194
383.1,ROUTE,1.32,-0.06,0.0042,1.11,-0.91,-0.95,35.70,0.553,5.62,-241,73,341,1212
383.2,ROUTE,1.31,-0.06,0.0043,1.11,-0.91,-0.95,35.71,0.552,5.62,-241,73,341,1231
383.3,ROUTE,1.30,-0.06,0.0044,1.12,-0.92,-0.95,35.71,0.552,5.63,-241,74,342,1250
383.4,ROUTE,1.30,-0.05,0.0045,1.12,-0.92,-0.95,35.71,0.551,5.63,-240,74,342,1270
383.5,ROUTE,1.29,-0.05,0.0045,1.13,-0.92,-0.95,35.71,0.550,5.63,-240,74,342,1290
383.6,ROUTE,1.29,-0.05,0.0046,1.13,-0.92,-0.95,35.71,0.550,5.63,-240,74,342,1311
383.7,ROUTE,1.28,-0.05,0.0046,1.13,-0.92,-0.95,35.71,0.549,5.64,-240,75,342,1332
383.8,ROUTE,1.28,-0.04,0.0046,1.13,-0.92,-0.95,35.71,0.549,5.64,-240,75,343,1353
383.9,ROUTE,1.28,-0.04,0.0046,1.13,-0.92,-0.95,35.72,0.548,5.64,-240,75,343,1375
384.0,ROUTE,1.27,-0.04,0.0046,1.13,-0.92,-0.95,35.72,0.548,5.64,-240,75,343,1398
384.1,ROUTE,1.27,-0.04,0.0046,1.13,-0.92,-0.95,35.72,0.547,5.64,-240,76,343,1420
384.2,ROUTE,1.26,-0.03,0.0046,1.13,-0.92,-0.95,35.72,0.547,5.64,-240,76,343,1443
384.3,ROUTE,1.26,-0.03,0.0045,1.13,-0.92,-0.95,35.72,0.546,5.64,-240,76,343,1466
384.4,ROUTE,1.26,-0.03,0.0045,1.13,-0.92,-0.95,35.72,0.546,5.64,-240,76,343,1490
384.5,ROUTE,1.26,-0.03,0.0045,1.12,-0.92,-0.95,35.72,0.545,5.64,-240,77,343,1513
384.6,ROUTE,1.25,-0.03,0.0044,1.12,-0.92,-0.95,35.72,0.545,5.64,-240,77,343,1537
384.7,ROUTE,1.25,-0.03,0.0044,1.11,-0.92,-0.96,35.72,0.545,5.63,-240,77,342,1561
384.8,ROUTE,1.25,-0.02,0.0043,1.11,-0.92,-0.96,35.72,0.544,5.63,-240,77,342,1584
384.9,ROUTE,1.25,-0.02,0.0043,1.10,-0.92,-0.96,35.72,0.544,5.63,-240,77,342,1608
385.0,ROUTE,1.24,-0.02,0.0042,1.10,-0.92,-0.96,35.72,0.544,5.63,-240,78,342,1632
385.1,ROUTE,1.24,-0.02,0.0041,1.09,-0.92,-0.96,35.72,0.544,5.63,-240,78,342,1656
385.2,ROUTE,1.24,-0.02,0.0041,1.09,-0.91,-0.96,35.72,0.543,5.63,-240,78,342,1679
385.3,ROUTE,1.24,-0.02,0.0040,1.08,-0.91,-0.96,35.72,0.543,5.62,-240,78,342,1703
385.4,ROUTE,1.24,-0.02,0.0040,1.08,-0.91,-0.96,35.72,0.543,5.62,-240,78,342,1727
385.5,ROUTE,1.23,-0.02,0.0039,1.07,-0.91,-0.96,35.72,0.543,5.62,-240,78,341,1750
385.6,ROUTE,1.23,-0.02,0.0038,1.07,-0.91,-0.96,35.72,0.543,5.62,-240,79,341,1774
385.7,ROUTE,1.23,-0.02,0.0038,1.06,-0.91,-0.96,35.72,0.542,5.61,-240,79,341,1797
385.8,ROUTE,1.23,-0.02,0.0037,1.05,-0.91,-0.96,35.72,0.542,5.61,-240,79,341,1820
385.9,ROUTE,1.23,-0.02,0.0036,1.05,-0.91,-0.96,35.72,0.542,5.61,-240,79,341,1842
386.0,ROUTE,1.22,-0.02,0.0036,1.04,-0.91,-0.96,35.72,0.542,5.61,-240,79,341,1865
386.1,ROUTE,1.22,-0.02,0.0035,1.04,-0.91,-0.96,35.72,0.542,5.61,-240,79,341,1887
386.2,ROUTE,1.22,-0.02,0.0035,1.03,-0.91,-0.96,35.72,0.542,5.60,-240,79,340,1908
386.3,ROUTE,1.22,-0.02,0.0034,1.03,-0.91,-0.96,35.72,0.542,5.60,-240,80,340,1929
386.4,ROUTE,1.22,-0.02,0.0034,1.02,-0.91,-0.96,35.72,0.541,5.60,-240,80,340,1949
386.5,ROUTE,1.21,-0.02,0.0033,1.02,-0.91,-0.96,35.72,0.541,5.60,-240,80,340,1969
386.6,ROUTE,1.21,-0.02,0.0033,1.02,-0.91,-0.96,35.72,0.541,5.60,-240,80,340,1988
386.7,ROUTE,1.21,-0.02,0.0032,1.01,-0.91,-0.97,35.72,0.541,5.60,-240,80,340,2007
386.8,ROUTE,1.21,-0.02,0.0032,1.01,-0.91,-0.97,35.72,0.541,5.59,-240,80,340,2025
386.9,ROUTE,1.21,-0.02,0.0031,1.00,-0.91,-0.97,35.72,0.541,5.59,-240,80,340,2042
387.0,ROUTE,1.21,-0.02,0.0031,1.00,-0.92,-0.97,35.72,0.541,5.59,-240,80,340,2059
387.1,ROUTE,1.20,-0.02,0.0031,1.00,-0.92,-0.97,35.72,0.541,5.59,-240,80,340,2074
387.2,ROUTE,1.20,-0.02,0.0030,0.99,-0.92,-0.97,35.72,0.540,5.59,-240,80,339,2089
387.3,ROUTE,1.20,-0.02,0.0030,0.99,-0.92,-0.97,35.72,0.540,5.59,-240,80,339,2104
387.4,ROUTE,1.20,-0.02,0.0030,0.99,-0.92,-0.97,35.72,0.540,5.59,-240,81,339,2117
387.5,ROUTE,1.20,-0.02,0.0029,0.99,-0.92,-0.97,35.72,0.540,5.59,-240,81,339,2130
387.6,ROUTE,1.19,-0.02,0.0029,0.98,-0.92,-0.97,35.72,0.540,5.58,-240,81,339,0
387.7,ROUTE,1.19,-0.02,0.0029,0.98,-0.92,-0.97,35.72,0.540,5.58,-240,81,339,0
387.8,ROUTE,1.19,-0.02,0.0029,0.98,-0.92,-0.97,35.72,0.540,5.58,-241,81,339,0
387.9,ROUTE,1.19,-0.02,0.0028,0.98,-0.93,-0.97,35.72,0.540,5.58,-241,81,339,0
388.0,ROUTE,1.19,-0.02,0.0028,0.98,-0.93,-0.97,35.72,0.539,5.58,-241,81,339,0
388.1,ROUTE,1.19,-0.02,0.0028,0.98,-0.93,-0.97,35.72,0.539,5.58,-241,81,339,0
388.2,ROUTE,1.18,-0.02,0.0028,0.98,-0.93,-0.97,35.72,0.539,5.58,-241,81,339,0
388.3,ROUTE,1.18,-0.02,0.0028,0.98,-0.93,-0.97,35.72,0.539,5.58,-241,81,339,0
388.4,ROUTE,1.18,-0.02,0.0028,0.97,-0.93,-0.97,35.72,0.539,5.58,-241,81,339,0
388.5,ROUTE,1.18,-0.02,0.0027,0.97,-0.93,-0.97,35.72,0.539,5.58,-241,81,339,0
388.6,ROUTE,1.18,-0.01,0.0027,0.97,-0.93,-0.97,35.72,0.539,5.58,-241,81,339,0
388.7,ROUTE,1.18,-0.01,0.0027,0.97,-0.93,-0.97,35.73,0.539,5.58,-241,81,339,0
388.8,ROUTE,1.18,-0.01,0.0027,0.97,-0.94,-0.97,35.73,0.539,5.58,-241,81,339,0
388.9,ROUTE,1.17,-0.01,0.0027,0.97,-0.94,-0.97,35.73,0.539,5.58,-241,81,339,0
389.0,ROUTE,1.17,-0.01,0.0027,0.97,-0.94,-0.97,35.73,0.538,5.58,-241,81,339,0
389.1,ROUTE,1.17,-0.01,0.0027,0.97,-0.94,-0.97,35.73,0.538,5.58,-241,81,339,0
389.2,ROUTE,1.17,-0.01,0.0027,0.97,-0.94,-0.97,35.73,0.538,5.58,-241,81,339,0
389.3,ROUTE,1.17,-0.01,0.0027,0.97,-0.94,-0.97,35.73,0.538,5.58,-241,81,339,0
389.4,ROUTE,1.17,-0.01,0.0027,0.97,-0.94,-0.97,35.73,0.538,5.58,-241,81,339,0
389.5,ROUTE,1.17,-0.01,0.0027,0.97,-0.94,-0.97,35.73,0.538,5.58,-241,81,339,0
389.6,ROUTE,1.17,-0.01,0.0027,0.97,-0.94,-0.97,35.73,0.538,5.58,-241,81,339,0
389.7,ROUTE,1.16,-0.01,0.0027,0.98,-0.95,-0.97,35.73,0.538,5.58,-241,81,339,0
389.8,ROUTE,1.16,-0.01,0.0027,0.98,-0.95,-0.97,35.73,0.538,5.58,-241,81,339,0
389.9,ROUTE,1.16,-0.01,0.0027,0.98,-0.95,-0.97,35.73,0.538,5.58,-241,81,339,0
390.0,ROUTE,1.16,-0.01,0.0027,0.98,-0.95,-0.97,35.73,0.537,5.58,-241,81,339,0
390.1,ROUTE,1.16,-0.01,0.0027,0.98,-0.95,-0.97,35.73,0.537,5.58,-241,81,339,0
390.2,ROUTE,1.16,-0.01,0.0026,0.98,-0.95,-0.97,35.73,0.537,5.58,-241,81,339,0
390.3,ROUTE,1.16,-0.01,0.0026,0.98,-0.95,-0.97,35.73,0.537,5.58,-241,81,339,0
390.4,ROUTE,1.16,-0.01,0.0026,0.98,-0.95,-0.97,35.73,0.537,5.58,-241,81,339,0
390.5,ROUTE,1.16,-0.01,0.0026,0.98,-0.95,-0.97,35.73,0.537,5.58,-241,81,339,0
390.6,ROUTE,1.16,-0.01,0.0026,0.98,-0.95,-0.97,35.73,0.537,5.58,-241,81,339,0
390.7,ROUTE,1.16,-0.01,0.0026,0.98,-0.95,-0.97,35.73,0.537,5.58,-241,81,339,0
390.8,ROUTE,1.15,-0.01,0.0026,0.98,-0.95,-0.97,35.73,0.537,5.58,-241,81,339,0
390.9,ROUTE,1.15,-0.01,0.0026,0.98,-0.95,-0.97,35.73,0.537,5.58,-241,81,339,0
391.0,ROUTE,1.15,-0.01,0.0026,0.98,-0.95,-0.97,35.73,0.537,5.58,-241,81,339,0
391.1,ROUTE,1.15,-0.01,0.0026,0.99,-0.95,-0.97,35.73,0.537,5.58,-241,81,339,0
391.2,ROUTE,1.15,-0.01,0.0026,0.99,-0.95,-0.97,35.73,0.537,5.58,-241,81,339,0
391.3,ROUTE,1.15,-0.01,0.0026,0.99,-0.95,-0.97,35.74,0.537,5.58,-241,81,339,0
391.4,ROUTE,1.15,-0.01,0.0026,0.99,-0.96,-0.97,35.74,0.537,5.58,-241,81,339,0
391.5,ROUTE,1.15,-0.01,0.0026,0.99,-0.96,-0.97,35.74,0.537,5.58,-241,81,339,0
391.6,ROUTE,1.15,-0.01,0.0026,0.99,-0.96,-0.97,35.74,0.536,5.58,-241,81,339,0
391.7,ROUTE,1.15,-0.01,0.0026,0.99,-0.96,-0.97,35.74,0.536,5.58,-241,81,339,2134
391.8,ROUTE,1.15,-0.01,0.0026,0.99,-0.96,-0.97,35.74,0.536,5.58,-241,81,339,2129
391.9,ROUTE,1.15,-0.00,0.0026,0.99,-0.96,-0.97,35.74,0.536,5.58,-241,81,339,2123
392.0,ROUTE,1.15,-0.00,0.0026,0.99,-0.96,-0.97,35.74,0.536,5.58,-241,81,339,2118
392.1,ROUTE,1.15,-0.00,0.0026,0.99,-0.96,-0.97,35.74,0.536,5.58,-241,81,339,2112
392.2,ROUTE,1.15,-0.00,0.0026,0.99,-0.96,-0.97,35.74,0.536,5.58,-241,81,339,2107
392.3,ROUTE,1.15,-0.00,0.0026,1.00,-0.96,-0.97,35.74,0.536,5.58,-241,81,339,2102
392.4,ROUTE,1.15,-0.00,0.0026,1.00,-0.96,-0.97,35.74,0.536,5.58,-241,81,339,2097
392.5,ROUTE,1.15,-0.00,0.0026,1.00,-0.96,-0.96,35.74,0.536,5.58,-241,80,339,2092
392.6,ROUTE,1.15,-0.00,0.0026,1.00,-0.96,-0.96,35.74,0.536,5.58,-241,80,339,2087
392.7,ROUTE,1.14,-0.00,0.0026,1.00,-0.96,-0.96,35.74,0.536,5.58,-241,80,339,2082
392.8,ROUTE,1.14,-0.00,0.0026,1.00,-0.96,-0.96,35.74,0.536,5.58,-241,80,339,2077
392.9,ROUTE,1.14,-0.00,0.0026,1.00,-0.96,-0.96,35.74,0.536,5.58,-241,80,339,2073
393.0,ROUTE,1.14,-0.00,0.0026,1.00,-0.96,-0.96,35.74,0.536,5.58,-241,80,339,2068
393.1,ROUTE,1.14,-0.00,0.0026,1.00,-0.96,-0.96,35.74,0.536,5.58,-241,80,339,2064
393.2,ROUTE,1.14,-0.00,0.0026,1.00,-0.96,-0.96,35.74,0.536,5.58,-241,80,339,2060
393.3,ROUTE,1.14,-0.00,0.0026,1.01,-0.96,-0.96,35.74,0.536,5.58,-241,80,339,2055
393.4,ROUTE,1.14,-0.00,0.0026,1.01,-0.96,-0.96,35.74,0.536,5.58,-241,80,339,2051
393.5,ROUTE,1.14,-0.00,0.0026,1.01,-0.96,-0.96,35.74,0.536,5.58,-241,80,339,2047
393.6,ROUTE,1.14,-0.00,0.0026,1.01,-0.96,-0.96,35.74,0.536,5.58,-241,80,339,2044
393.7,ROUTE,1.14,-0.00,0.0026,1.01,-0.96,-0.96,35.74,0.536,5.58,-241,80,339,2040
393.8,ROUTE,1.14,-0.00,0.0026,1.01,-0.96,-0.96,35.74,0.536,5.58,-241,80,339,2036
393.9,ROUTE,1.14,-0.00,0.0026,1.01,-0.96,-0.96,35.74,0.536,5.58,-241,80,339,2033
394.0,ROUTE,1.14,-0.00,0.0026,1.01,-0.96,-0.96,35.74,0.536,5.58,-241,80,339,2030
394.1,ROUTE,1.14,-0.00,0.0026,1.01,-0.96,-0.96,35.74,0.536,5.58,-241,80,339,2026
394.2,ROUTE,1.14,-0.00,0.0026,1.01,-0.96,-0.96,35.75,0.536,5.58,-241,80,339,2023
394.3,ROUTE,1.14,-0.00,0.0026,1.02,-0.96,-0.96,35.75,0.536,5.58,-241,80,339,2020
394.4,ROUTE,1.14,-0.00,0.0026,1.02,-0.96,-0.96,35.75,0.536,5.58,-241,80,339,2018
394.5,ROUTE,1.14,-0.00,0.0026,1.02,-0.96,-0.96,35.75,0.536,5.58,-241,80,339,2015
394.6,ROUTE,1.14,-0.00,0.0026,1.02,-0.96,-0.96,35.75,0.536,5.58,-241,80,339,2012
394.7,ROUTE,1.14,-0.00,0.0026,1.02,-0.96,-0.96,35.75,0.536,5.58,-241,80,339,2010
394.8,ROUTE,1.14,-0.00,0.0026,1.02,-0.96,-0.96,35.75,0.536,5.58,-241,80,339,2008
394.9,ROUTE,1.14,-0.00,0.0026,1.02,-0.96,-0.96,35.75,0.536,5.58,-241,80,339,2005
395.0,ROUTE,1.14,-0.00,0.0026,1.02,-0.96,-0.96,35.75,0.536,5.58,-241,80,339,2003
395.1,ROUTE,1.14,-0.00,0.0026,1.02,-0.96,-0.96,35.75,0.536,5.58,-241,80,339,2001
395.2,ROUTE,1.14,-0.00,0.0026,1.02,-0.96,-0.95,35.75,0.536,5.58,-241,80,339,1999
395.3,ROUTE,1.14,0.00,0.0026,1.03,-0.96,-0.95,35.75,0.536,5.58,-241,80,339,1998
395.4,ROUTE,1.14,0.00,0.0026,1.03,-0.96,-0.95,35.75,0.536,5.58,-241,80,339,1996
395.5,ROUTE,1.14,0.00,0.0026,1.03,-0.96,-0.95,35.75,0.536,5.58,-241,80,339,1994
395.6,ROUTE,1.14,0.00,0.0026,1.03,-0.96,-0.95,35.75,0.536,5.58,-241,80,339,1993
395.7,ROUTE,1.14,0.00,0.0026,1.03,-0.96,-0.95,35.75,0.536,5.58,-241,80,339,1992
395.8,ROUTE,1.14,0.00,0.0026,1.03,-0.96,-0.95,35.75,0.536,5.58,-241,80,339,1990
395.9,ROUTE,1.14,0.00,0.0026,1.03,-0.96,-0.95,35.75,0.536,5.58,-241,80,339,1989
396.0,ROUTE,1.14,0.00,0.0026,1.03,-0.96,-0.95,35.75,0.536,5.58,-241,80,339,1988
396.1,ROUTE,1.14,0.00,0.0026,1.03,-0.96,-0.95,35.75,0.536,5.58,-241,80,339,1987
396.2,ROUTE,1.14,0.00,0.0026,1.03,-0.96,-0.95,35.75,0.536,5.58,-241,80,339,1986
396.3,ROUTE,1.14,0.00,0.0026,1.04,-0.96,-0.95,35.75,0.536,5.58,-241,80,339,1985
396.4,ROUTE,1.14,0.00,0.0026,1.04,-0.96,-0.95,35.75,0.536,5.58,-241,80,339,1985
396.5,ROUTE,1.14,0.00,0.0026,1.04,-0.96,-0.95,35.75,0.536,5.58,-241,80,339,1984
396.6,ROUTE,1.14,0.00,0.0026,1.04,-0.96,-0.95,35.75,0.536,5.57,-241,80,339,1983
396.7,ROUTE,1.14,0.00,0.0026,1.04,-0.96,-0.95,35.75,0.536,5.57,-241,80,339,1983
396.8,ROUTE,1.14,0.00,0.0026,1.04,-0.96,-0.95,35.75,0.536,5.57,-241,80,339,1982
396.9,ROUTE,1.14,0.00,0.0026,1.04,-0.96,-0.95,35.75,0.536,5.57,-241,80,339,1982
397.0,ROUTE,1.14,0.00,0.0026,1.04,-0.96,-0.95,35.75,0.536,5.57,-241,80,339,1982
397.1,ROUTE,1.14,0.00,0.0026,1.04,-0.96,-0.95,35.75,0.536,5.57,-241,80,339,1981
397.2,ROUTE,1.14,0.00,0.0026,1.05,-0.96,-0.95,35.75,0.536,5.57,-241,80,339,1981
397.3,ROUTE,1.14,0.00,0.0026,1.05,-0.96,-0.95,35.75,0.536,5.57,-241,80,339,1981
397.4,ROUTE,1.14,0.00,0.0026,1.05,-0.96,-0.95,35.75,0.536,5.57,-241,80,339,1981
397.5,ROUTE,1.14,0.00,0.0026,1.05,-0.96,-0.95,35.75,0.536,5.57,-241,80,339,1981
397.6,ROUTE,1.14,0.00,0.0026,1.05,-0.96,-0.95,35.75,0.536,5.57,-241,80,339,1981
397.7,ROUTE,1.14,0.00,0.0026,1.05,-0.96,-0.95,35.75,0.536,5.57,-241,80,339,1981
397.8,ROUTE,1.14,0.00,0.0026,1.05,-0.96,-0.95,35.75,0.536,5.57,-241,80,339,1981
397.9,ROUTE,1.14,0.00,0.0026,1.05,-0.96,-0.95,35.75,0.536,5.57,-241,80,339,1981
398.0,ROUTE,1.14,0.00,0.0026,1.05,-0.96,-0.95,35.75,0.536,5.57,-241,80,339,1981
398.1,ROUTE,1.14,0.00,0.0026,1.05,-0.96,-0.95,35.75,0.536,5.57,-241,80,339,1982
398.2,ROUTE,1.14,0.00,0.0026,1.05,-0.95,-0.94,35.75,0.536,5.57,-241,80,339,1982
398.3,ROUTE,1.14,0.00,0.0026,1.06,-0.95,-0.94,35.75,0.536,5.57,-241,80,339,1982
398.4,ROUTE,1.15,0.00,0.0026,1.06,-0.95,-0.94,35.75,0.536,5.57,-241,80,339,1982
398.5,ROUTE,1.15,0.00,0.0026,1.06,-0.95,-0.94,35.75,0.536,5.57,-241,80,339,1983
398.6,ROUTE,1.15,0.00,0.0026,1.06,-0.95,-0.94,35.75,0.536,5.57,-241,80,339,1983
398.7,ROUTE,1.15,0.00,0.0026,1.06,-0.95,-0.94,35.75,0.536,5.57,-241,80,339,1983
398.8,ROUTE,1.15,0.00,0.0026,1.06,-0.95,-0.94,35.75,0.536,5.57,-241,80,339,1984
398.9,ROUTE,1.15,0.00,0.0026,1.06,-0.95,-0.94,35.75,0.536,5.57,-241,80,339,1984
399.0,ROUTE,1.15,0.00,0.0026,1.06,-0.95,-0.94,35.76,0.536,5.57,-241,80,339,1985
399.1,ROUTE,1.15,0.00,0.0026,1.06,-0.95,-0.94,35.76,0.536,5.57,-241,80,339,1985
399.2,ROUTE,1.15,0.00,0.0026,1.06,-0.95,-0.94,35.76,0.536,5.57,-241,80,339,1986
399.3,ROUTE,1.15,0.00,0.0026,1.06,-0.95,-0.94,35.76,0.536,5.57,-241,80,339,1986
399.4,ROUTE,1.15,0.00,0.0026,1.07,-0.95,-0.94,35.76,0.536,5.57,-241,80,339,1986
399.5,ROUTE,1.15,0.00,0.0026,1.07,-0.95,-0.94,35.76,0.536,5.57,-241,80,339,1987
399.6,ROUTE,1.15,0.00,0.0026,1.07,-0.95,-0.94,35.76,0.536,5.57,-241,80,339,1987
399.7,ROUTE,1.15,0.00,0.0026,1.07,-0.95,-0.94,35.76,0.536,5.57,-241,80,339,1988
399.8,ROUTE,1.15,0.00,0.0026,1.07,-0.95,-0.94,35.76,0.536,5.57,-241,80,339,1988
399.9,ROUTE,1.15,0.00,0.0026,1.07,-0.95,-0.94,35.76,0.536,5.57,-241,80,339,1989
400.0,ROUTE,1.15,0.00,0.0026,1.07,-0.95,-0.94,35.76,0.536,5.57,-241,80,339,1990
400.1,ROUTE,1.15,0.00,0.0026,1.07,-0.95,-0.94,35.76,0.536,5.57,-241,80,339,1990
400.2,ROUTE,1.15,0.00,0.0026,1.07,-0.95,-0.94,35.76,0.536,5.57,-241,80,339,1991
400.3,ROUTE,1.15,0.00,0.0026,1.07,-0.95,-0.94,35.76,0.536,5.57,-241,80,339,1991
400.4,ROUTE,1.15,0.00,0.0026,1.07,-0.95,-0.94,35.76,0.536,5.57,-241,80,339,1992
400.5,ROUTE,1.15,0.00,0.0026,1.07,-0.95,-0.94,35.76,0.536,5.57,-241,80,339,1992
400.6,ROUTE,1.15,0.00,0.0026,1.07,-0.95,-0.94,35.76,0.536,5.57,-241,80,339,1993
400.7,ROUTE,1.15,0.00,0.0026,1.08,-0.95,-0.94,35.76,0.536,5.57,-241,80,339,1993
400.8,ROUTE,1.15,0.00,0.0026,1.08,-0.95,-0.94,35.76,0.536,5.57,-241,80,339,1994
400.9,ROUTE,1.15,0.00,0.0026,1.08,-0.95,-0.94,35.76,0.536,5.57,-241,80,339,1994
401.0,ROUTE,1.15,0.00,0.0026,1.08,-0.95,-0.94,35.76,0.536,5.57,-241,80,339,1995
401.1,ROUTE,1.15,0.00,0.0026,1.08,-0.95,-0.94,35.76,0.536,5.57,-241,80,339,1995
401.2,ROUTE,1.15,0.00,0.0026,1.08,-0.95,-0.94,35.76,0.536,5.57,-241,80,339,1996
401.3,ROUTE,1.15,0.00,0.0026,1.08,-0.95,-0.94,35.76,0.536,5.57,-241,80,339,1996
401.4,ROUTE,1.15,0.00,0.0026,1.08,-0.95,-0.94,35.76,0.536,5.57,-241,80,339,1996
401.5,ROUTE,1.15,0.00,0.0026,1.08,-0.95,-0.94,35.76,0.536,5.57,-241,80,339,1997
401.6,ROUTE,1.15,0.00,0.0026,1.08,-0.95,-0.94,35.76,0.536,5.57,-241,80,339,1997
401.7,ROUTE,1.15,0.00,0.0026,1.08,-0.95,-0.94,35.76,0.536,5.57,-241,80,339,1998
401.8,ROUTE,1.15,0.00,0.0026,1.08,-0.95,-0.94,35.76,0.536,5.57,-241,80,339,1998
401.9,ROUTE,1.15,0.00,0.0026,1.08,-0.95,-0.94,35.76,0.536,5.57,-241,80,339,1998
402.0,ROUTE,1.15,0.00,0.0026,1.08,-0.95,-0.94,35.76,0.536,5.57,-241,80,339,1999
402.1,ROUTE,1.15,0.00,0.0026,1.08,-0.95,-0.94,35.76,0.536,5.57,-241,80,339,1999
402.2,ROUTE,1.15,0.00,0.0026,1.09,-0.95,-0.94,35.76,0.536,5.57,-241,80,339,2000
402.3,ROUTE,1.15,0.00,0.0026,1.09,-0.95,-0.94,35.76,0.536,5.57,-241,80,339,2000
402.4,ROUTE,1.15,0.00,0.0026,1.09,-0.95,-0.94,35.76,0.536,5.57,-241,80,339,2000
402.5,ROUTE,1.15,0.00,0.0026,1.09,-0.95,-0.94,35.76,0.536,5.57,-241,80,339,2001
402.6,ROUTE,1.15,0.00,0.0026,1.09,-0.95,-0.94,35.76,0.536,5.57,-241,80,339,2001
402.7,ROUTE,1.15,0.00,0.0026,1.09,-0.95,-0.94,35.76,0.536,5.57,-241,80,339,2001
402.8,ROUTE,1.15,0.00,0.0026,1.09,-0.95,-0.94,35.76,0.536,5.57,-241,80,339,2002
402.9,ROUTE,1.15,0.00,0.0026,1.09,-0.95,-0.93,35.76,0.536,5.57,-241,80,339,2002
403.0,ROUTE,1.15,0.00,0.0026,1.09,-0.95,-0.93,35.76,0.536,5.57,-241,80,339,2002
403.1,ROUTE,1.15,0.00,0.0026,1.09,-0.95,-0.93,35.76,0.536,5.57,-241,80,339,2002
403.2,ROUTE,1.15,0.00,0.0026,1.09,-0.95,-0.93,35.76,0.536,5.57,-241,80,339,2003
403.3,ROUTE,1.15,0.00,0.0026,1.09,-0.95,-0.93,35.76,0.536,5.57,-241,80,339,2003
403.4,ROUTE,1.15,0.00,0.0025,1.09,-0.95,-0.93,35.76,0.536,5.57,-241,80,339,2003
403.5,ROUTE,1.15,0.00,0.0025,1.09,-0.95,-0.93,35.76,0.536,5.57,-241,80,339,2003
403.6,ROUTE,1.15,0.00,0.0025,1.09,-0.95,-0.93,35.76,0.536,5.57,-241,80,339,2003
403.7,ROUTE,1.15,0.00,0.0025,1.09,-0.95,-0.93,35.76,0.536,5.57,-241,80,339,2004
403.8,ROUTE,1.15,0.00,0.0025,1.09,-0.95,-0.93,35.76,0.536,5.57,-241,80,339,2004
403.9,ROUTE,1.15,0.00,0.0025,1.09,-0.95,-0.93,35.76,0.536,5.57,-241,80,339,2004
404.0,ROUTE,1.15,0.00,0.0025,1.10,-0.95,-0.93,35.76,0.536,5.57,-241,80,339,2004
404.1,ROUTE,1.16,0.00,0.0025,1.10,-0.95,-0.93,35.76,0.536,5.57,-241,80,339,2004
404.2,ROUTE,1.16,0.00,0.0025,1.10,-0.95,-0.93,35.76,0.536,5.57,-241,80,339,2004
404.3,ROUTE,1.16,0.00,0.0025,1.10,-0.95,-0.93,35.76,0.536,5.57,-241,80,339,2004
404.4,ROUTE,1.16,0.00,0.0025,1.10,-0.95,-0.93,35.76,0.536,5.57,-241,80,339,2005
404.5,ROUTE,1.16,0.00,0.0025,1.10,-0.95,-0.93,35.76,0.536,5.57,-241,80,339,2005
404.6,ROUTE,1.16,0.00,0.0025,1.10,-0.95,-0.93,35.76,0.536,5.57,-241,80,339,2005
404.7,ROUTE,1.16,0.00,0.0025,1.10,-0.95,-0.93,35.76,0.536,5.57,-241,80,339,2005
404.8,ROUTE,1.16,0.00,0.0025,1.10,-0.94,-0.93,35.76,0.536,5.57,-241,80,339,2005
404.9,ROUTE,1.16,0.00,0.0025,1.10,-0.94,-0.93,35.76,0.536,5.57,-241,80,339,2005
405.0,ROUTE,1.16,0.00,0.0025,1.10,-0.94,-0.93,35.76,0.536,5.57,-241,80,339,2005
405.1,ROUTE,1.16,0.00,0.0025,1.10,-0.94,-0.93,35.76,0.536,5.57,-241,80,339,2005
405.2,ROUTE,1.16,0.00,0.0025,1.10,-0.94,-0.93,35.76,0.536,5.57,-241,80,339,2005
405.3,ROUTE,1.16,0.00,0.0025,1.10,-0.94,-0.93,35.76,0.536,5.57,-241,80,339,2005
405.4,ROUTE,1.16,0.00,0.0025,1.10,-0.94,-0.93,35.76,0.536,5.57,-241,80,339,2005
405.5,ROUTE,1.16,0.00,0.0025,1.10,-0.94,-0.93,35.76,0.536,5.57,-241,80,339,2005
405.6,ROUTE,1.16,0.00,0.0025,1.10,-0.94,-0.93,35.76,0.536,5.57,-241,80,339,2005
405.7,ROUTE,1.16,0.00,0.0025,1.10,-0.94,-0.93,35.76,0.536,5.57,-241,80,339,2005
405.8,ROUTE,1.16,0.00,0.0025,1.10,-0.94,-0.93,35.76,0.536,5.57,-241,80,339,2005
405.9,ROUTE,1.16,0.00,0.0025,1.10,-0.94,-0.93,35.76,0.536,5.57,-241,80,339,2005
406.0,ROUTE,1.16,0.00,0.0025,1.11,-0.94,-0.93,35.76,0.536,5.57,-241,80,339,2005
406.1,ROUTE,1.16,0.00,0.0025,1.11,-0.94,-0.93,35.76,0.536,5.57,-241,80,339,2005
406.2,ROUTE,1.16,0.00,0.0025,1.11,-0.94,-0.93,35.76,0.536,5.57,-241,80,339,2005
406.3,ROUTE,1.16,0.00,0.0025,1.11,-0.94,-0.93,35.76,0.536,5.57,-241,80,339,2005
406.4,ROUTE,1.16,0.00,0.0025,1.11,-0.94,-0.93,35.76,0.536,5.57,-241,80,339,2005
406.5,ROUTE,1.16,0.00,0.0025,1.11,-0.94,-0.93,35.76,0.536,5.57,-241,80,339,2005
406.6,ROUTE,1.16,0.00,0.0025,1.11,-0.94,-0.93,35.76,0.536,5.57,-241,80,339,2005
406.7,ROUTE,1.16,0.00,0.0025,1.11,-0.94,-0.93,35.76,0.536,5.57,-241,80,339,2005
406.8,ROUTE,1.16,0.00,0.0025,1.11,-0.94,-0.93,35.76,0.536,5.57,-241,80,339,2005
406.9,ROUTE,1.16,0.00,0.0025,1.11,-0.94,-0.93,35.76,0.536,5.57,-241,80,339,2005
407.0,ROUTE,1.16,0.00,0.0025,1.11,-0.94,-0.93,35.76,0.536,5.57,-241,80,339,2005
407.1,ROUTE,1.16,0.00,0.0025,1.11,-0.94,-0.93,35.76,0.536,5.57,-241,80,339,2005
407.2,ROUTE,1.16,0.00,0.0025,1.11,-0.94,-0.93,35.76,0.536,5.57,-241,80,339,2005
407.3,ROUTE,1.16,0.00,0.0025,1.11,-0.94,-0.93,35.76,0.536,5.57,-241,80,339,2005
407.4,ROUTE,1.16,0.00,0.0025,1.11,-0.94,-0.93,35.76,0.536,5.57,-241,80,339,2005
407.5,ROUTE,1.16,0.00,0.0025,1.11,-0.94,-0.93,35.76,0.536,5.57,-241,80,339,2005
407.6,ROUTE,1.16,0.00,0.0025,1.11,-0.94,-0.93,35.76,0.536,5.57,-241,80,339,2004
407.7,ROUTE,1.16,0.00,0.0025,1.11,-0.94,-0.93,35.75,0.536,5.57,-241,80,339,2004
407.8,ROUTE,1.16,0.00,0.0025,1.11,-0.94,-0.93,35.75,0.536,5.57,-241,80,339,2004
407.9,ROUTE,1.16,0.00,0.0025,1.11,-0.94,-0.93,35.75,0.536,5.57,-241,80,339,2004
408.0,ROUTE,1.16,0.00,0.0025,1.11,-0.94,-0.93,35.75,0.536,5.57,-241,80,339,2004
408.1,ROUTE,1.16,0.00,0.0025,1.11,-0.94,-0.93,35.75,0.536,5.57,-241,80,339,2004
408.2,ROUTE,1.16,0.00,0.0025,1.11,-0.94,-0.93,35.75,0.536,5.57,-241,80,339,2004
408.3,ROUTE,1.16,0.00,0.0025,1.11,-0.94,-0.93,35.75,0.536,5.57,-241,80,339,2004
408.4,ROUTE,1.16,0.00,0.0025,1.11,-0.94,-0.93,35.75,0.536,5.57,-241,80,339,2004
408.5,ROUTE,1.16,0.00,0.0025,1.12,-0.94,-0.93,35.75,0.536,5.57,-241,80,339,2004
408.6,ROUTE,1.16,0.00,0.0025,1.12,-0.94,-0.93,35.75,0.536,5.57,-241,80,339,2004
408.7,ROUTE,1.16,0.00,0.0025,1.12,-0.94,-0.93,35.75,0.536,5.57,-241,80,339,2004
408.8,ROUTE,1.16,0.00,0.0025,1.12,-0.94,-0.93,35.75,0.536,5.57,-241,80,339,2004
408.9,ROUTE,1.16,0.00,0.0025,1.12,-0.94,-0.93,35.75,0.536,5.57,-241,80,339,2004
409.0,ROUTE,1.16,0.00,0.0025,1.12,-0.94,-0.93,35.75,0.536,5.57,-241,80,339,2004
409.1,ROUTE,1.16,0.00,0.0025,1.12,-0.94,-0.93,35.75,0.536,5.57,-241,80,339,2004
409.2,ROUTE,1.16,0.00,0.0025,1.12,-0.94,-0.93,35.75,0.536,5.57,-241,80,339,2003
409.3,ROUTE,1.16,0.00,0.0025,1.12,-0.94,-0.93,35.75,0.536,5.57,-241,80,339,2003
409.4,ROUTE,1.16,0.00,0.0025,1.12,-0.94,-0.93,35.75,0.536,5.57,-241,80,339,2003
409.5,ROUTE,1.16,0.00,0.0025,1.12,-0.94,-0.93,35.75,0.536,5.57,-241,80,339,2003
409.6,ROUTE,1.16,0.00,0.0025,1.12,-0.94,-0.93,35.75,0.536,5.57,-241,80,339,2003
409.7,ROUTE,1.16,0.00,0.0025,1.12,-0.94,-0.93,35.75,0.536,5.57,-241,80,339,2003
409.8,ROUTE,1.16,0.00,0.0025,1.12,-0.94,-0.93,35.75,0.536,5.57,-241,80,339,2003
409.9,ROUTE,1.16,0.00,0.0025,1.12,-0.94,-0.93,35.75,0.536,5.57,-242,80,339,2003
410.0,ROUTE,1.16,0.00,0.0025,1.12,-0.94,-0.93,35.75,0.536,5.57,-242,80,339,2003
410.1,ROUTE,1.16,0.00,0.0025,1.12,-0.94,-0.93,35.75,0.536,5.57,-242,80,339,2003
410.2,ROUTE,1.16,0.00,0.0025,1.12,-0.94,-0.93,35.75,0.536,5.57,-242,80,339,2003
410.3,ROUTE,1.16,0.00,0.0025,1.12,-0.94,-0.93,35.75,0.536,5.57,-242,80,339,2003
410.4,ROUTE,1.16,0.00,0.0025,1.12,-0.94,-0.93,35.75,0.536,5.57,-242,80,339,2003
410.5,ROUTE,1.16,0.00,0.0025,1.12,-0.94,-0.93,35.75,0.536,5.57,-242,80,339,2003
410.6,ROUTE,1.16,0.00,0.0025,1.12,-0.94,-0.93,35.75,0.536,5.57,-242,80,339,2003
410.7,ROUTE,1.16,0.00,0.0025,1.12,-0.94,-0.93,35.75,0.536,5.57,-242,80,339,2003
410.8,ROUTE,1.16,0.00,0.0025,1.12,-0.94,-0.93,35.75,0.536,5.57,-242,80,339,2003
410.9,ROUTE,1.16,0.00,0.0025,1.12,-0.94,-0.93,35.75,0.536,5.57,-242,80,339,2003
411.0,ROUTE,1.16,0.00,0.0025,1.12,-0.94,-0.93,35.75,0.536,5.57,-242,80,339,2003
411.1,ROUTE,1.16,0.00,0.0025,1.12,-0.94,-0.93,35.75,0.536,5.57,-242,80,339,2003
411.2,ROUTE,1.16,0.00,0.0025,1.12,-0.94,-0.93,35.75,0.536,5.57,-242,80,339,2002
411.3,ROUTE,1.16,0.00,0.0025,1.12,-0.94,-0.93,35.75,0.536,5.57,-242,80,339,2002
411.4,ROUTE,1.16,0.00,0.0025,1.13,-0.94,-0.93,35.75,0.536,5.57,-242,80,339,2002
411.5,ROUTE,1.16,0.00,0.0025,1.13,-0.94,-0.93,35.75,0.536,5.57,-242,80,339,2002
411.6,ROUTE,1.16,0.00,0.0025,1.13,-0.94,-0.93,35.75,0.536,5.57,-242,80,339,2002
411.7,ROUTE,1.16,0.00,0.0025,1.13,-0.94,-0.93,35.75,0.536,5.57,-242,80,339,2002
411.8,ROUTE,1.16,0.00,0.0025,1.13,-0.94,-0.93,35.75,0.536,5.57,-242,80,339,2002
411.9,ROUTE,1.16,0.00,0.0025,1.13,-0.94,-0.93,35.75,0.536,5.57,-242,80,339,2002
412.0,ROUTE,1.16,0.00,0.0025,1.13,-0.94,-0.93,35.75,0.536,5.57,-242,80,339,2002
412.1,ROUTE,1.16,0.00,0.0025,1.13,-0.94,-0.93,35.75,0.536,5.57,-242,80,339,2002
412.2,ROUTE,1.16,0.00,0.0025,1.13,-0.94,-0.93,35.75,0.536,5.57,-242,80,339,2002
412.3,ROUTE,1.16,0.00,0.0025,1.13,-0.94,-0.93,35.75,0.536,5.57,-242,80,339,2002
412.4,ROUTE,1.16,0.00,0.0025,1.13,-0.94,-0.93,35.75,0.536,5.57,-242,80,339,2002
412.5,ROUTE,1.16,0.00,0.0025,1.13,-0.94,-0.93,35.75,0.536,5.57,-242,80,339,2002
412.6,ROUTE,1.16,0.00,0.0025,1.13,-0.94,-0.93,35.75,0.536,5.57,-242,80,339,2002
412.7,ROUTE,1.16,0.00,0.0025,1.13,-0.94,-0.93,35.75,0.536,5.57,-242,80,339,2002
412.8,ROUTE,1.16,0.00,0.0025,1.13,-0.94,-0.93,35.75,0.536,5.57,-242,80,339,2002
412.9,ROUTE,1.16,0.00,0.0025,1.13,-0.94,-0.93,35.75,0.536,5.57,-242,80,339,2002
413.0,ROUTE,1.16,0.00,0.0025,1.13,-0.94,-0.93,35.75,0.536,5.57,-242,80,339,2002
413.1,ROUTE,1.16,0.00,0.0025,1.13,-0.94,-0.93,35.75,0.536,5.57,-242,80,339,2002
413.2,ROUTE,1.16,0.00,0.0025,1.13,-0.94,-0.93,35.75,0.536,5.57,-242,80,339,2002
413.3,ROUTE,1.16,0.00,0.0025,1.13,-0.94,-0.93,35.75,0.536,5.57,-242,80,339,2002
413.4,ROUTE,1.16,0.00,0.0025,1.13,-0.94,-0.93,35.75,0.536,5.57,-242,80,339,2002
413.5,ROUTE,1.16,0.00,0.0025,1.13,-0.94,-0.93,35.75,0.536,5.57,-242,80,339,2002
413.6,ROUTE,1.16,0.00,0.0025,1.13,-0.94,-0.93,35.75,0.536,5.57,-242,80,339,2002
413.7,ROUTE,1.16,0.00,0.0025,1.13,-0.94,-0.93,35.75,0.536,5.57,-242,80,339,2002
413.8,ROUTE,1.16,0.00,0.0025,1.13,-0.94,-0.93,35.75,0.536,5.57,-242,80,339,2002
413.9,ROUTE,1.16,0.00,0.0025,1.13,-0.94,-0.93,35.75,0.536,5.57,-242,80,339,2002
414.0,ROUTE,1.16,0.00,0.0025,1.13,-0.94,-0.93,35.75,0.536,5.57,-242,80,339,2002
414.1,ROUTE,1.16,0.00,0.0025,1.13,-0.94,-0.93,35.75,0.536,5.57,-242,80,339,2002
414.2,ROUTE,1.16,0.00,0.0025,1.13,-0.94,-0.93,35.75,0.536,5.57,-242,80,339,2002
414.3,ROUTE,1.16,0.00,0.0025,1.13,-0.94,-0.93,35.75,0.536,5.57,-242,80,339,2002
414.4,ROUTE,1.16,0.00,0.0025,1.13,-0.94,-0.93,35.75,0.536,5.57,-242,80,339,2002
414.5,ROUTE,1.16,0.00,0.0025,1.13,-0.94,-0.93,35.75,0.536,5.57,-242,80,339,2002
414.6,ROUTE,1.16,0.00,0.0025,1.13,-0.94,-0.93,35.75,0.536,5.57,-242,80,339,2002
414.7,ROUTE,1.16,0.00,0.0025,1.13,-0.94,-0.93,35.75,0.536,5.57,-242,80,339,2002
414.8,ROUTE,1.16,0.00,0.0025,1.13,-0.94,-0.93,35.75,0.536,5.57,-242,80,339,2002
414.9,ROUTE,1.16,0.00,0.0025,1.13,-0.94,-0.93,35.75,0.536,5.57,-242,80,339,2002
415.0,ROUTE,1.16,0.00,0.0025,1.13,-0.94,-0.93,35.75,0.536,5.57,-242,80,339,2002
415.1,ROUTE,1.16,0.00,0.0025,1.13,-0.94,-0.93,35.75,0.536,5.57,-242,80,339,2002
415.2,ROUTE,1.16,0.00,0.0025,1.13,-0.94,-0.93,35.75,0.536,5.57,-242,80,339,2002
415.3,ROUTE,1.16,0.00,0.0025,1.13,-0.94,-0.93,35.75,0.536,5.57,-242,80,339,2002
415.4,ROUTE,1.16,0.00,0.0025,1.14,-0.94,-0.93,35.75,0.536,5.57,-242,80,339,2002
415.5,ROUTE,1.16,0.00,0.0025,1.14,-0.94,-0.93,35.75,0.536,5.57,-242,80,339,2002
415.6,ROUTE,1.16,0.00,0.0025,1.14,-0.94,-0.93,35.75,0.536,5.57,-242,80,339,2002
415.7,ROUTE,1.16,0.00,0.0025,1.14,-0.94,-0.93,35.75,0.536,5.57,-242,80,339,2002
415.8,ROUTE,1.16,0.00,0.0025,1.14,-0.94,-0.93,35.75,0.536,5.57,-242,80,339,2002
415.9,ROUTE,1.16,0.00,0.0025,1.14,-0.94,-0.93,35.75,0.536,5.57,-242,80,339,2002
416.0,ROUTE,1.16,0.00,0.0025,1.14,-0.94,-0.93,35.75,0.536,5.57,-242,80,339,2002
416.1,ROUTE,1.16,0.00,0.0025,1.14,-0.94,-0.93,35.75,0.536,5.57,-242,80,339,2002
416.2,ROUTE,1.16,0.00,0.0025,1.14,-0.94,-0.93,35.75,0.536,5.57,-242,80,339,2002
416.3,ROUTE,1.16,0.00,0.0025,1.14,-0.94,-0.93,35.74,0.536,5.57,-242,80,339,2002
416.4,ROUTE,1.16,0.00,0.0025,1.14,-0.94,-0.93,35.74,0.536,5.57,-242,80,339,2002
416.5,ROUTE,1.16,0.00,0.0025,1.14,-0.94,-0.93,35.74,0.536,5.57,-242,80,339,2002
416.6,ROUTE,1.16,0.00,0.0025,1.14,-0.94,-0.93,35.74,0.536,5.57,-242,80,339,2002
416.7,ROUTE,1.16,0.00,0.0025,1.14,-0.94,-0.93,35.74,0.536,5.57,-242,80,339,2002
416.8,ROUTE,1.16,0.00,0.0025,1.14,-0.94,-0.93,35.74,0.536,5.57,-242,80,339,2002
416.9,ROUTE,1.16,0.00,0.0025,1.14,-0.94,-0.93,35.74,0.536,5.57,-242,80,339,2002
417.0,ROUTE,1.16,0.00,0.0025,1.14,-0.94,-0.93,35.74,0.536,5.57,-242,80,339,2002
417.1,ROUTE,1.16,0.00,0.0025,1.14,-0.94,-0.93,35.74,0.536,5.57,-242,80,339,2002
417.2,ROUTE,1.16,0.00,0.0025,1.14,-0.94,-0.93,35.74,0.536,5.57,-242,80,339,2002
417.3,ROUTE,1.16,0.00,0.0025,1.14,-0.94,-0.93,35.74,0.536,5.57,-242,80,339,2002
417.4,ROUTE,1.16,0.00,0.0025,1.14,-0.94,-0.93,35.74,0.536,5.57,-242,80,339,2002
417.5,ROUTE,1.16,0.00,0.0025,1.14,-0.94,-0.93,35.74,0.536,5.57,-242,80,339,2002
417.6,ROUTE,1.16,0.00,0.0025,1.14,-0.94,-0.93,35.74,0.536,5.57,-242,80,339,2002
417.7,ROUTE,1.16,0.00,0.0025,1.14,-0.94,-0.93,35.74,0.536,5.57,-242,80,339,2002
417.8,ROUTE,1.16,0.00,0.0025,1.14,-0.94,-0.93,35.74,0.536,5.57,-242,80,339,2002
417.9,ROUTE,1.16,0.00,0.0025,1.14,-0.94,-0.93,35.74,0.536,5.57,-242,80,339,2002
418.0,ROUTE,1.16,0.00,0.0025,1.14,-0.94,-0.93,35.74,0.536,5.57,-242,80,339,2002
418.1,ROUTE,1.16,0.00,0.0025,1.14,-0.94,-0.93,35.74,0.536,5.57,-242,80,339,2002
418.2,ROUTE,1.16,0.00,0.0025,1.14,-0.94,-0.93,35.74,0.536,5.57,-242,80,339,2002
418.3,ROUTE,1.16,0.00,0.0025,1.14,-0.94,-0.93,35.74,0.536,5.57,-242,80,339,2002
418.4,ROUTE,1.16,0.00,0.0025,1.14,-0.94,-0.93,35.74,0.536,5.57,-242,80,339,2002
418.5,ROUTE,1.16,0.00,0.0025,1.14,-0.94,-0.93,35.74,0.536,5.57,-242,80,339,2002
418.6,ROUTE,1.16,0.00,0.0025,1.14,-0.94,-0.93,35.74,0.536,5.57,-242,80,339,2002
418.7,ROUTE,1.16,0.00,0.0025,1.14,-0.94,-0.93,35.74,0.536,5.57,-242,80,339,2002
418.8,ROUTE,1.16,0.00,0.0025,1.14,-0.94,-0.93,35.74,0.536,5.57,-242,80,339,2002
418.9,ROUTE,1.16,0.00,0.0025,1.14,-0.94,-0.93,35.74,0.536,5.57,-242,80,339,2002
419.0,ROUTE,1.16,0.00,0.0025,1.14,-0.94,-0.93,35.74,0.536,5.57,-242,80,339,2002
419.1,ROUTE,1.16,0.00,0.0025,1.14,-0.94,-0.93,35.74,0.536,5.57,-242,80,339,2002
419.2,ROUTE,1.16,0.00,0.0025,1.14,-0.94,-0.93,35.74,0.536,5.57,-242,80,339,2002
419.3,ROUTE,1.16,0.00,0.0025,1.14,-0.94,-0.93,35.74,0.536,5.57,-242,80,339,2002
419.4,ROUTE,1.16,0.00,0.0025,1.14,-0.94,-0.93,35.74,0.536,5.57,-242,80,339,2002
419.5,ROUTE,1.16,0.00,0.0025,1.14,-0.94,-0.93,35.74,0.536,5.57,-242,80,339,2002
419.6,ROUTE,1.16,0.00,0.0025,1.14,-0.94,-0.93,35.74,0.536,5.56,-242,80,339,2002
419.7,ROUTE,1.16,0.00,0.0025,1.14,-0.94,-0.93,35.74,0.536,5.56,-242,80,339,2002
419.8,ROUTE,1.16,0.00,0.0025,1.14,-0.94,-0.93,35.74,0.536,5.56,-242,80,339,2002
419.9,ROUTE,1.16,0.00,0.0025,1.14,-0.94,-0.93,35.74,0.536,5.56,-242,80,339,2002
420.0,ROUTE,1.16,0.00,0.0025,1.14,-0.94,-0.93,35.74,0.536,5.56,-242,80,339,2002
420.1,ROUTE,1.16,0.00,0.0025,1.14,-0.94,-0.93,35.74,0.536,5.56,-242,80,339,2002
420.2,ROUTE,1.16,0.00,0.0025,1.14,-0.94,-0.93,35.74,0.536,5.56,-242,80,339,2002
420.3,ROUTE,1.16,0.00,0.0025,1.14,-0.94,-0.93,35.74,0.536,5.56,-242,80,339,2002
420.4,ROUTE,1.16,0.00,0.0025,1.14,-0.94,-0.93,35.74,0.536,5.56,-242,80,339,2002
420.5,ROUTE,1.16,0.00,0.0025,1.14,-0.94,-0.93,35.74,0.536,5.56,-242,80,339,2002
420.6,ROUTE,1.16,0.00,0.0025,1.14,-0.94,-0.93,35.74,0.536,5.56,-242,80,339,2002
420.7,ROUTE,1.16,0.00,0.0025,1.14,-0.94,-0.93,35.74,0.536,5.56,-242,80,339,2002
420.8,ROUTE,1.16,0.00,0.0025,1.14,-0.94,-0.93,35.74,0.536,5.56,-242,80,339,2002
420.9,ROUTE,1.16,0.00,0.0025,1.14,-0.94,-0.93,35.74,0.536,5.56,-242,80,339,2002
421.0,ROUTE,1.16,0.00,0.0025,1.14,-0.94,-0.93,35.74,0.536,5.56,-242,80,339,2002
421.1,ROUTE,1.16,0.00,0.0025,1.14,-0.94,-0.93,35.74,0.536,5.56,-242,80,339,2002
421.2,ROUTE,1.16,0.00,0.0025,1.14,-0.94,-0.93,35.74,0.536,5.56,-242,80,339,2002
421.3,ROUTE,1.16,0.00,0.0025,1.15,-0.94,-0.93,35.74,0.536,5.56,-242,80,339,2002
421.4,ROUTE,1.16,0.00,0.0025,1.15,-0.94,-0.93,35.74,0.536,5.56,-242,80,339,2002
421.5,ROUTE,1.16,0.00,0.0025,1.15,-0.94,-0.93,35.74,0.536,5.56,-242,80,339,2002
421.6,ROUTE,1.16,0.00,0.0025,1.15,-0.94,-0.93,35.74,0.536,5.56,-242,80,339,2002
421.7,ROUTE,1.16,0.00,0.0025,1.15,-0.94,-0.93,35.74,0.536,5.56,-242,80,339,2002
421.8,ROUTE,1.16,0.00,0.0025,1.15,-0.94,-0.93,35.74,0.536,5.56,-242,80,339,2002
421.9,ROUTE,1.16,-0.00,0.0025,1.15,-0.94,-0.93,35.74,0.536,5.56,-242,80,339,2002
422.0,ROUTE,1.16,-0.00,0.0025,1.15,-0.94,-0.93,35.74,0.536,5.56,-242,80,339,2002
422.1,ROUTE,1.16,-0.00,0.0025,1.15,-0.94,-0.93,35.74,0.536,5.56,-242,80,339,2002
422.2,ROUTE,1.16,-0.00,0.0025,1.15,-0.94,-0.93,35.74,0.536,5.56,-242,80,339,2002
422.3,ROUTE,1.16,-0.00,0.0025,1.15,-0.94,-0.93,35.74,0.536,5.56,-242,80,339,2002
422.4,ROUTE,1.16,-0.00,0.0025,1.15,-0.94,-0.93,35.74,0.536,5.56,-242,80,339,2002
422.5,ROUTE,1.16,-0.00,0.0025,1.15,-0.94,-0.93,35.74,0.536,5.56,-242,80,339,2002
422.6,ROUTE,1.16,-0.00,0.0025,1.15,-0.94,-0.93,35.74,0.536,5.56,-242,80,339,2002
422.7,ROUTE,1.16,-0.00,0.0025,1.15,-0.94,-0.93,35.74,0.536,5.56,-241,80,339,2002
422.8,ROUTE,1.16,-0.00,0.0025,1.15,-0.94,-0.93,35.74,0.536,5.56,-242,80,339,2002
422.9,ROUTE,1.16,-0.00,0.0025,1.15,-0.94,-0.93,35.73,0.536,5.56,-242,80,339,2002
423.0,ROUTE,1.16,-0.00,0.0025,1.15,-0.94,-0.93,35.73,0.535,5.56,-241,80,339,2002
423.1,ROUTE,1.16,-0.00,0.0025,1.15,-0.94,-0.93,35.73,0.535,5.56,-241,80,339,2002
423.2,ROUTE,1.16,-0.00,0.0025,1.15,-0.94,-0.93,35.73,0.535,5.56,-241,80,339,2002
423.3,ROUTE,1.16,-0.00,0.0025,1.15,-0.94,-0.93,35.73,0.535,5.56,-241,80,339,2002
423.4,ROUTE,1.16,-0.00,0.0025,1.15,-0.94,-0.93,35.73,0.535,5.56,-241,80,339,2002
423.5,ROUTE,1.16,-0.00,0.0025,1.15,-0.94,-0.93,35.73,0.535,5.56,-241,80,339,2002
423.6,ROUTE,1.16,-0.00,0.0025,1.15,-0.94,-0.93,35.73,0.535,5.56,-241,80,339,2002
423.7,ROUTE,1.16,-0.00,0.0025,1.15,-0.94,-0.93,35.73,0.535,5.56,-241,80,339,2002
423.8,ROUTE,1.16,-0.00,0.0025,1.15,-0.94,-0.93,35.73,0.535,5.56,-241,80,339,2002
423.9,ROUTE,1.16,-0.00,0.0025,1.15,-0.94,-0.93,35.73,0.535,5.56,-241,80,339,2002
424.0,ROUTE,1.16,-0.00,0.0025,1.15,-0.94,-0.93,35.73,0.535,5.56,-241,80,339,2002
424.1,ROUTE,1.16,-0.00,0.0025,1.15,-0.94,-0.93,35.73,0.535,5.56,-241,80,339,2002
424.2,ROUTE,1.16,-0.00,0.0025,1.15,-0.94,-0.93,35.73,0.535,5.56,-241,80,339,2002
424.3,ROUTE,1.16,-0.00,0.0025,1.15,-0.94,-0.93,35.73,0.535,5.56,-241,80,339,2002
424.4,ROUTE,1.16,-0.00,0.0025,1.15,-0.94,-0.93,35.73,0.535,5.56,-241,80,339,2002
424.5,ROUTE,1.16,-0.00,0.0025,1.15,-0.94,-0.93,35.73,0.535,5.56,-241,80,339,2002
424.6,ROUTE,1.16,-0.00,0.0025,1.15,-0.94,-0.93,35.73,0.535,5.56,-241,80,339,2002
424.7,ROUTE,1.16,-0.00,0.0025,1.15,-0.94,-0.93,35.73,0.535,5.56,-241,80,339,2002
424.8,ROUTE,1.16,-0.00,0.0025,1.15,-0.94,-0.93,35.73,0.535,5.56,-241,80,339,2002
424.9,ROUTE,1.16,-0.00,0.0025,1.15,-0.94,-0.93,35.73,0.535,5.56,-241,80,339,2002
425.0,ROUTE,1.16,-0.00,0.0025,1.15,-0.94,-0.93,35.73,0.535,5.56,-241,80,339,2002
425.1,ROUTE,1.16,-0.00,0.0025,1.15,-0.94,-0.93,35.73,0.535,5.56,-241,80,339,2002
425.2,ROUTE,1.16,-0.00,0.0025,1.15,-0.94,-0.93,35.73,0.535,5.56,-241,80,339,2002
425.3,ROUTE,1.16,-0.00,0.0025,1.15,-0.94,-0.93,35.73,0.535,5.56,-241,80,339,2002
425.4,ROUTE,1.16,-0.00,0.0025,1.15,-0.94,-0.93,35.73,0.535,5.56,-241,80,339,2002
425.5,ROUTE,1.16,-0.00,0.0025,1.15,-0.94,-0.93,35.73,0.535,5.56,-241,80,339,2002
425.6,ROUTE,1.16,-0.00,0.0025,1.15,-0.94,-0.93,35.73,0.535,5.56,-241,80,339,2002
425.7,ROUTE,1.16,-0.00,0.0025,1.15,-0.94,-0.93,35.73,0.535,5.56,-241,80,339,2002
425.8,ROUTE,1.16,-0.00,0.0025,1.15,-0.94,-0.93,35.73,0.535,5.56,-241,80,339,2002
425.9,ROUTE,1.16,-0.00,0.0025,1.15,-0.94,-0.93,35.73,0.535,5.56,-241,80,339,2002
426.0,ROUTE,1.16,-0.00,0.0025,1.15,-0.94,-0.93,35.73,0.535,5.56,-241,80,339,2002
426.1,ROUTE,1.16,-0.00,0.0025,1.15,-0.94,-0.93,35.73,0.535,5.56,-241,80,339,2002
426.2,ROUTE,1.16,-0.00,0.0025,1.15,-0.94,-0.93,35.73,0.535,5.56,-241,80,339,2002
426.3,ROUTE,1.16,-0.00,0.0025,1.15,-0.94,-0.93,35.73,0.535,5.56,-241,80,339,2002
426.4,ROUTE,1.16,-0.00,0.0025,1.15,-0.94,-0.93,35.73,0.535,5.56,-241,80,339,2002
426.5,ROUTE,1.16,-0.00,0.0025,1.15,-0.94,-0.93,35.73,0.535,5.56,-241,80,339,2002
426.6,ROUTE,1.16,-0.00,0.0025,1.15,-0.94,-0.93,35.73,0.535,5.56,-241,80,339,2002
426.7,ROUTE,1.16,-0.00,0.0025,1.15,-0.94,-0.93,35.73,0.535,5.56,-241,80,339,2002
426.8,ROUTE,1.16,-0.00,0.0025,1.15,-0.94,-0.93,35.73,0.535,5.56,-241,80,339,2002
426.9,ROUTE,1.16,-0.00,0.0025,1.15,-0.94,-0.93,35.73,0.535,5.56,-241,80,339,2002
427.0,ROUTE,1.16,-0.00,0.0025,1.15,-0.94,-0.93,35.73,0.535,5.56,-241,80,339,2002
427.1,ROUTE,1.16,-0.00,0.0025,1.15,-0.94,-0.93,35.73,0.535,5.56,-241,80,339,2002
427.2,ROUTE,1.16,-0.00,0.0025,1.15,-0.94,-0.93,35.73,0.535,5.56,-241,80,339,2002
427.3,ROUTE,1.16,-0.00,0.0025,1.15,-0.94,-0.93,35.73,0.535,5.56,-241,80,339,2002
427.4,ROUTE,1.16,-0.00,0.0025,1.15,-0.94,-0.93,35.73,0.535,5.56,-241,80,339,2002
427.5,ROUTE,1.16,-0.00,0.0025,1.15,-0.94,-0.93,35.73,0.535,5.56,-241,80,339,2002
427.6,ROUTE,1.16,-0.00,0.0025,1.15,-0.94,-0.93,35.73,0.535,5.56,-241,80,339,2002
427.7,ROUTE,1.16,-0.00,0.0025,1.15,-0.94,-0.93,35.73,0.535,5.56,-241,80,339,2002
427.8,ROUTE,1.16,-0.00,0.0025,1.15,-0.94,-0.93,35.73,0.535,5.56,-241,80,339,2002
427.9,ROUTE,1.16,-0.00,0.0025,1.15,-0.94,-0.93,35.73,0.535,5.56,-241,80,339,2002
428.0,ROUTE,1.16,-0.00,0.0025,1.15,-0.94,-0.93,35.73,0.535,5.56,-241,80,339,2002
428.1,ROUTE,1.16,-0.00,0.0025,1.15,-0.94,-0.93,35.73,0.535,5.56,-241,80,339,2002
428.2,ROUTE,1.16,-0.00,0.0025,1.15,-0.94,-0.93,35.73,0.535,5.56,-241,80,339,2002
428.3,ROUTE,1.16,-0.00,0.0025,1.15,-0.94,-0.93,35.73,0.535,5.56,-241,80,339,2002
428.4,ROUTE,1.16,-0.00,0.0025,1.15,-0.94,-0.93,35.73,0.535,5.56,-241,80,339,2002
428.5,ROUTE,1.16,-0.00,0.0025,1.15,-0.94,-0.93,35.73,0.535,5.56,-241,80,339,2002
428.6,ROUTE,1.16,-0.00,0.0025,1.15,-0.94,-0.93,35.73,0.535,5.56,-241,80,339,2002
428.7,ROUTE,1.16,-0.00,0.0025,1.15,-0.94,-0.93,35.73,0.535,5.56,-241,80,339,2002
428.8,ROUTE,1.16,-0.00,0.0025,1.15,-0.94,-0.93,35.73,0.535,5.56,-241,80,339,2002
428.9,ROUTE,1.16,-0.00,0.0025,1.15,-0.94,-0.93,35.73,0.535,5.56,-241,80,339,2002
429.0,ROUTE,1.16,-0.00,0.0025,1.15,-0.94,-0.93,35.72,0.535,5.56,-241,80,339,2002
429.1,ROUTE,1.16,-0.00,0.0025,1.15,-0.94,-0.93,35.72,0.535,5.56,-241,80,339,2002
429.2,ROUTE,1.16,-0.00,0.0025,1.15,-0.94,-0.93,35.72,0.535,5.56,-241,80,339,2002
429.3,ROUTE,1.16,-0.00,0.0025,1.15,-0.94,-0.93,35.72,0.535,5.56,-241,80,339,2002
429.4,ROUTE,1.16,-0.00,0.0025,1.15,-0.94,-0.93,35.72,0.535,5.56,-241,80,339,2002
429.5,ROUTE,1.16,-0.00,0.0025,1.15,-0.94,-0.93,35.72,0.535,5.56,-241,80,339,2002
429.6,ROUTE,1.16,-0.00,0.0025,1.15,-0.94,-0.93,35.72,0.535,5.56,-241,80,339,2002
429.7,ROUTE,1.16,-0.00,0.0025,1.15,-0.94,-0.93,35.72,0.535,5.56,-241,80,339,2002
429.8,ROUTE,1.16,-0.00,0.0025,1.15,-0.94,-0.93,35.72,0.535,5.56,-241,80,339,2002
429.9,ROUTE,1.16,-0.00,0.0025,1.15,-0.94,-0.93,35.72,0.535,5.56,-241,80,339,2002
430.0,ROUTE,1.16,-0.00,0.0025,1.15,-0.94,-0.93,35.72,0.535,5.56,-241,80,339,2002
430.1,ROUTE,1.16,-0.00,0.0025,1.15,-0.94,-0.93,35.72,0.535,5.56,-241,80,339,2002
430.2,ROUTE,1.16,-0.00,0.0025,1.15,-0.94,-0.93,35.72,0.535,5.56,-241,80,339,2002
430.3,ROUTE,1.16,-0.00,0.0025,1.15,-0.94,-0.93,35.72,0.535,5.56,-241,80,339,2002
430.4,ROUTE,1.16,-0.00,0.0025,1.15,-0.94,-0.93,35.72,0.535,5.56,-241,80,339,2002
430.5,ROUTE,1.16,-0.00,0.0025,1.15,-0.94,-0.93,35.72,0.535,5.56,-241,80,339,2002
430.6,ROUTE,1.16,-0.00,0.0025,1.15,-0.94,-0.93,35.72,0.535,5.56,-241,80,339,2002
430.7,ROUTE,1.16,-0.00,0.0025,1.15,-0.94,-0.93,35.72,0.535,5.56,-241,80,339,2002
430.8,ROUTE,1.16,-0.00,0.0025,1.15,-0.94,-0.93,35.72,0.535,5.56,-241,80,339,2002
430.9,ROUTE,1.16,-0.00,0.0025,1.15,-0.94,-0.93,35.72,0.535,5.56,-241,80,339,2002
431.0,ROUTE,1.16,-0.00,0.0025,1.15,-0.94,-0.93,35.72,0.535,5.56,-241,80,339,2002
431.1,ROUTE,1.16,-0.00,0.0025,1.15,-0.94,-0.93,35.72,0.535,5.56,-241,80,339,2002
431.2,ROUTE,1.16,-0.00,0.0025,1.15,-0.94,-0.93,35.72,0.535,5.56,-241,80,339,2002
431.3,ROUTE,1.16,-0.00,0.0025,1.15,-0.94,-0.93,35.72,0.535,5.56,-241,80,339,2002
431.4,ROUTE,1.16,-0.00,0.0025,1.15,-0.94,-0.93,35.72,0.535,5.56,-241,80,339,2002
431.5,ROUTE,1.16,-0.00,0.0025,1.15,-0.94,-0.93,35.72,0.535,5.56,-241,80,339,2002
431.6,ROUTE,1.16,-0.00,0.0025,1.15,-0.94,-0.93,35.72,0.535,5.56,-241,80,339,2002
431.7,ROUTE,1.16,-0.00,0.0025,1.15,-0.94,-0.93,35.72,0.535,5.56,-241,80,339,2002
431.8,ROUTE,1.16,-0.00,0.0025,1.15,-0.94,-0.93,35.72,0.535,5.56,-241,80,339,2002
431.9,ROUTE,1.16,-0.00,0.0025,1.15,-0.94,-0.93,35.72,0.535,5.56,-241,80,339,2002
432.0,ROUTE,1.16,-0.00,0.0025,1.15,-0.94,-0.93,35.72,0.535,5.56,-241,80,339,2002
432.1,ROUTE,1.16,-0.00,0.0025,1.15,-0.94,-0.93,35.72,0.535,5.56,-241,80,339,2002
432.2,ROUTE,1.16,-0.00,0.0025,1.15,-0.94,-0.94,35.72,0.535,5.56,-241,80,339,2002
432.3,ROUTE,1.16,-0.00,0.0025,1.15,-0.94,-0.94,35.72,0.535,5.56,-241,80,339,2002
432.4,ROUTE,1.16,-0.00,0.0025,1.15,-0.94,-0.94,35.72,0.535,5.56,-241,80,339,2002
432.5,ROUTE,1.16,-0.00,0.0025,1.15,-0.94,-0.94,35.72,0.535,5.56,-241,80,339,2002
432.6,ROUTE,1.16,-0.00,0.0025,1.15,-0.94,-0.94,35.72,0.535,5.56,-241,80,339,2002
432.7,ROUTE,1.16,-0.00,0.0025,1.15,-0.94,-0.94,35.72,0.535,5.56,-241,80,339,2002
432.8,ROUTE,1.16,-0.00,0.0025,1.15,-0.94,-0.94,35.72,0.535,5.56,-241,80,339,2002
432.9,ROUTE,1.16,-0.00,0.0025,1.15,-0.94,-0.94,35.72,0.535,5.56,-241,80,339,2002
433.0,ROUTE,1.16,-0.00,0.0025,1.15,-0.94,-0.94,35.72,0.535,5.56,-241,80,339,2002
433.1,ROUTE,1.16,-0.00,0.0025,1.15,-0.94,-0.94,35.72,0.535,5.56,-241,80,339,2002
433.2,ROUTE,1.16,-0.00,0.0025,1.15,-0.94,-0.94,35.72,0.535,5.56,-241,80,339,2002
433.3,ROUTE,1.16,-0.00,0.0025,1.15,-0.94,-0.94,35.72,0.535,5.56,-241,80,339,2002
433.4,ROUTE,1.16,-0.00,0.0025,1.15,-0.94,-0.94,35.72,0.535,5.56,-241,80,339,2002
433.5,ROUTE,1.16,-0.00,0.0025,1.15,-0.94,-0.94,35.72,0.535,5.56,-241,80,339,2002
433.6,ROUTE,1.16,-0.00,0.0025,1.15,-0.94,-0.94,35.72,0.535,5.56,-241,80,339,2002
433.7,ROUTE,1.16,-0.00,0.0025,1.15,-0.94,-0.94,35.72,0.535,5.56,-241,80,339,2002
433.8,ROUTE,1.16,-0.00,0.0025,1.15,-0.94,-0.94,35.72,0.535,5.56,-241,80,339,2002
433.9,ROUTE,1.16,-0.00,0.0025,1.15,-0.94,-0.94,35.72,0.535,5.56,-241,80,339,2002
434.0,ROUTE,1.16,-0.00,0.0025,1.15,-0.94,-0.94,35.72,0.535,5.56,-241,80,339,2002
434.1,ROUTE,1.16,-0.00,0.0025,1.15,-0.94,-0.94,35.72,0.535,5.56,-241,80,339,2002
434.2,ROUTE,1.16,-0.00,0.0025,1.15,-0.94,-0.94,35.72,0.535,5.56,-241,80,339,2002
434.3,ROUTE,1.16,-0.00,0.0025,1.15,-0.94,-0.94,35.72,0.535,5.56,-241,80,339,2002
434.4,ROUTE,1.16,-0.00,0.0025,1.15,-0.94,-0.94,35.72,0.535,5.56,-241,80,339,2002
434.5,ROUTE,1.16,-0.00,0.0025,1.15,-0.94,-0.94,35.72,0.535,5.56,-241,80,339,2002
434.6,ROUTE,1.16,-0.00,0.0025,1.15,-0.94,-0.94,35.72,0.535,5.56,-241,80,339,2002
434.7,ROUTE,1.16,-0.00,0.0025,1.15,-0.94,-0.94,35.72,0.535,5.56,-241,80,339,2002
434.8,ROUTE,1.16,-0.00,0.0025,1.15,-0.94,-0.94,35.72,0.535,5.56,-241,80,339,2002
434.9,ROUTE,1.16,-0.00,0.0025,1.15,-0.94,-0.94,35.72,0.535,5.56,-241,80,339,2002
435.0,ROUTE,1.16,-0.00,0.0025,1.15,-0.94,-0.94,35.71,0.535,5.56,-241,80,339,2002
435.1,ROUTE,1.16,-0.00,0.0025,1.15,-0.94,-0.94,35.71,0.535,5.56,-241,80,339,2002
435.2,ROUTE,1.16,-0.00,0.0025,1.15,-0.94,-0.94,35.71,0.535,5.56,-241,80,339,2002
435.3,ROUTE,1.16,-0.00,0.0025,1.15,-0.94,-0.94,35.71,0.535,5.56,-241,80,339,2002
435.4,ROUTE,1.16,-0.00,0.0025,1.15,-0.94,-0.94,35.71,0.535,5.56,-241,80,339,2002
435.5,ROUTE,1.16,-0.00,0.0025,1.15,-0.94,-0.94,35.71,0.535,5.56,-241,80,339,2002
435.6,ROUTE,1.16,-0.00,0.0025,1.16,-0.94,-0.94,35.71,0.535,5.56,-241,80,339,2002
435.7,ROUTE,1.16,-0.00,0.0025,1.16,-0.94,-0.94,35.71,0.535,5.56,-241,80,339,2002
435.8,ROUTE,1.16,-0.00,0.0025,1.16,-0.94,-0.94,35.71,0.535,5.56,-241,80,339,2002
435.9,ROUTE,1.16,-0.00,0.0025,1.16,-0.94,-0.94,35.71,0.535,5.56,-241,80,339,2002
436.0,ROUTE,1.16,-0.00,0.0025,1.16,-0.94,-0.94,35.71,0.535,5.56,-241,80,339,2002
436.1,ROUTE,1.16,-0.00,0.0025,1.16,-0.94,-0.94,35.71,0.535,5.56,-241,80,339,2002
436.2,ROUTE,1.16,-0.00,0.0025,1.16,-0.94,-0.94,35.71,0.535,5.56,-241,80,339,2002
436.3,ROUTE,1.16,-0.00,0.0025,1.16,-0.94,-0.94,35.71,0.535,5.56,-241,80,339,2002
436.4,ROUTE,1.16,-0.00,0.0025,1.16,-0.94,-0.94,35.71,0.535,5.56,-241,80,339,2002
436.5,ROUTE,1.16,-0.00,0.0025,1.16,-0.94,-0.94,35.71,0.535,5.56,-241,80,339,2002
436.6,ROUTE,1.16,-0.00,0.0025,1.16,-0.94,-0.94,35.71,0.535,5.56,-241,80,339,2002
436.7,ROUTE,1.16,-0.00,0.0025,1.16,-0.94,-0.94,35.71,0.535,5.56,-241,80,339,2002
436.8,ROUTE,1.16,-0.00,0.0025,1.16,-0.94,-0.94,35.71,0.535,5.56,-241,80,339,2002
436.9,ROUTE,1.16,-0.00,0.0025,1.16,-0.94,-0.94,35.71,0.534,5.56,-241,80,339,2002
437.0,ROUTE,1.16,-0.00,0.0025,1.16,-0.94,-0.94,35.71,0.534,5.56,-241,80,339,2002
437.1,ROUTE,1.16,-0.00,0.0025,1.16,-0.94,-0.94,35.71,0.534,5.56,-241,80,339,2002
437.2,ROUTE,1.16,-0.00,0.0025,1.16,-0.94,-0.94,35.71,0.534,5.56,-241,80,339,2002
437.3,ROUTE,1.16,-0.00,0.0025,1.16,-0.94,-0.94,35.71,0.534,5.56,-241,80,339,2002
437.4,ROUTE,1.16,-0.00,0.0025,1.16,-0.94,-0.94,35.71,0.534,5.56,-241,80,339,2002
437.5,ROUTE,1.16,-0.00,0.0025,1.16,-0.94,-0.94,35.71,0.534,5.56,-241,80,339,2002
437.6,ROUTE,1.16,-0.00,0.0025,1.16,-0.94,-0.94,35.71,0.534,5.56,-241,80,339,2002
437.7,ROUTE,1.16,-0.00,0.0025,1.16,-0.94,-0.94,35.71,0.534,5.56,-241,80,339,2002
437.8,ROUTE,1.16,-0.00,0.0025,1.16,-0.94,-0.94,35.71,0.534,5.56,-241,80,339,2002
437.9,ROUTE,1.16,-0.00,0.0025,1.16,-0.94,-0.94,35.71,0.534,5.56,-241,80,339,2002
438.0,ROUTE,1.16,-0.00,0.0025,1.16,-0.94,-0.94,35.71,0.534,5.56,-241,80,339,2002
438.1,ROUTE,1.16,-0.00,0.0024,1.16,-0.94,-0.94,35.71,0.534,5.56,-241,80,339,2002
438.2,ROUTE,1.16,-0.00,0.0024,1.16,-0.94,-0.94,35.71,0.534,5.56,-241,80,339,2002
438.3,ROUTE,1.16,-0.00,0.0024,1.16,-0.94,-0.94,35.71,0.534,5.56,-241,80,339,2002
438.4,ROUTE,1.16,-0.00,0.0024,1.16,-0.94,-0.94,35.71,0.534,5.56,-241,80,339,2002
438.5,ROUTE,1.16,-0.00,0.0024,1.16,-0.94,-0.94,35.71,0.534,5.56,-241,80,339,2002
438.6,ROUTE,1.16,-0.00,0.0024,1.16,-0.94,-0.94,35.71,0.534,5.56,-241,80,339,2002
438.7,ROUTE,1.16,-0.00,0.0024,1.16,-0.94,-0.94,35.71,0.534,5.56,-241,80,339,2002
438.8,ROUTE,1.16,-0.00,0.0024,1.16,-0.94,-0.94,35.71,0.534,5.56,-241,80,339,2002
438.9,ROUTE,1.16,-0.00,0.0024,1.16,-0.94,-0.94,35.71,0.534,5.56,-241,80,339,2002
439.0,ROUTE,1.16,-0.00,0.0024,1.16,-0.94,-0.94,35.71,0.534,5.56,-241,80,339,2002
439.1,ROUTE,1.16,-0.00,0.0024,1.16,-0.94,-0.94,35.71,0.534,5.56,-241,80,339,2002
439.2,ROUTE,1.16,-0.00,0.0024,1.16,-0.94,-0.94,35.71,0.534,5.56,-241,80,339,2002
439.3,ROUTE,1.16,-0.00,0.0024,1.16,-0.94,-0.94,35.71,0.534,5.56,-241,80,339,2002
439.4,ROUTE,1.16,-0.00,0.0024,1.16,-0.94,-0.94,35.71,0.534,5.56,-241,80,339,2002
439.5,ROUTE,1.16,-0.00,0.0024,1.16,-0.94,-0.94,35.71,0.534,5.56,-241,80,339,2002
439.6,ROUTE,1.16,-0.00,0.0024,1.16,-0.94,-0.94,35.71,0.534,5.56,-241,80,339,2002
439.7,ROUTE,1.16,-0.00,0.0024,1.16,-0.94,-0.94,35.71,0.534,5.56,-241,80,339,2002
439.8,ROUTE,1.16,-0.00,0.0024,1.16,-0.94,-0.94,35.71,0.534,5.56,-241,80,339,2002
439.9,ROUTE,1.16,-0.00,0.0024,1.16,-0.94,-0.94,35.71,0.534,5.56,-241,80,339,2002
440.0,ROUTE,1.16,-0.00,0.0024,1.16,-0.94,-0.94,35.71,0.534,5.56,-241,80,339,2002
440.1,ROUTE,1.16,-0.00,0.0024,1.16,-0.94,-0.94,35.71,0.534,5.56,-241,80,339,2002
440.2,ROUTE,1.16,-0.00,0.0024,1.16,-0.94,-0.94,35.71,0.534,5.56,-241,80,339,2002
440.3,ROUTE,1.16,-0.00,0.0024,1.16,-0.94,-0.94,35.71,0.534,5.56,-241,80,339,2002
440.4,ROUTE,1.16,-0.00,0.0024,1.16,-0.94,-0.94,35.71,0.534,5.56,-241,80,339,2002
440.5,ROUTE,1.16,-0.00,0.0024,1.16,-0.94,-0.94,35.71,0.534,5.56,-241,80,339,2002
440.6,ROUTE,1.16,-0.00,0.0024,1.16,-0.94,-0.94,35.71,0.534,5.56,-241,80,339,2002
440.7,ROUTE,1.16,-0.00,0.0024,1.16,-0.94,-0.94,35.71,0.534,5.56,-241,80,339,2002
440.8,ROUTE,1.16,-0.00,0.0024,1.16,-0.94,-0.94,35.71,0.534,5.56,-241,80,339,2002
440.9,ROUTE,1.16,-0.00,0.0024,1.16,-0.94,-0.94,35.71,0.534,5.56,-241,80,339,2002
441.0,ROUTE,1.16,-0.00,0.0024,1.16,-0.94,-0.94,35.71,0.534,5.56,-241,80,339,2002
441.1,ROUTE,1.16,-0.00,0.0024,1.16,-0.94,-0.94,35.70,0.534,5.56,-241,80,339,2002
441.2,ROUTE,1.16,-0.00,0.0024,1.16,-0.94,-0.94,35.70,0.534,5.56,-241,80,339,2002
441.3,ROUTE,1.16,-0.00,0.0024,1.16,-0.94,-0.94,35.70,0.534,5.56,-241,80,339,2002
441.4,ROUTE,1.16,-0.00,0.0024,1.16,-0.94,-0.94,35.70,0.534,5.56,-241,80,339,2002
441.5,ROUTE,1.16,-0.00,0.0024,1.16,-0.94,-0.94,35.70,0.534,5.56,-241,80,339,2002
441.6,ROUTE,1.16,-0.00,0.0024,1.16,-0.94,-0.94,35.70,0.534,5.56,-241,80,339,2002
441.7,ROUTE,1.16,-0.00,0.0024,1.16,-0.94,-0.94,35.70,0.534,5.56,-241,80,339,2002
441.8,ROUTE,1.16,-0.00,0.0024,1.16,-0.94,-0.94,35.70,0.534,5.56,-241,80,339,2002
441.9,ROUTE,1.16,-0.00,0.0024,1.16,-0.94,-0.94,35.70,0.534,5.56,-241,80,339,2002
442.0,ROUTE,1.16,-0.00,0.0024,1.16,-0.94,-0.94,35.70,0.534,5.56,-241,80,339,2002
442.1,ROUTE,1.16,-0.00,0.0024,1.16,-0.94,-0.94,35.70,0.534,5.56,-241,80,339,2002
442.2,ROUTE,1.16,-0.00,0.0024,1.16,-0.94,-0.94,35.70,0.534,5.56,-241,80,339,2002
442.3,ROUTE,1.16,-0.00,0.0024,1.16,-0.94,-0.94,35.70,0.534,5.56,-241,80,339,2002
442.4,ROUTE,1.16,-0.00,0.0024,1.16,-0.94,-0.94,35.70,0.534,5.56,-241,80,339,2002
442.5,ROUTE,1.16,-0.00,0.0024,1.16,-0.94,-0.94,35.70,0.534,5.56,-241,80,339,2002
442.6,ROUTE,1.16,-0.00,0.0024,1.16,-0.94,-0.94,35.70,0.534,5.56,-241,80,339,2002
442.7,ROUTE,1.16,-0.00,0.0024,1.16,-0.94,-0.94,35.70,0.534,5.56,-241,80,339,2002
442.8,ROUTE,1.16,-0.00,0.0024,1.16,-0.94,-0.94,35.70,0.534,5.56,-241,80,339,2002
442.9,ROUTE,1.16,-0.00,0.0024,1.16,-0.94,-0.94,35.70,0.534,5.56,-241,80,339,2002
443.0,ROUTE,1.16,-0.00,0.0024,1.16,-0.94,-0.94,35.70,0.534,5.56,-241,80,339,2002
443.1,ROUTE,1.16,-0.00,0.0024,1.16,-0.94,-0.94,35.70,0.534,5.56,-241,80,339,2002
443.2,ROUTE,1.16,-0.00,0.0024,1.16,-0.94,-0.94,35.70,0.534,5.56,-241,80,339,2002
443.3,ROUTE,1.16,-0.00,0.0024,1.16,-0.94,-0.94,35.70,0.534,5.56,-241,80,339,2002
443.4,ROUTE,1.16,-0.00,0.0024,1.16,-0.94,-0.94,35.70,0.534,5.56,-241,80,339,2002
443.5,ROUTE,1.16,-0.00,0.0024,1.16,-0.94,-0.94,35.70,0.534,5.56,-241,80,339,2002
443.6,ROUTE,1.16,-0.00,0.0024,1.16,-0.94,-0.94,35.70,0.534,5.56,-241,80,339,2002
443.7,ROUTE,1.16,-0.00,0.0024,1.16,-0.94,-0.94,35.70,0.534,5.56,-241,80,339,2002
443.8,ROUTE,1.16,-0.00,0.0024,1.16,-0.94,-0.94,35.70,0.534,5.56,-241,80,339,2002
443.9,ROUTE,1.16,-0.00,0.0024,1.16,-0.94,-0.94,35.70,0.534,5.56,-241,80,339,2002
444.0,ROUTE,1.16,-0.00,0.0024,1.16,-0.94,-0.94,35.70,0.534,5.56,-241,80,339,2002
444.1,ROUTE,1.16,-0.00,0.0024,1.16,-0.94,-0.94,35.70,0.534,5.56,-241,80,339,2002
444.2,ROUTE,1.16,-0.00,0.0024,1.16,-0.94,-0.94,35.70,0.534,5.56,-241,80,339,2002
444.3,ROUTE,1.16,-0.00,0.0024,1.16,-0.94,-0.94,35.70,0.534,5.56,-241,80,339,2002
444.4,ROUTE,1.16,-0.00,0.0024,1.16,-0.94,-0.94,35.70,0.534,5.56,-241,80,339,2002
444.5,ROUTE,1.16,-0.00,0.0024,1.16,-0.94,-0.94,35.70,0.534,5.56,-241,80,339,2002
444.6,ROUTE,1.16,-0.00,0.0024,1.16,-0.94,-0.94,35.70,0.534,5.56,-241,80,339,2002
444.7,ROUTE,1.16,-0.00,0.0024,1.16,-0.94,-0.94,35.70,0.534,5.56,-241,80,339,2002
444.8,ROUTE,1.16,-0.00,0.0024,1.16,-0.94,-0.94,35.70,0.534,5.56,-241,80,339,2002
444.9,ROUTE,1.16,-0.00,0.0024,1.16,-0.94,-0.94,35.70,0.534,5.56,-241,80,339,2002
445.0,ROUTE,1.16,-0.00,0.0024,1.16,-0.94,-0.94,35.70,0.534,5.56,-241,80,339,2002
445.1,ROUTE,1.16,-0.00,0.0024,1.16,-0.94,-0.94,35.70,0.534,5.56,-241,80,339,2002
445.2,ROUTE,1.16,-0.00,0.0024,1.16,-0.94,-0.94,35.70,0.534,5.56,-241,80,339,2002
445.3,ROUTE,1.16,-0.00,0.0024,1.16,-0.94,-0.94,35.70,0.534,5.56,-241,80,339,2002
445.4,ROUTE,1.16,-0.00,0.0024,1.16,-0.94,-0.94,35.70,0.534,5.56,-241,80,339,2002
445.5,ROUTE,1.16,-0.00,0.0024,1.16,-0.94,-0.94,35.70,0.534,5.56,-241,80,339,2002
445.6,ROUTE,1.16,-0.00,0.0024,1.16,-0.94,-0.94,35.70,0.534,5.56,-241,80,339,2002
445.7,ROUTE,1.16,-0.00,0.0024,1.16,-0.94,-0.94,35.70,0.534,5.56,-241,80,339,2002
445.8,ROUTE,1.16,-0.00,0.0024,1.16,-0.94,-0.94,35.70,0.534,5.56,-241,80,339,2002
445.9,ROUTE,1.16,-0.00,0.0024,1.16,-0.94,-0.94,35.70,0.534,5.56,-241,80,339,2002
446.0,ROUTE,1.16,-0.00,0.0024,1.16,-0.94,-0.94,35.70,0.534,5.56,-241,80,339,2002
446.1,ROUTE,1.16,-0.00,0.0024,1.16,-0.94,-0.94,35.70,0.534,5.56,-241,80,339,2002
446.2,ROUTE,1.16,-0.00,0.0024,1.16,-0.94,-0.94,35.70,0.534,5.56,-241,80,339,2002
446.3,ROUTE,1.16,-0.00,0.0024,1.16,-0.94,-0.94,35.70,0.534,5.56,-241,80,339,2002
446.4,ROUTE,1.16,-0.00,0.0024,1.16,-0.94,-0.94,35.70,0.534,5.56,-241,80,339,2002
446.5,ROUTE,1.16,-0.00,0.0024,1.16,-0.94,-0.94,35.70,0.534,5.56,-241,80,339,2002
446.6,ROUTE,1.16,-0.00,0.0024,1.16,-0.94,-0.94,35.70,0.534,5.56,-241,80,339,2002
446.7,ROUTE,1.16,-0.00,0.0024,1.16,-0.94,-0.94,35.70,0.534,5.56,-241,80,339,2002
446.8,ROUTE,1.16,-0.00,0.0024,1.16,-0.94,-0.94,35.70,0.534,5.56,-241,80,339,2002
446.9,ROUTE,1.16,-0.00,0.0024,1.16,-0.94,-0.94,35.70,0.534,5.56,-241,80,339,2002
447.0,ROUTE,1.16,-0.00,0.0024,1.16,-0.94,-0.94,35.70,0.534,5.56,-241,80,339,2002
447.1,ROUTE,1.16,-0.00,0.0024,1.16,-0.94,-0.94,35.69,0.534,5.56,-241,80,339,2002
447.2,ROUTE,1.16,-0.00,0.0024,1.16,-0.94,-0.94,35.69,0.534,5.56,-241,80,339,2002
447.3,ROUTE,1.16,-0.00,0.0024,1.16,-0.94,-0.94,35.69,0.534,5.56,-241,80,339,2002
447.4,ROUTE,1.16,-0.00,0.0024,1.16,-0.94,-0.94,35.69,0.534,5.56,-241,80,339,2002
447.5,ROUTE,1.16,-0.00,0.0024,1.16,-0.94,-0.94,35.69,0.534,5.56,-241,80,339,2002
447.6,ROUTE,1.16,-0.00,0.0024,1.16,-0.94,-0.94,35.69,0.534,5.56,-241,80,339,2002
447.7,ROUTE,1.16,-0.00,0.0024,1.16,-0.94,-0.94,35.69,0.534,5.56,-241,80,339,2002
447.8,ROUTE,1.16,-0.00,0.0024,1.16,-0.94,-0.94,35.69,0.534,5.56,-241,80,339,2002
447.9,ROUTE,1.16,-0.00,0.0024,1.16,-0.94,-0.94,35.69,0.534,5.56,-241,80,339,2002
448.0,ROUTE,1.16,-0.00,0.0024,1.16,-0.94,-0.94,35.69,0.534,5.56,-241,80,339,2002
448.1,ROUTE,1.16,-0.00,0.0024,1.16,-0.94,-0.94,35.69,0.534,5.56,-241,80,339,2002
448.2,ROUTE,1.16,-0.00,0.0024,1.16,-0.94,-0.94,35.69,0.534,5.56,-241,80,339,2002
448.3,ROUTE,1.16,-0.00,0.0024,1.16,-0.94,-0.94,35.69,0.534,5.56,-241,80,339,2002
448.4,ROUTE,1.16,-0.00,0.0024,1.16,-0.94,-0.94,35.69,0.534,5.56,-241,80,339,2002
448.5,ROUTE,1.16,-0.00,0.0024,1.16,-0.94,-0.94,35.69,0.534,5.56,-241,80,339,2002
448.6,ROUTE,1.16,-0.00,0.0024,1.16,-0.94,-0.94,35.69,0.534,5.56,-241,80,339,2002
448.7,ROUTE,1.16,-0.00,0.0024,1.16,-0.94,-0.94,35.69,0.534,5.56,-241,80,339,2002
448.8,ROUTE,1.16,-0.00,0.0024,1.16,-0.94,-0.94,35.69,0.534,5.56,-241,80,339,2002
448.9,ROUTE,1.16,-0.00,0.0024,1.16,-0.94,-0.94,35.69,0.534,5.56,-241,80,339,2002
449.0,ROUTE,1.16,-0.00,0.0024,1.16,-0.94,-0.94,35.69,0.534,5.56,-241,80,339,2002
449.1,ROUTE,1.16,-0.00,0.0024,1.16,-0.94,-0.94,35.69,0.534,5.56,-241,80,339,2002
449.2,ROUTE,1.16,-0.00,0.0024,1.16,-0.94,-0.94,35.69,0.534,5.56,-241,80,339,2002
449.3,ROUTE,1.16,-0.00,0.0024,1.16,-0.94,-0.94,35.69,0.534,5.56,-241,80,339,2002
449.4,ROUTE,1.16,-0.00,0.0024,1.16,-0.94,-0.94,35.69,0.534,5.56,-241,80,339,2002
449.5,ROUTE,1.16,-0.00,0.0024,1.16,-0.94,-0.94,35.69,0.534,5.56,-241,80,339,2002
449.6,ROUTE,1.16,-0.00,0.0024,1.16,-0.94,-0.94,35.69,0.534,5.56,-241,80,339,2002
449.7,ROUTE,1.16,-0.00,0.0024,1.16,-0.94,-0.94,35.69,0.534,5.56,-241,80,339,2002
449.8,ROUTE,1.16,-0.00,0.0024,1.16,-0.94,-0.94,35.69,0.534,5.56,-241,80,339,2002
449.9,ROUTE,1.16,-0.00,0.0024,1.16,-0.94,-0.94,35.69,0.534,5.56,-241,80,339,2002
450.0,ROUTE,1.16,-0.00,0.0024,1.16,-0.94,-0.94,35.69,0.534,5.56,-241,80,339,2002
450.1,ROUTE,1.16,-0.00,0.0024,1.16,-0.94,-0.94,35.69,0.534,5.56,-241,80,339,2002
450.2,ROUTE,1.16,-0.00,0.0024,1.16,-0.94,-0.94,35.69,0.534,5.56,-241,80,339,2002
450.3,ROUTE,1.16,-0.00,0.0024,1.16,-0.94,-0.94,35.69,0.534,5.56,-241,80,339,2002
450.4,ROUTE,1.16,-0.00,0.0024,1.16,-0.94,-0.94,35.69,0.534,5.56,-241,80,339,2002
450.5,ROUTE,1.16,-0.00,0.0024,1.16,-0.94,-0.94,35.69,0.534,5.56,-241,80,339,2002
450.6,ROUTE,1.16,-0.00,0.0024,1.16,-0.94,-0.94,35.69,0.534,5.56,-241,80,339,2002
450.7,ROUTE,1.16,-0.00,0.0024,1.16,-0.94,-0.94,35.69,0.534,5.56,-241,80,339,2002
450.8,ROUTE,1.16,-0.00,0.0024,1.16,-0.94,-0.94,35.69,0.534,5.56,-241,80,339,2002
450.9,ROUTE,1.16,-0.00,0.0024,1.16,-0.94,-0.94,35.69,0.534,5.56,-241,80,339,2002
451.0,ROUTE,1.16,-0.00,0.0024,1.16,-0.94,-0.94,35.69,0.534,5.56,-241,80,339,2002
451.1,ROUTE,1.16,-0.00,0.0024,1.16,-0.94,-0.94,35.69,0.533,5.56,-241,80,339,2002
451.2,ROUTE,1.16,-0.00,0.0024,1.16,-0.94,-0.94,35.69,0.533,5.56,-241,80,339,2002
451.3,ROUTE,1.16,-0.00,0.0024,1.16,-0.94,-0.94,35.69,0.533,5.56,-241,80,339,2002
451.4,ROUTE,1.16,-0.00,0.0024,1.16,-0.94,-0.94,35.69,0.533,5.56,-241,80,339,2002
451.5,ROUTE,1.16,-0.00,0.0024,1.16,-0.94,-0.94,35.69,0.533,5.56,-241,80,339,2002
451.6,ROUTE,1.16,-0.00,0.0024,1.16,-0.94,-0.94,35.69,0.533,5.56,-241,80,339,2002
451.7,ROUTE,1.16,-0.00,0.0024,1.16,-0.94,-0.94,35.69,0.533,5.56,-241,80,339,2002
451.8,ROUTE,1.16,-0.00,0.0024,1.16,-0.94,-0.94,35.69,0.533,5.56,-241,80,339,2002
451.9,ROUTE,1.16,-0.00,0.0024,1.16,-0.94,-0.94,35.69,0.533,5.56,-241,80,339,2002
452.0,ROUTE,1.16,-0.00,0.0024,1.16,-0.94,-0.94,35.69,0.533,5.56,-241,80,339,2002
452.1,ROUTE,1.16,-0.00,0.0024,1.16,-0.94,-0.94,35.69,0.533,5.56,-241,80,339,2002
452.2,ROUTE,1.16,-0.00,0.0024,1.16,-0.94,-0.94,35.69,0.533,5.56,-241,80,339,2002
452.3,ROUTE,1.16,-0.00,0.0024,1.16,-0.94,-0.94,35.69,0.533,5.56,-241,80,339,2002
452.4,ROUTE,1.16,-0.00,0.0024,1.16,-0.94,-0.94,35.69,0.533,5.56,-241,80,339,2002
452.5,ROUTE,1.16,-0.00,0.0024,1.16,-0.94,-0.94,35.69,0.533,5.56,-241,80,339,2002
452.6,ROUTE,1.16,-0.00,0.0024,1.16,-0.94,-0.94,35.69,0.533,5.56,-241,80,339,2002
452.7,ROUTE,1.16,-0.00,0.0024,1.16,-0.94,-0.94,35.69,0.533,5.56,-241,80,339,2002
452.8,ROUTE,1.16,-0.00,0.0024,1.16,-0.94,-0.94,35.69,0.533,5.56,-241,80,339,2002
452.9,ROUTE,1.16,-0.00,0.0025,1.16,-0.94,-0.94,35.69,0.534,5.56,-241,80,339,2002
453.0,ROUTE,1.16,0.00,0.0027,1.18,-0.94,-0.93,35.69,0.536,5.56,-242,80,339,2002
453.1,ROUTE,1.16,0.02,0.0028,1.21,-0.94,-0.92,35.69,0.538,5.57,-243,80,339,2002
453.2,ROUTE,1.17,0.04,0.0028,1.23,-0.94,-0.91,35.69,0.540,5.57,-242,80,340,2003
453.3,ROUTE,1.17,0.05,0.0028,1.26,-0.93,-0.91,35.69,0.542,5.57,-242,80,340,2003
453.4,ROUTE,1.18,0.07,0.0029,1.28,-0.93,-0.90,35.69,0.543,5.58,-242,80,340,2003
453.5,ROUTE,1.19,0.08,0.0029,1.31,-0.93,-0.89,35.69,0.545,5.58,-242,80,340,2001
453.6,ROUTE,1.20,0.09,0.0030,1.33,-0.93,-0.88,35.69,0.546,5.58,-242,80,341,2000
453.7,ROUTE,1.21,0.10,0.0030,1.35,-0.92,-0.88,35.69,0.547,5.58,-242,80,341,1998
453.8,ROUTE,1.22,0.11,0.0031,1.38,-0.92,-0.87,35.70,0.548,5.59,-242,80,341,1993
453.9,ROUTE,1.23,0.12,0.0031,1.40,-0.91,-0.86,35.70,0.549,5.59,-242,80,341,1988
454.0,ROUTE,1.24,0.12,0.0031,1.42,-0.91,-0.86,35.70,0.550,5.59,-242,80,341,1982
454.1,ROUTE,1.26,0.13,0.0032,1.44,-0.90,-0.85,35.70,0.551,5.59,-243,80,342,1974
454.2,ROUTE,1.27,0.13,0.0032,1.46,-0.89,-0.84,35.70,0.552,5.59,-242,80,342,1963
454.3,ROUTE,1.29,0.14,0.0032,1.48,-0.89,-0.84,35.70,0.553,5.59,-242,80,342,1951
454.4,ROUTE,1.30,0.14,0.0032,1.50,-0.88,-0.83,35.71,0.554,5.59,-242,80,342,1937
454.5,ROUTE,1.31,0.14,0.0033,1.52,-0.88,-0.82,35.71,0.555,5.59,-242,80,342,1918
454.6,ROUTE,1.33,0.15,0.0033,1.53,-0.87,-0.82,35.71,0.556,5.59,-242,80,342,1899
454.7,ROUTE,1.34,0.15,0.0034,1.55,-0.87,-0.81,35.71,0.557,5.60,-242,79,342,1877
454.8,ROUTE,1.36,0.15,0.0034,1.57,-0.86,-0.80,35.71,0.558,5.60,-242,79,342,1852
454.9,ROUTE,1.37,0.15,0.0036,1.60,-0.86,-0.80,35.71,0.559,5.60,-242,79,342,1824
455.0,ROUTE,1.39,0.13,0.0023,1.49,-0.86,-0.83,35.71,0.547,5.60,-236,79,342,1794
455.1,ROUTE,1.39,0.09,0.0031,1.51,-0.86,-0.83,35.71,0.549,5.59,-238,79,342,1759
455.2,ROUTE,1.39,0.03,0.0041,1.54,-0.86,-0.82,35.71,0.552,5.59,-242,79,342,1724
455.3,ROUTE,1.40,0.06,0.0041,1.57,-0.87,-0.81,35.72,0.554,5.59,-241,78,342,1690
455.4,ROUTE,1.41,0.08,0.0042,1.61,-0.88,-0.80,35.72,0.556,5.60,-240,78,343,1655
455.5,ROUTE,1.42,0.08,0.0045,1.65,-0.88,-0.80,35.72,0.558,5.60,-240,78,343,1618
455.6,ROUTE,1.43,0.09,0.0049,1.69,-0.89,-0.79,35.72,0.560,5.61,-240,77,344,1580
455.7,ROUTE,1.43,0.09,0.0054,1.73,-0.90,-0.78,35.72,0.562,5.62,-239,77,345,1542
455.8,ROUTE,1.44,0.09,0.0059,1.78,-0.91,-0.77,35.73,0.563,5.64,-239,77,346,1504
455.9,ROUTE,1.45,0.08,0.0064,1.83,-0.91,-0.77,35.73,0.565,5.65,-239,76,347,1465
456.0,ROUTE,1.46,0.10,0.0067,1.88,-0.92,-0.76,35.73,0.566,5.67,-237,76,349,1428
456.1,ROUTE,1.47,0.10,0.0072,1.93,-0.93,-0.75,35.74,0.568,5.69,-237,75,350,1390
456.2,ROUTE,1.48,0.09,0.0079,1.99,-0.94,-0.74,35.74,0.569,5.71,-237,75,351,1353
456.3,ROUTE,1.49,0.09,0.0084,2.04,-0.94,-0.73,35.75,0.570,5.73,-236,75,353,1317
456.4,ROUTE,1.50,0.11,0.0088,2.09,-0.95,-0.72,35.75,0.572,5.75,-235,74,354,1282
456.5,ROUTE,1.51,0.10,0.0094,2.14,-0.95,-0.71,35.75,0.573,5.77,-234,73,356,1248
456.6,ROUTE,1.52,0.10,0.0099,2.19,-0.95,-0.71,35.76,0.574,5.79,-234,73,358,1214
456.7,ROUTE,1.53,0.12,0.0101,2.23,-0.95,-0.70,35.76,0.575,5.81,-233,72,359,1182
456.8,ROUTE,1.55,0.11,0.0106,2.27,-0.95,-0.69,35.77,0.575,5.83,-232,72,360,1151
456.9,ROUTE,1.55,0.03,0.0122,2.31,-0.94,-0.68,35.77,0.576,5.85,-236,71,362,1119
457.0,ROUTE,1.53,-0.10,0.0143,2.34,-0.93,-0.67,35.77,0.577,5.89,-240,70,365,1088
457.1,ROUTE,1.52,-0.11,0.0149,2.35,-0.91,-0.66,35.78,0.578,5.95,-236,70,369,1057
457.2,ROUTE,1.49,-0.21,0.0165,2.36,-0.88,-0.66,35.78,0.578,6.02,-237,69,374,1025
457.3,ROUTE,1.46,-0.26,0.0174,2.34,-0.85,-0.65,35.77,0.579,6.10,-234,68,380,994
457.4,ROUTE,1.45,-0.14,0.0157,2.30,-0.81,-0.64,35.77,0.579,6.18,-224,67,384,965
457.5,ROUTE,1.44,-0.13,0.0150,2.24,-0.75,-0.64,35.77,0.580,6.23,-221,66,387,934
457.6,ROUTE,1.43,-0.10,0.0138,2.16,-0.70,-0.63,35.76,0.581,6.26,-217,65,388,904
457.7,ROUTE,1.44,0.00,0.0115,2.07,-0.64,-0.63,35.75,0.582,6.26,-211,64,387,875
457.8,ROUTE,1.44,0.01,0.0103,1.97,-0.59,-0.63,35.74,0.584,6.22,-213,63,384,846
457.9,ROUTE,1.44,0.03,0.0089,1.88,-0.55,-0.63,35.73,0.586,6.16,-214,62,380,819
458.0,ROUTE,1.46,0.11,0.0070,1.80,-0.52,-0.63,35.72,0.588,6.08,-214,62,374,794
458.1,ROUTE,1.47,0.11,0.0061,1.74,-0.50,-0.63,35.71,0.590,5.99,-219,62,368,770
458.2,ROUTE,1.48,0.12,0.0054,1.70,-0.49,-0.63,35.71,0.592,5.90,-223,61,362,750
458.3,ROUTE,1.50,0.15,0.0046,1.68,-0.50,-0.63,35.70,0.595,5.81,-226,61,356,733
458.4,ROUTE,1.51,0.12,0.0049,1.68,-0.52,-0.63,35.70,0.597,5.74,-231,61,351,718
458.5,ROUTE,1.52,0.11,0.0052,1.70,-0.55,-0.63,35.70,0.599,5.68,-235,61,348,707
458.6,ROUTE,1.53,0.12,0.0055,1.74,-0.58,-0.63,35.70,0.601,5.64,-237,60,346,698
458.7,ROUTE,1.54,0.09,0.0063,1.79,-0.61,-0.63,35.70,0.602,5.63,-240,60,345,691
458.8,ROUTE,1.55,0.09,0.0069,1.85,-0.64,-0.63,35.70,0.603,5.63,-241,60,345,685
458.9,ROUTE,1.56,0.11,0.0072,1.91,-0.66,-0.63,35.70,0.604,5.64,-241,59,346,681
459.0,ROUTE,1.58,0.20,0.0065,1.96,-0.69,-0.63,35.71,0.604,5.66,-236,59,348,677
459.1,ROUTE,1.62,0.32,0.0052,2.01,-0.70,-0.62,35.71,0.604,5.67,-231,59,348,673
459.2,ROUTE,1.66,0.35,0.0050,2.06,-0.72,-0.62,35.72,0.604,5.67,-232,59,348,668
459.3,ROUTE,1.71,0.43,0.0040,2.10,-0.73,-0.62,35.72,0.604,5.66,-230,58,347,664
459.4,ROUTE,1.75,0.45,0.0037,2.14,-0.74,-0.61,35.73,0.603,5.64,-232,58,346,660
459.5,ROUTE,1.78,0.33,0.0055,2.19,-0.75,-0.61,35.73,0.602,5.62,-240,58,344,656
459.6,ROUTE,1.81,0.29,0.0063,2.24,-0.76,-0.61,35.74,0.602,5.62,-242,58,344,654
459.7,ROUTE,1.83,0.27,0.0068,2.29,-0.76,-0.60,35.74,0.601,5.62,-243,58,345,653
459.8,ROUTE,1.85,0.21,0.0079,2.34,-0.77,-0.60,35.75,0.599,5.64,-246,58,346,651
459.9,ROUTE,1.87,0.21,0.0081,2.37,-0.76,-0.59,35.75,0.598,5.66,-244,58,348,650
460.0,ROUTE,1.89,0.21,0.0083,2.40,-0.76,-0.59,35.76,0.597,5.70,-244,57,350,648
460.1,ROUTE,1.91,0.18,0.0086,2.41,-0.74,-0.59,35.76,0.595,5.73,-243,57,352,644
460.2,ROUTE,1.93,0.19,0.0083,2.40,-0.72,-0.58,35.76,0.594,5.76,-241,56,355,640
460.3,ROUTE,1.95,0.19,0.0078,2.39,-0.69,-0.58,35.77,0.592,5.78,-239,56,356,634
460.4,ROUTE,1.97,0.17,0.0076,2.35,-0.66,-0.58,35.77,0.591,5.80,-239,55,357,627
460.5,ROUTE,1.98,0.18,0.0068,2.31,-0.62,-0.57,35.76,0.590,5.81,-237,55,358,619
460.6,ROUTE,2.00,0.16,0.0063,2.26,-0.58,-0.57,35.76,0.589,5.81,-236,54,358,611
460.7,ROUTE,2.01,0.13,0.0058,2.20,-0.55,-0.57,35.76,0.588,5.80,-236,54,357,603
460.8,ROUTE,2.02,0.12,0.0050,2.13,-0.51,-0.57,35.75,0.588,5.79,-236,53,356,594
460.9,ROUTE,2.03,0.10,0.0044,2.07,-0.48,-0.57,35.75,0.588,5.77,-236,53,354,586
461.0,ROUTE,2.04,0.07,0.0039,2.00,-0.45,-0.58,35.74,0.588,5.74,-237,52,352,579
461.1,ROUTE,2.04,0.06,0.0033,1.94,-0.43,-0.58,35.73,0.589,5.71,-237,52,350,572
461.2,ROUTE,2.04,0.03,0.0028,1.88,-0.41,-0.58,35.73,0.589,5.68,-238,52,348,565
461.3,ROUTE,2.04,0.00,0.0025,1.82,-0.39,-0.58,35.72,0.590,5.65,-240,52,346,559
461.4,ROUTE,2.04,-0.02,0.0022,1.77,-0.38,-0.59,35.71,0.591,5.62,-241,51,344,554
461.5,ROUTE,2.03,-0.04,0.0020,1.73,-0.38,-0.59,35.71,0.592,5.60,-242,51,342,550
461.6,ROUTE,2.03,-0.06,0.0019,1.70,-0.38,-0.59,35.70,0.593,5.58,-243,51,341,546
461.7,ROUTE,2.02,-0.07,0.0018,1.66,-0.38,-0.60,35.70,0.594,5.56,-243,51,340,543
461.8,ROUTE,2.01,-0.09,0.0018,1.64,-0.38,-0.60,35.69,0.594,5.55,-244,51,339,541
461.9,ROUTE,2.00,-0.10,0.0017,1.62,-0.38,-0.61,35.69,0.595,5.54,-244,51,338,538
462.0,ROUTE,1.99,-0.11,0.0017,1.60,-0.39,-0.61,35.68,0.596,5.53,-245,51,338,536
462.1,ROUTE,1.98,-0.11,0.0016,1.58,-0.40,-0.61,35.68,0.596,5.53,-245,51,337,534
462.2,ROUTE,1.96,-0.11,0.0016,1.57,-0.40,-0.61,35.68,0.597,5.53,-245,50,337,533
462.3,ROUTE,1.95,-0.11,0.0015,1.55,-0.41,-0.62,35.67,0.597,5.53,-245,50,337,531
462.4,ROUTE,1.94,-0.11,0.0014,1.54,-0.41,-0.62,35.67,0.597,5.53,-245,50,337,529
462.5,ROUTE,1.93,-0.11,0.0013,1.53,-0.42,-0.62,35.67,0.597,5.53,-245,50,337,527
462.6,ROUTE,1.92,-0.10,0.0012,1.52,-0.42,-0.63,35.67,0.598,5.53,-245,50,337,525
462.7,ROUTE,1.91,-0.10,0.0012,1.51,-0.43,-0.63,35.66,0.598,5.53,-245,50,337,523
462.8,ROUTE,1.90,-0.10,0.0011,1.50,-0.43,-0.63,35.66,0.598,5.53,-245,49,337,521
462.9,ROUTE,1.89,-0.10,0.0010,1.49,-0.44,-0.63,35.66,0.598,5.53,-245,49,337,520
463.0,ROUTE,1.88,-0.10,0.0010,1.48,-0.44,-0.64,35.66,0.598,5.53,-245,49,336,518
463.1,ROUTE,1.87,-0.10,0.0010,1.47,-0.45,-0.64,35.66,0.598,5.52,-245,49,336,517
463.2,ROUTE,1.86,-0.10,0.0010,1.47,-0.45,-0.64,35.66,0.598,5.52,-245,49,336,516
463.3,ROUTE,1.85,-0.09,0.0010,1.46,-0.46,-0.64,35.65,0.598,5.52,-245,49,336,515
463.4,ROUTE,1.84,-0.09,0.0010,1.46,-0.47,-0.64,35.65,0.597,5.52,-246,49,336,514
463.5,ROUTE,1.83,-0.09,0.0011,1.46,-0.47,-0.65,35.65,0.597,5.51,-246,49,336,514
463.6,ROUTE,1.83,-0.09,0.0011,1.46,-0.48,-0.65,35.65,0.597,5.51,-246,49,336,514
463.7,ROUTE,1.82,-0.09,0.0012,1.46,-0.49,-0.65,35.65,0.597,5.51,-246,49,336,514
463.8,ROUTE,1.81,-0.08,0.0012,1.46,-0.49,-0.65,35.65,0.597,5.51,-246,49,336,514
463.9,ROUTE,1.80,-0.08,0.0012,1.47,-0.50,-0.65,35.65,0.596,5.51,-246,49,336,514
464.0,ROUTE,1.79,-0.07,0.0013,1.47,-0.51,-0.65,35.65,0.596,5.51,-246,49,336,514
464.1,ROUTE,1.79,-0.07,0.0013,1.48,-0.51,-0.65,35.65,0.596,5.52,-246,49,336,514
464.2,ROUTE,1.78,-0.06,0.0014,1.48,-0.52,-0.65,35.65,0.596,5.52,-246,49,336,514
464.3,ROUTE,1.78,-0.06,0.0014,1.49,-0.52,-0.66,35.65,0.595,5.52,-246,49,336,514
464.4,ROUTE,1.77,-0.05,0.0014,1.49,-0.53,-0.66,35.65,0.595,5.52,-246,49,336,515
464.5,ROUTE,1.77,-0.05,0.0015,1.50,-0.53,-0.66,35.65,0.595,5.52,-246,49,336,515
464.6,ROUTE,1.76,-0.05,0.0015,1.50,-0.54,-0.66,35.65,0.594,5.52,-246,49,336,515
464.7,ROUTE,1.76,-0.04,0.0015,1.51,-0.54,-0.66,35.65,0.594,5.53,-246,49,337,515
464.8,ROUTE,1.75,-0.04,0.0016,1.51,-0.55,-0.66,35.66,0.594,5.53,-246,49,337,515
464.9,ROUTE,1.75,-0.04,0.0016,1.52,-0.55,-0.66,35.66,0.593,5.53,-246,49,337,516
465.0,ROUTE,1.75,-0.03,0.0017,1.52,-0.55,-0.66,35.66,0.593,5.53,-246,49,337,516
465.1,ROUTE,1.74,-0.03,0.0017,1.52,-0.56,-0.66,35.66,0.593,5.53,-246,49,337,516
465.2,ROUTE,1.74,-0.03,0.0017,1.53,-0.56,-0.66,35.66,0.592,5.53,-246,49,337,516
465.3,ROUTE,1.74,-0.03,0.0018,1.53,-0.56,-0.66,35.66,0.592,5.53,-246,49,337,517
465.4,ROUTE,1.74,-0.03,0.0018,1.54,-0.56,-0.66,35.66,0.592,5.54,-246,49,337,517
465.5,ROUTE,1.73,-0.02,0.0018,1.54,-0.57,-0.66,35.66,0.591,5.54,-246,49,337,518
465.6,ROUTE,1.73,-0.02,0.0019,1.55,-0.57,-0.66,35.66,0.591,5.54,-246,49,337,518
465.7,ROUTE,1.73,-0.02,0.0019,1.55,-0.57,-0.66,35.66,0.591,5.54,-246,49,337,519
465.8,ROUTE,1.73,-0.02,0.0020,1.55,-0.57,-0.66,35.66,0.590,5.54,-245,49,338,520
465.9,ROUTE,1.73,-0.02,0.0020,1.56,-0.57,-0.66,35.66,0.590,5.54,-245,49,338,520
466.0,ROUTE,1.73,-0.02,0.0020,1.56,-0.58,-0.66,35.66,0.590,5.54,-245,49,338,521
466.1,ROUTE,1.72,-0.02,0.0020,1.56,-0.58,-0.66,35.66,0.590,5.54,-245,49,338,521
466.2,ROUTE,1.72,-0.01,0.0021,1.57,-0.58,-0.66,35.66,0.590,5.54,-245,49,338,522
466.3,ROUTE,1.72,-0.01,0.0021,1.57,-0.58,-0.65,35.66,0.589,5.54,-245,49,338,523
466.4,ROUTE,1.72,-0.01,0.0021,1.57,-0.58,-0.65,35.66,0.589,5.54,-245,49,338,523
466.5,ROUTE,1.72,-0.01,0.0021,1.57,-0.58,-0.65,35.66,0.589,5.54,-245,49,338,524
466.6,ROUTE,1.72,-0.01,0.0021,1.58,-0.58,-0.65,35.67,0.589,5.54,-245,49,338,524
466.7,ROUTE,1.72,-0.01,0.0021,1.58,-0.58,-0.65,35.67,0.589,5.54,-245,50,338,525
466.8,ROUTE,1.72,-0.01,0.0021,1.58,-0.58,-0.65,35.67,0.588,5.55,-245,50,338,526
466.9,ROUTE,1.72,-0.01,0.0021,1.58,-0.58,-0.65,35.67,0.588,5.55,-245,50,338,526
467.0,ROUTE,1.72,-0.01,0.0022,1.59,-0.58,-0.65,35.67,0.588,5.55,-245,50,338,527
467.1,ROUTE,1.72,-0.01,0.0022,1.59,-0.58,-0.65,35.67,0.588,5.55,-245,50,338,527
467.2,ROUTE,1.71,-0.00,0.0022,1.59,-0.58,-0.65,35.67,0.588,5.55,-245,50,338,528
467.3,ROUTE,1.71,-0.00,0.0022,1.59,-0.59,-0.65,35.67,0.588,5.55,-245,50,338,528
467.4,ROUTE,1.71,-0.00,0.0022,1.59,-0.59,-0.65,35.67,0.588,5.55,-245,50,338,529
467.5,ROUTE,1.71,-0.00,0.0022,1.59,-0.59,-0.65,35.67,0.588,5.55,-245,50,338,529
467.6,ROUTE,1.71,-0.00,0.0022,1.60,-0.59,-0.65,35.67,0.587,5.55,-245,50,338,530
467.7,ROUTE,1.71,-0.00,0.0022,1.60,-0.59,-0.65,35.67,0.587,5.55,-245,50,338,530
467.8,ROUTE,1.71,-0.00,0.0022,1.60,-0.59,-0.65,35.67,0.587,5.55,-245,50,338,531
467.9,ROUTE,1.71,-0.00,0.0022,1.60,-0.59,-0.65,35.67,0.587,5.55,-245,50,338,531
468.0,ROUTE,1.71,-0.00,0.0022,1.60,-0.59,-0.65,35.67,0.587,5.55,-245,50,338,532
468.1,ROUTE,1.71,-0.00,0.0022,1.60,-0.59,-0.65,35.67,0.587,5.55,-245,50,338,532
468.2,ROUTE,1.71,-0.00,0.0022,1.60,-0.59,-0.64,35.67,0.587,5.55,-245,50,338,533
468.3,ROUTE,1.71,-0.00,0.0022,1.60,-0.59,-0.64,35.67,0.587,5.55,-245,50,338,533
468.4,ROUTE,1.71,-0.00,0.0022,1.60,-0.59,-0.64,35.67,0.587,5.55,-245,50,338,534
468.5,ROUTE,1.71,-0.00,0.0022,1.61,-0.59,-0.64,35.67,0.587,5.55,-245,50,338,534
468.6,ROUTE,1.71,-0.00,0.0022,1.61,-0.59,-0.64,35.67,0.587,5.55,-245,50,338,535
468.7,ROUTE,1.71,-0.00,0.0022,1.61,-0.59,-0.64,35.67,0.587,5.55,-245,50,338,535
468.8,ROUTE,1.71,-0.00,0.0022,1.61,-0.59,-0.64,35.67,0.587,5.55,-245,50,338,536
468.9,ROUTE,1.71,-0.00,0.0022,1.61,-0.59,-0.64,35.67,0.587,5.55,-245,50,338,536
469.0,ROUTE,1.71,-0.00,0.0022,1.61,-0.59,-0.64,35.67,0.587,5.55,-245,50,338,536
469.1,ROUTE,1.71,-0.00,0.0022,1.61,-0.59,-0.64,35.67,0.587,5.55,-245,51,338,537
469.2,ROUTE,1.71,0.00,0.0022,1.61,-0.58,-0.64,35.67,0.587,5.55,-245,51,338,537
469.3,ROUTE,1.71,0.00,0.0022,1.61,-0.58,-0.64,35.67,0.587,5.55,-245,51,338,537
469.4,ROUTE,1.71,0.00,0.0022,1.61,-0.58,-0.64,35.67,0.587,5.55,-245,51,338,538
469.5,ROUTE,1.71,0.00,0.0022,1.61,-0.58,-0.64,35.67,0.587,5.55,-245,51,338,538
469.6,ROUTE,1.71,0.00,0.0022,1.61,-0.58,-0.64,35.67,0.587,5.55,-245,51,338,538
469.7,ROUTE,1.71,0.00,0.0022,1.61,-0.58,-0.64,35.67,0.587,5.55,-245,51,338,539
469.8,ROUTE,1.71,0.00,0.0022,1.62,-0.58,-0.64,35.67,0.587,5.55,-245,51,338,539
469.9,ROUTE,1.71,0.00,0.0022,1.62,-0.58,-0.63,35.67,0.587,5.55,-245,51,338,539
470.0,ROUTE,1.71,0.00,0.0022,1.62,-0.58,-0.63,35.67,0.587,5.55,-245,51,338,539
470.1,ROUTE,1.71,0.00,0.0022,1.62,-0.58,-0.63,35.67,0.587,5.55,-245,51,338,540
470.2,ROUTE,1.71,0.00,0.0022,1.62,-0.58,-0.63,35.67,0.587,5.55,-245,51,338,540
470.3,ROUTE,1.71,0.00,0.0022,1.62,-0.58,-0.63,35.67,0.587,5.54,-245,51,338,540
470.4,ROUTE,1.71,0.00,0.0022,1.62,-0.58,-0.63,35.67,0.587,5.54,-245,51,338,540
470.5,ROUTE,1.71,0.00,0.0022,1.62,-0.58,-0.63,35.67,0.587,5.54,-245,51,338,541
470.6,ROUTE,1.71,0.00,0.0022,1.62,-0.58,-0.63,35.67,0.587,5.54,-245,51,338,541
470.7,ROUTE,1.71,0.00,0.0022,1.62,-0.58,-0.63,35.67,0.587,5.54,-245,51,338,541
470.8,ROUTE,1.71,0.00,0.0021,1.62,-0.58,-0.63,35.67,0.587,5.54,-245,51,338,541
470.9,ROUTE,1.71,0.00,0.0021,1.62,-0.58,-0.63,35.67,0.587,5.54,-245,51,338,541
471.0,ROUTE,1.71,0.00,0.0021,1.62,-0.58,-0.63,35.67,0.587,5.54,-245,51,338,541
471.1,ROUTE,1.71,0.00,0.0021,1.62,-0.58,-0.63,35.67,0.587,5.54,-245,51,338,542
471.2,ROUTE,1.71,0.00,0.0021,1.62,-0.58,-0.63,35.67,0.587,5.54,-245,51,338,542
471.3,ROUTE,1.71,0.00,0.0021,1.63,-0.58,-0.63,35.67,0.587,5.54,-245,51,338,542
471.4,ROUTE,1.71,0.00,0.0021,1.63,-0.58,-0.63,35.67,0.587,5.54,-245,51,338,542
471.5,ROUTE,1.71,0.00,0.0021,1.63,-0.58,-0.63,35.67,0.587,5.54,-245,51,338,542
471.6,ROUTE,1.71,0.00,0.0021,1.63,-0.58,-0.63,35.67,0.587,5.54,-245,51,338,542
471.7,ROUTE,1.71,0.00,0.0021,1.63,-0.58,-0.63,35.67,0.587,5.54,-245,51,338,542
471.8,ROUTE,1.71,0.00,0.0021,1.63,-0.58,-0.63,35.67,0.587,5.54,-245,51,338,542
471.9,ROUTE,1.71,0.00,0.0021,1.63,-0.58,-0.62,35.67,0.587,5.54,-245,51,338,542
472.0,ROUTE,1.71,0.00,0.0021,1.63,-0.58,-0.62,35.67,0.587,5.54,-245,51,338,542
472.1,ROUTE,1.71,0.00,0.0021,1.63,-0.58,-0.62,35.67,0.587,5.54,-245,51,338,542
472.2,ROUTE,1.71,0.00,0.0021,1.63,-0.58,-0.62,35.67,0.587,5.54,-245,51,338,542
472.3,ROUTE,1.71,0.00,0.0021,1.63,-0.58,-0.62,35.67,0.587,5.54,-245,51,338,542
472.4,ROUTE,1.71,0.00,0.0021,1.63,-0.58,-0.62,35.67,0.587,5.54,-245,51,338,543
472.5,ROUTE,1.71,0.00,0.0021,1.63,-0.58,-0.62,35.67,0.587,5.54,-245,51,338,543
472.6,ROUTE,1.72,0.00,0.0021,1.63,-0.58,-0.62,35.67,0.587,5.54,-245,51,338,543
472.7,ROUTE,1.72,0.00,0.0021,1.63,-0.58,-0.62,35.67,0.587,5.54,-245,51,338,543
472.8,ROUTE,1.72,0.00,0.0021,1.64,-0.58,-0.62,35.67,0.587,5.54,-245,51,338,543
472.9,ROUTE,1.72,0.00,0.0021,1.64,-0.58,-0.62,35.67,0.587,5.54,-245,51,338,543
473.0,ROUTE,1.72,0.00,0.0021,1.64,-0.58,-0.62,35.67,0.587,5.54,-245,51,338,543
473.1,ROUTE,1.72,0.00,0.0021,1.64,-0.58,-0.62,35.67,0.587,5.54,-245,51,338,543
473.2,ROUTE,1.72,0.00,0.0021,1.64,-0.58,-0.62,35.67,0.587,5.54,-245,51,338,543
473.3,ROUTE,1.72,0.00,0.0021,1.64,-0.58,-0.62,35.67,0.587,5.54,-245,51,338,542
473.4,ROUTE,1.72,0.00,0.0021,1.64,-0.58,-0.62,35.67,0.587,5.54,-245,51,338,542
473.5,ROUTE,1.72,0.00,0.0021,1.64,-0.58,-0.62,35.67,0.587,5.54,-245,51,338,542
473.6,ROUTE,1.72,0.00,0.0021,1.64,-0.58,-0.62,35.67,0.587,5.54,-245,51,338,542
473.7,ROUTE,1.72,0.00,0.0021,1.64,-0.58,-0.62,35.67,0.587,5.54,-245,51,338,542
473.8,ROUTE,1.72,0.00,0.0021,1.64,-0.58,-0.62,35.67,0.587,5.54,-245,51,338,542
473.9,ROUTE,1.72,0.00,0.0021,1.64,-0.58,-0.62,35.67,0.587,5.54,-245,51,338,542
474.0,ROUTE,1.72,0.00,0.0021,1.64,-0.58,-0.61,35.67,0.587,5.54,-245,51,338,542
474.1,ROUTE,1.72,0.00,0.0021,1.64,-0.58,-0.61,35.67,0.587,5.54,-245,51,338,542
474.2,ROUTE,1.72,0.00,0.0021,1.64,-0.58,-0.61,35.67,0.587,5.54,-245,51,338,542
474.3,ROUTE,1.72,0.00,0.0021,1.65,-0.58,-0.61,35.67,0.587,5.54,-245,51,338,542
474.4,ROUTE,1.72,0.00,0.0021,1.65,-0.58,-0.61,35.67,0.587,5.54,-245,51,338,542
474.5,ROUTE,1.72,0.00,0.0021,1.65,-0.58,-0.61,35.67,0.587,5.54,-245,51,338,542
474.6,ROUTE,1.72,0.00,0.0021,1.65,-0.58,-0.61,35.67,0.587,5.54,-245,51,338,542
474.7,ROUTE,1.72,0.00,0.0021,1.65,-0.58,-0.61,35.67,0.587,5.54,-245,51,338,542
474.8,ROUTE,1.72,0.00,0.0021,1.65,-0.58,-0.61,35.67,0.587,5.54,-245,51,338,542
474.9,ROUTE,1.72,0.00,0.0021,1.65,-0.58,-0.61,35.67,0.587,5.54,-245,51,338,542
475.0,ROUTE,1.72,0.00,0.0021,1.65,-0.58,-0.61,35.67,0.587,5.54,-245,51,338,542
475.1,ROUTE,1.72,0.00,0.0021,1.65,-0.58,-0.61,35.67,0.587,5.54,-245,51,338,542
475.2,ROUTE,1.72,0.00,0.0021,1.65,-0.58,-0.61,35.67,0.587,5.54,-245,51,338,542
475.3,ROUTE,1.72,0.00,0.0021,1.65,-0.58,-0.61,35.67,0.587,5.54,-245,51,338,541
475.4,ROUTE,1.72,0.00,0.0021,1.65,-0.58,-0.61,35.67,0.587,5.54,-245,51,338,541
475.5,ROUTE,1.72,0.00,0.0021,1.65,-0.58,-0.61,35.67,0.587,5.54,-245,51,338,541
475.6,ROUTE,1.72,0.00,0.0021,1.65,-0.58,-0.61,35.67,0.587,5.54,-245,51,338,541
475.7,ROUTE,1.72,0.00,0.0021,1.65,-0.58,-0.61,35.67,0.587,5.54,-245,51,338,541
475.8,ROUTE,1.72,0.00,0.0021,1.66,-0.58,-0.61,35.67,0.587,5.54,-245,51,338,541
475.9,ROUTE,1.72,0.00,0.0021,1.66,-0.58,-0.61,35.67,0.587,5.54,-245,51,338,541
476.0,ROUTE,1.72,0.00,0.0021,1.66,-0.58,-0.61,35.67,0.587,5.54,-245,51,338,541
476.1,ROUTE,1.72,0.00,0.0021,1.66,-0.58,-0.61,35.67,0.587,5.54,-245,51,338,541
476.2,ROUTE,1.72,0.00,0.0021,1.66,-0.58,-0.61,35.67,0.587,5.54,-245,51,338,541
476.3,ROUTE,1.72,0.00,0.0021,1.66,-0.58,-0.61,35.67,0.587,5.54,-245,51,338,541
476.4,ROUTE,1.72,0.00,0.0021,1.66,-0.58,-0.61,35.67,0.587,5.54,-245,51,338,541
476.5,ROUTE,1.72,0.00,0.0021,1.66,-0.58,-0.60,35.67,0.587,5.54,-245,51,338,541
476.6,ROUTE,1.72,0.00,0.0021,1.66,-0.58,-0.60,35.67,0.587,5.54,-245,51,338,541
476.7,ROUTE,1.72,0.00,0.0021,1.66,-0.58,-0.60,35.67,0.587,5.54,-245,51,338,541
476.8,ROUTE,1.72,0.00,0.0021,1.66,-0.58,-0.60,35.67,0.587,5.54,-245,51,338,541
476.9,ROUTE,1.72,0.00,0.0021,1.66,-0.57,-0.60,35.67,0.587,5.54,-245,51,338,541
477.0,ROUTE,1.72,0.00,0.0020,1.66,-0.57,-0.60,35.67,0.587,5.54,-245,51,338,541
477.1,ROUTE,1.72,0.00,0.0020,1.66,-0.57,-0.60,35.67,0.587,5.54,-245,51,338,540
477.2,ROUTE,1.72,0.00,0.0020,1.66,-0.57,-0.60,35.67,0.587,5.54,-245,51,338,540
477.3,ROUTE,1.72,0.00,0.0020,1.66,-0.57,-0.60,35.67,0.587,5.54,-245,51,338,540
477.4,ROUTE,1.72,0.00,0.0020,1.67,-0.57,-0.60,35.67,0.587,5.54,-245,51,338,540
477.5,ROUTE,1.72,0.00,0.0020,1.67,-0.57,-0.60,35.67,0.587,5.54,-245,51,338,540
477.6,ROUTE,1.72,0.00,0.0020,1.67,-0.57,-0.60,35.67,0.587,5.54,-245,51,338,540
477.7,ROUTE,1.72,0.00,0.0020,1.67,-0.57,-0.60,35.67,0.587,5.54,-245,51,338,540
477.8,ROUTE,1.72,0.00,0.0020,1.67,-0.57,-0.60,35.67,0.587,5.54,-245,51,338,540
477.9,ROUTE,1.72,0.00,0.0020,1.67,-0.57,-0.60,35.67,0.587,5.54,-245,51,338,540
478.0,ROUTE,1.73,0.00,0.0020,1.67,-0.57,-0.60,35.67,0.587,5.54,-245,51,338,540
478.1,ROUTE,1.73,0.00,0.0020,1.67,-0.57,-0.60,35.67,0.587,5.54,-245,51,338,540
478.2,ROUTE,1.73,0.00,0.0020,1.67,-0.57,-0.60,35.67,0.587,5.54,-245,51,338,540
478.3,ROUTE,1.73,0.00,0.0020,1.67,-0.57,-0.60,35.67,0.587,5.54,-245,51,338,540
478.4,ROUTE,1.73,0.00,0.0020,1.67,-0.57,-0.60,35.67,0.587,5.54,-245,51,338,540
478.5,ROUTE,1.73,0.00,0.0020,1.67,-0.57,-0.60,35.67,0.587,5.54,-245,51,338,540
478.6,ROUTE,1.73,0.00,0.0020,1.67,-0.57,-0.60,35.67,0.587,5.54,-245,51,338,540
478.7,ROUTE,1.73,0.00,0.0020,1.67,-0.57,-0.60,35.67,0.587,5.54,-245,51,338,540
478.8,ROUTE,1.73,0.00,0.0020,1.67,-0.57,-0.60,35.67,0.587,5.54,-245,51,338,540
478.9,ROUTE,1.73,0.00,0.0020,1.67,-0.57,-0.60,35.67,0.587,5.54,-245,51,338,540
479.0,ROUTE,1.73,0.00,0.0020,1.68,-0.57,-0.60,35.67,0.587,5.54,-245,51,338,540
479.1,ROUTE,1.73,0.00,0.0020,1.68,-0.57,-0.60,35.67,0.587,5.54,-245,51,338,540
479.2,ROUTE,1.73,0.00,0.0020,1.68,-0.57,-0.60,35.67,0.587,5.54,-245,51,338,540
479.3,ROUTE,1.73,0.00,0.0020,1.68,-0.57,-0.60,35.67,0.587,5.54,-245,51,338,540
479.4,ROUTE,1.73,0.00,0.0020,1.68,-0.57,-0.60,35.67,0.587,5.54,-245,51,338,540
479.5,ROUTE,1.73,0.00,0.0020,1.68,-0.57,-0.59,35.67,0.587,5.54,-245,51,338,540
479.6,ROUTE,1.73,0.00,0.0020,1.68,-0.57,-0.59,35.67,0.587,5.54,-245,51,338,540
479.7,ROUTE,1.73,0.00,0.0020,1.68,-0.57,-0.59,35.67,0.587,5.54,-245,51,338,540
479.8,ROUTE,1.73,0.00,0.0020,1.68,-0.57,-0.59,35.67,0.587,5.54,-245,51,338,540
479.9,ROUTE,1.73,0.00,0.0020,1.68,-0.57,-0.59,35.67,0.587,5.54,-245,51,338,540
