t,phase,agl,aglT,V,vs,pitch,bank,e,xt,s,thr,de,dr,flap,offtrack,above,rem,onG,x,z,hdotC,Vc,wK,thC
320.60,FLARE,5.12,6.21,20.80,-1.09,-0.3,0.1,-6.7,0.0,-619,0.25,0.153,0.035,0.00,,0,99,0,-26,-0,-1.06,20.8,1.00,0.001
320.70,FLARE,5.01,6.10,20.76,-1.12,-0.3,0.1,-6.7,0.0,-617,0.00,0.113,0.034,0.00,,,,0,-28,-0,,,,
320.80,FLARE,4.90,5.99,20.71,-1.15,-0.6,0.1,-6.7,0.0,-615,0.00,0.143,0.033,0.00,,,,0,-30,-0,,,,
320.90,FLARE,4.78,5.87,20.66,-1.22,-0.9,0.1,-6.7,0.0,-613,0.00,0.173,0.033,0.00,,,,0,-32,-0,,,,
321.00,FLARE,4.65,5.75,20.62,-1.30,-1.2,0.1,-6.7,0.0,-611,0.00,0.229,0.033,0.00,,,,0,-34,-0,,,,
321.10,FLARE,4.52,5.62,20.58,-1.41,-1.5,0.2,-6.7,0.0,-609,0.00,0.293,0.034,0.00,,,,0,-36,-0,,,,
321.20,FLARE,4.38,5.47,20.55,-1.50,-1.5,0.2,-6.7,0.0,-607,0.04,0.326,0.034,0.00,,,,0,-38,-0,,,,
321.30,FLARE,4.22,5.32,20.53,-1.57,-1.3,0.2,-6.7,0.0,-605,0.09,0.335,0.034,0.00,,,,0,-40,-0,,,,
321.40,FLARE,4.07,5.16,20.52,-1.59,-0.9,0.2,-6.7,0.0,-603,0.14,0.314,0.035,0.00,,,,0,-42,-0,,,,
321.50,FLARE,3.91,5.00,20.51,-1.55,-0.3,0.2,-6.7,0.0,-601,0.17,0.288,0.035,0.00,,,,0,-44,-0,,,,
321.60,FLARE,3.76,4.85,20.50,-1.47,0.4,0.2,-6.7,-0.0,-599,0.17,0.270,0.035,0.00,,,,0,-46,0,,,,
321.70,FLARE,3.61,4.71,20.48,-1.35,1.0,0.2,-6.7,-0.0,-597,0.17,0.249,0.035,0.00,,,,0,-48,0,,,,
321.80,FLARE,3.48,4.58,20.45,-1.22,1.5,0.2,-6.7,-0.0,-595,0.17,0.229,0.056,0.00,,,,0,-50,0,,,,
321.90,FLARE,3.36,4.46,20.42,-1.09,1.9,0.1,-6.6,-0.0,-593,0.16,0.214,0.182,0.00,,,,0,-52,0,,,,
322.00,FLARE,3.26,4.36,20.38,-0.97,2.1,0.1,-6.5,-0.0,-591,0.13,0.206,0.267,0.00,,,,0,-54,0,,,,
322.10,FLARE,3.17,4.26,20.33,-0.88,2.1,0.1,-6.3,-0.0,-589,0.11,0.207,0.261,0.00,,,,0,-56,0,,,,
322.20,FLARE,3.08,4.18,20.27,-0.83,2.0,-0.1,-5.9,-0.0,-587,0.08,0.218,0.247,0.00,,,,0,-58,0,,,,
322.30,FLARE,3.00,4.09,20.21,-0.80,1.8,-0.2,-5.5,-0.0,-585,0.08,0.238,0.233,0.00,,,,0,-60,0,,,,
322.40,FLARE,2.92,4.01,20.16,-0.81,1.6,-0.3,-5.1,-0.0,-583,0.08,0.261,0.217,0.00,,,,0,-62,0,,,,
322.50,FLARE,2.84,3.93,20.11,-0.83,1.4,-0.4,-4.5,-0.0,-581,0.08,0.284,0.197,0.00,,,,0,-64,0,,,,
322.60,FLARE,2.75,3.85,20.06,-0.86,1.3,-0.5,-4.0,0.0,-579,0.09,0.298,0.180,0.00,,,,0,-66,-0,,,,
322.70,FLARE,2.66,3.76,20.01,-0.89,1.4,-0.5,-3.4,0.0,-577,0.10,0.300,0.162,0.00,,,,0,-68,-0,,,,
322.80,FLARE,2.57,3.67,19.97,-0.91,1.5,-0.5,-2.9,-0.0,-575,0.12,0.296,0.145,0.00,,,,0,-70,0,,,,
322.90,FLARE,2.48,3.58,19.93,-0.91,1.7,-0.5,-2.3,-0.0,-573,0.13,0.297,0.129,0.00,,,,0,-72,0,,,,
323.00,FLARE,2.39,3.49,19.89,-0.90,1.9,-0.5,-1.8,-0.0,-571,0.14,0.296,0.115,0.00,,,,0,-74,0,,,,
323.10,FLARE,2.30,3.40,19.84,-0.87,2.2,-0.4,-1.3,-0.0,-569,0.15,0.293,0.104,0.00,,,,0,-76,0,,,,
323.20,FLARE,2.22,3.31,19.80,-0.84,2.5,-0.4,-0.9,-0.0,-567,0.15,0.298,0.094,0.00,,,,0,-78,0,,,,
323.30,FLARE,2.14,3.23,19.76,-0.80,2.7,-0.3,-0.6,-0.0,-565,0.15,0.295,0.088,0.00,,,,0,-80,0,,,,
323.40,FLARE,2.06,3.15,19.71,-0.76,2.9,-0.2,-0.3,-0.1,-563,0.15,0.300,0.084,0.00,,,,0,-82,0,,,,
323.50,FLARE,1.98,3.08,19.67,-0.72,3.1,-0.1,-0.1,-0.1,-561,0.16,0.297,0.082,0.00,,,,0,-84,0,,,,
323.60,FLARE,1.91,3.01,19.62,-0.68,3.2,0.1,0.1,-0.1,-559,0.17,0.295,0.084,0.00,,,,0,-86,0,,,,
323.70,FLARE,1.84,2.94,19.57,-0.65,3.3,0.2,0.2,-0.1,-557,0.18,0.294,0.087,0.00,,,,0,-88,0,,,,
323.80,FLARE,1.78,2.88,19.53,-0.62,3.4,0.3,0.2,-0.1,-555,0.18,0.301,0.093,0.00,,,,0,-90,0,,,,
323.90,FLARE,1.72,2.82,19.49,-0.59,3.5,0.4,0.1,-0.2,-553,0.20,0.294,0.101,0.00,,,,0,-92,0,,,,
324.00,FLARE,1.66,2.76,19.44,-0.57,3.5,0.5,0.1,-0.2,-552,0.20,0.295,0.110,0.00,,,,0,-93,0,,,,
324.10,FLARE,1.61,2.70,19.40,-0.55,3.6,0.6,-0.1,-0.2,-550,0.21,0.296,0.120,0.00,,,,0,-95,0,,,,
324.20,FLARE,1.55,2.65,19.36,-0.53,3.6,0.7,-0.2,-0.3,-548,0.22,0.297,0.131,0.00,,,,0,-97,0,,,,
324.30,FLARE,1.50,2.59,19.33,-0.52,3.6,0.8,-0.4,-0.3,-546,0.23,0.298,0.142,0.00,,,,0,-99,0,,,,
324.40,FLARE,1.45,2.54,19.29,-0.51,3.7,0.8,-0.6,-0.3,-544,0.24,0.298,0.153,0.00,,,,0,-101,0,,,,
324.50,FLARE,1.40,2.49,19.26,-0.49,3.7,0.9,-0.8,-0.3,-542,0.25,0.298,0.164,0.00,,,,0,-103,0,,,,
324.60,FLARE,1.35,2.44,19.23,-0.48,3.8,0.9,-1.1,-0.4,-540,0.25,0.298,0.174,0.00,,,,0,-105,0,,,,
324.70,FLARE,1.30,2.39,19.20,-0.47,3.8,0.9,-1.2,-0.4,-538,0.26,0.298,0.182,0.00,,,,0,-107,0,,,,
324.80,FLARE,1.25,2.35,19.17,-0.45,3.9,0.9,-1.4,-0.4,-536,0.27,0.296,0.190,0.00,,,,0,-109,0,,,,
324.90,FLARE,1.21,2.30,19.14,-0.44,4.0,0.9,-1.6,-0.4,-534,0.27,0.295,0.196,0.00,,,,0,-111,0,,,,
325.00,FLARE,1.16,2.26,19.11,-0.42,4.0,0.8,-1.7,-0.5,-532,0.27,0.296,0.200,0.00,,,,0,-113,0,,,,
325.10,FLARE,1.12,2.22,19.08,-0.41,4.0,0.8,-1.8,-0.5,-531,0.27,0.297,0.203,0.00,,,,0,-114,0,,,,
325.20,FLARE,1.08,2.18,19.05,-0.40,4.1,0.7,-1.8,-0.5,-529,0.27,0.299,0.204,0.00,,,,0,-116,0,,,,
325.30,FLARE,1.04,2.14,19.02,-0.40,4.1,0.7,-1.8,-0.5,-527,0.28,0.296,0.204,0.00,,,,0,-118,1,,,,
325.40,FLARE,1.00,2.10,18.99,-0.39,4.1,0.6,-1.8,-0.5,-525,0.28,0.299,0.203,0.00,,,,0,-120,1,,,,
325.50,FLARE,0.96,2.06,18.96,-0.39,4.1,0.6,-1.7,-0.5,-523,0.29,0.298,0.200,0.00,,,,0,-122,1,,,,
325.60,FLARE,0.92,2.02,18.94,-0.39,4.1,0.5,-1.7,-0.5,-521,0.30,0.297,0.197,0.00,,,,0,-124,1,,,,
325.70,FLARE,0.88,1.98,18.91,-0.39,4.0,0.5,-1.5,-0.6,-519,0.30,0.297,0.192,0.00,,,,0,-126,1,,,,
325.80,FLARE,0.85,1.94,18.89,-0.39,4.0,0.4,-1.4,-0.6,-517,0.30,0.298,0.187,0.00,,,,0,-128,1,,,,
325.90,FLARE,0.81,1.90,18.87,-0.40,4.0,0.4,-1.3,-0.6,-515,0.30,0.301,0.182,0.00,,,,0,-130,1,,,,
326.00,FLARE,0.77,1.86,18.85,-0.41,4.0,0.3,-1.1,-0.6,-514,0.30,0.300,0.176,0.00,,,,0,-131,1,,,,
326.10,FLARE,0.72,1.82,18.83,-0.42,3.9,0.3,-0.9,-0.6,-512,0.30,0.300,0.171,0.00,,,,0,-133,1,,,,
326.20,FLARE,0.68,1.78,18.81,-0.44,3.8,0.3,-0.8,-0.6,-510,0.30,0.297,0.165,0.00,,,,0,-135,1,,,,
326.30,FLARE,0.64,1.73,18.79,-0.45,3.8,0.3,-0.6,-0.6,-508,0.30,0.302,0.160,0.00,,,,0,-137,1,,,,
326.40,FLARE,0.59,1.69,18.78,-0.47,3.7,0.3,-0.5,-0.6,-506,0.30,0.304,0.156,0.00,,,,0,-139,1,,,,
326.50,FLARE,0.54,1.64,18.76,-0.49,3.6,0.3,-0.3,-0.7,-504,0.30,0.300,0.153,0.00,,,,0,-141,1,,,,
326.60,FLARE,0.49,1.59,18.75,-0.52,3.5,0.4,-0.2,-0.7,-502,0.30,0.299,0.150,0.00,,,,0,-143,1,,,,
326.70,FLARE,0.44,1.54,18.74,-0.55,3.4,0.4,-0.1,-0.7,-501,0.30,0.301,0.148,0.00,,,,0,-144,1,,,,
326.80,FLARE,0.39,1.48,18.73,-0.58,3.3,0.4,-0.0,-0.7,-499,0.30,0.304,0.147,0.00,,,,0,-146,1,,,,
326.90,FLARE,0.33,1.42,18.72,-0.61,3.1,0.5,0.1,-0.7,-497,0.30,0.303,0.146,0.00,,,,0,-148,1,,,,
327.00,FLARE,0.26,1.36,18.72,-0.65,2.9,0.5,0.1,-0.7,-495,0.30,0.303,0.146,0.00,,,,0,-150,1,,,,
327.10,FLARE,0.20,1.29,18.72,-0.69,2.8,0.6,0.1,-0.7,-493,0.30,0.305,0.147,0.00,,,,0,-152,1,,,,
327.20,ROLLOUT,0.13,1.22,18.70,-0.72,2.6,0.6,2.0,-0.7,-491,0.00,0.286,0.106,0.00,,,,2,-154,1,,,,
327.30,ROLLOUT,0.07,1.17,18.60,-0.22,2.4,0.3,2.0,-0.8,-489,0.00,0.330,-0.020,0.00,,,,2,-156,1,,,,
327.40,ROLLOUT,0.06,1.16,18.50,0.22,2.7,-0.2,1.6,-0.8,-488,0.00,0.350,-0.105,0.00,,,,2,-157,1,,,,
327.50,ROLLOUT,0.09,1.19,18.41,0.25,3.5,-0.7,1.1,-0.7,-486,0.00,0.350,0.022,0.00,,,,2,-159,1,,,,
327.60,ROLLOUT,0.11,1.21,18.32,0.12,4.4,-0.9,0.3,-0.7,-484,0.00,0.350,0.148,0.00,,,,2,-161,1,,,,
327.70,ROLLOUT,0.12,1.21,18.22,0.01,5.1,-0.8,-0.5,-0.7,-482,0.00,0.350,0.275,0.00,,,,1,-163,1,,,,
327.80,ROLLOUT,0.12,1.21,18.13,-0.07,5.6,-0.6,-1.2,-0.7,-480,0.00,0.350,0.401,0.00,,,,2,-165,1,,,,
327.90,ROLLOUT,0.11,1.20,18.02,-0.13,5.8,-0.4,-1.9,-0.6,-479,0.00,0.350,0.437,0.00,,,,2,-166,1,,,,
328.00,ROLLOUT,0.09,1.19,17.93,-0.14,5.7,-0.4,-2.4,-0.6,-477,0.00,0.350,0.412,0.00,,,,2,-168,1,,,,
328.10,ROLLOUT,0.08,1.18,17.83,-0.04,5.5,-0.5,-2.9,-0.6,-475,0.00,0.350,0.409,0.00,,,,2,-170,1,,,,
328.20,ROLLOUT,0.08,1.18,17.74,0.06,5.3,-0.6,-3.4,-0.5,-473,0.00,0.350,0.433,0.00,,,,2,-172,1,,,,
328.30,ROLLOUT,0.09,1.18,17.64,0.06,5.1,-0.7,-4.0,-0.5,-471,0.00,0.350,0.466,0.00,,,,2,-174,0,,,,
328.40,ROLLOUT,0.09,1.19,17.55,0.02,4.9,-0.8,-4.5,-0.4,-470,0.00,0.350,0.501,0.00,,,,2,-175,0,,,,
328.50,ROLLOUT,0.09,1.19,17.46,-0.02,4.8,-0.8,-5.0,-0.3,-468,0.00,0.350,0.514,0.00,,,,2,-177,0,,,,
328.60,ROLLOUT,0.09,1.19,17.38,-0.04,4.7,-0.9,-5.6,-0.2,-466,0.00,0.350,0.533,0.00,,,,2,-179,0,,,,
328.70,ROLLOUT,0.09,1.18,17.30,-0.02,4.6,-0.9,-6.1,-0.1,-465,0.00,0.350,0.552,0.00,,,,2,-180,0,,,,
328.80,ROLLOUT,0.09,1.18,17.22,0.00,4.6,-1.0,-6.6,0.0,-463,0.00,0.350,0.583,0.00,,,,2,-182,-0,,,,
328.90,ROLLOUT,0.09,1.18,17.14,0.01,4.8,-1.0,-7.2,0.2,-461,0.00,0.350,0.624,0.00,,,,2,-184,-0,,,,
329.00,ROLLOUT,0.09,1.18,17.06,-0.01,5.0,-1.1,-7.7,0.4,-460,0.00,0.350,0.656,0.00,,,,2,-185,-0,,,,
329.10,ROLLOUT,0.09,1.18,16.98,-0.01,5.2,-1.1,-8.3,0.5,-458,0.00,0.350,0.693,0.00,,,,2,-187,-1,,,,
329.20,ROLLOUT,0.08,1.18,16.90,-0.04,5.4,-1.1,-8.9,0.7,-456,0.00,0.350,0.715,0.00,,,,2,-189,-1,,,,
329.30,ROLLOUT,0.08,1.18,16.79,-0.05,5.6,-1.0,-9.3,0.9,-455,0.00,0.350,0.700,0.00,,,,2,-190,-1,,,,
329.40,ROLLOUT,0.08,1.17,16.68,-0.03,5.8,-0.9,-9.6,1.1,-453,0.00,0.350,0.648,0.00,,,,2,-192,-1,,,,
329.50,ROLLOUT,0.07,1.17,16.56,-0.01,6.0,-0.8,-9.6,1.3,-451,0.00,0.350,0.563,0.00,,,,2,-194,-1,,,,
329.60,ROLLOUT,0.07,1.17,16.44,-0.01,6.2,-0.8,-9.5,1.5,-450,0.00,0.350,0.470,0.00,,,,2,-195,-1,,,,
329.70,ROLLOUT,0.07,1.17,16.32,-0.01,6.3,-0.9,-9.2,1.6,-448,0.00,0.350,0.379,0.00,,,,2,-197,-2,,,,
329.80,ROLLOUT,0.07,1.17,16.20,-0.02,6.4,-1.0,-8.8,1.8,-447,0.00,0.350,0.286,0.00,,,,2,-198,-2,,,,
329.90,ROLLOUT,0.07,1.17,16.07,-0.02,6.4,-1.0,-8.3,1.9,-445,0.00,0.350,0.201,0.00,,,,2,-200,-2,,,,
330.00,ROLLOUT,0.07,1.16,15.94,-0.01,6.5,-1.1,-7.6,1.9,-444,0.00,0.350,0.118,0.00,,,,2,-201,-2,,,,
330.10,ROLLOUT,0.07,1.16,15.82,-0.01,6.5,-1.2,-6.9,2.0,-442,0.00,0.350,0.041,0.00,,,,2,-203,-2,,,,
330.20,ROLLOUT,0.07,1.16,15.69,-0.01,6.5,-1.2,-6.2,2.0,-440,0.00,0.350,-0.033,0.00,,,,2,-205,-2,,,,
330.30,ROLLOUT,0.07,1.16,15.56,-0.01,6.5,-1.2,-5.3,2.1,-439,0.00,0.350,-0.105,0.00,,,,2,-206,-2,,,,
330.40,ROLLOUT,0.06,1.16,15.43,-0.01,6.6,-1.1,-4.5,2.0,-437,0.00,0.350,-0.172,0.00,,,,2,-208,-2,,,,
330.50,ROLLOUT,0.06,1.16,15.30,-0.02,6.7,-1.1,-3.6,2.0,-436,0.00,0.350,-0.233,0.00,,,,2,-209,-2,,,,
330.60,ROLLOUT,0.06,1.16,15.19,-0.02,6.8,-1.1,-2.7,1.9,-434,0.00,0.350,-0.277,0.00,,,,2,-211,-2,,,,
330.70,ROLLOUT,0.06,1.15,15.07,-0.02,7.0,-1.1,-1.9,1.9,-433,0.00,0.350,-0.303,0.00,,,,2,-212,-2,,,,
330.80,ROLLOUT,0.06,1.15,14.96,-0.02,7.2,-1.1,-1.2,1.8,-431,0.00,0.350,-0.314,0.00,,,,2,-214,-2,,,,
330.90,ROLLOUT,0.06,1.15,14.85,-0.02,7.4,-1.0,-0.6,1.7,-430,0.00,0.350,-0.270,0.00,,,,3,-215,-2,,,,
331.00,ROLLOUT,0.05,1.15,14.75,-0.02,7.7,-1.0,-0.1,1.6,-428,0.00,0.350,-0.143,0.00,,,,3,-217,-2,,,,
331.10,ROLLOUT,0.05,1.15,14.66,0.01,7.7,-0.9,0.1,1.4,-427,0.00,0.350,-0.060,0.00,,,,3,-218,-1,,,,
331.20,ROLLOUT,0.05,1.15,14.58,-0.00,7.6,-0.9,0.3,1.3,-425,0.00,0.350,-0.052,0.00,,,,3,-220,-1,,,,
331.30,ROLLOUT,0.05,1.15,14.51,-0.01,7.6,-0.8,0.2,1.2,-424,0.00,0.350,-0.013,0.00,,,,3,-221,-1,,,,
331.40,ROLLOUT,0.05,1.15,14.44,-0.01,7.6,-0.7,-0.2,1.1,-423,0.00,0.350,0.046,0.00,,,,3,-222,-1,,,,
331.50,ROLLOUT,0.05,1.15,14.38,-0.00,7.7,-0.6,-0.6,1.1,-421,0.00,0.350,0.082,0.00,,,,3,-224,-1,,,,
331.60,ROLLOUT,0.05,1.15,14.32,0.01,7.7,-0.5,-1.3,1.0,-420,0.00,0.350,0.143,0.00,,,,3,-225,-1,,,,
331.70,ROLLOUT,0.05,1.15,14.26,-0.00,7.7,-0.5,-2.1,1.0,-418,0.00,0.350,0.215,0.00,,,,3,-227,-1,,,,
331.80,ROLLOUT,0.05,1.15,14.21,0.00,7.7,-0.4,-3.1,0.9,-417,0.00,0.350,0.288,0.00,,,,3,-228,-1,,,,
331.90,ROLLOUT,0.05,1.15,14.16,0.00,7.7,-0.4,-4.1,1.0,-415,0.00,0.350,0.358,0.00,,,,3,-230,-1,,,,
332.00,ROLLOUT,0.05,1.15,14.12,-0.00,7.7,-0.3,-5.4,1.0,-414,0.00,0.350,0.459,0.00,,,,3,-231,-1,,,,
332.10,ROLLOUT,0.05,1.15,14.07,-0.00,7.7,-0.3,-6.8,1.1,-413,0.00,0.350,0.549,0.00,,,,3,-232,-1,,,,
332.20,ROLLOUT,0.05,1.15,14.03,-0.00,7.7,-0.3,-8.3,1.1,-411,0.00,0.350,0.645,0.00,,,,3,-234,-1,,,,
332.30,ROLLOUT,0.05,1.15,13.98,-0.01,7.7,-0.2,-9.9,1.3,-410,0.00,0.350,0.752,0.00,,,,3,-235,-1,,,,
332.40,ROLLOUT,0.05,1.15,13.93,-0.01,7.7,-0.2,-11.6,1.4,-409,0.00,0.350,0.859,0.00,,,,3,-236,-1,,,,
332.50,ROLLOUT,0.05,1.14,13.87,-0.01,7.7,-0.2,-13.4,1.6,-407,0.00,0.350,0.950,0.00,,,,3,-238,-2,,,,
332.60,ROLLOUT,0.05,1.14,13.82,-0.01,7.7,-0.2,-15.3,1.8,-406,0.00,0.350,0.950,0.00,,,,3,-239,-2,,,,
332.70,ROLLOUT,0.05,1.14,13.76,-0.01,7.7,-0.2,-17.3,2.0,-405,0.00,0.350,0.950,0.00,,,,3,-240,-2,,,,
332.80,ROLLOUT,0.05,1.14,13.71,-0.01,7.7,-0.2,-19.3,2.3,-403,0.00,0.350,0.950,0.00,,,,3,-242,-2,,,,
332.90,ROLLOUT,0.05,1.14,13.65,-0.01,7.7,-0.2,-21.3,2.6,-402,0.00,0.350,0.950,0.00,,,,3,-243,-3,,,,
333.00,ROLLOUT,0.05,1.14,13.60,-0.01,7.7,-0.2,-23.4,2.9,-401,0.00,0.350,0.950,0.00,,,,3,-244,-3,,,,
333.10,ROLLOUT,0.05,1.14,13.54,-0.01,7.7,-0.2,-25.6,3.2,-400,0.00,0.350,0.950,0.00,,,,3,-245,-3,,,,
333.20,ROLLOUT,0.05,1.14,13.48,-0.01,7.6,-0.2,-27.7,3.6,-398,0.00,0.350,0.950,0.00,,,,3,-247,-4,,,,
333.30,ROLLOUT,0.05,1.14,13.42,-0.01,7.6,-0.2,-29.9,4.0,-397,0.00,0.350,0.950,0.00,,,,3,-248,-4,,,,
333.40,ROLLOUT,0.04,1.14,13.36,-0.01,7.6,-0.2,-32.1,4.4,-396,0.00,0.350,0.950,0.00,,,,3,-249,-4,,,,
333.50,ROLLOUT,0.04,1.14,13.29,-0.01,7.6,-0.2,-34.2,4.8,-395,0.00,0.350,0.950,0.00,,,,3,-250,-5,,,,
333.60,ROLLOUT,0.04,1.14,13.23,-0.01,7.6,-0.2,-36.4,5.2,-394,0.00,0.350,0.950,0.00,,,,3,-251,-5,,,,
333.70,ROLLOUT,0.04,1.14,13.16,-0.01,7.6,-0.3,-38.4,5.7,-393,0.00,0.350,0.950,0.00,,,,3,-252,-6,,,,
333.80,ROLLOUT,0.04,1.14,13.08,-0.01,7.6,-0.3,-40.5,6.1,-392,0.00,0.350,0.950,0.00,,,,3,-253,-6,,,,
333.90,ROLLOUT,0.04,1.14,13.00,-0.01,7.6,-0.3,-42.4,6.6,-390,0.00,0.350,0.950,0.00,,,,3,-255,-7,,,,
334.00,ROLLOUT,0.04,1.14,12.92,-0.01,7.6,-0.3,-44.2,7.1,-389,0.00,0.350,0.950,0.00,,,,3,-256,-7,,,,
334.10,ROLLOUT,0.04,1.14,12.83,-0.01,7.6,-0.4,-45.9,7.6,-388,0.00,0.350,0.947,0.00,,,,3,-257,-8,,,,
334.20,ROLLOUT,0.04,1.14,12.73,-0.01,7.6,-0.4,-47.5,8.1,-387,0.00,0.350,0.943,0.00,,,,3,-258,-8,,,,
334.30,ROLLOUT,0.04,1.13,12.63,-0.01,7.6,-0.5,-48.9,8.6,-386,0.00,0.350,0.939,0.00,,,,3,-259,-9,,,,
334.40,ROLLOUT,0.04,1.13,12.52,-0.01,7.6,-0.5,-50.2,9.1,-385,0.00,0.350,0.935,0.00,,,,3,-260,-9,,,,
334.50,ROLLOUT,0.04,1.13,12.40,-0.01,7.6,-0.6,-51.2,9.6,-384,0.00,0.350,0.931,0.00,,,,3,-261,-10,,,,
334.60,ROLLOUT,0.04,1.13,12.28,-0.01,7.5,-0.7,-52.0,10.0,-383,0.00,0.350,0.926,0.00,,,,3,-262,-10,,,,
334.70,ROLLOUT,0.04,1.13,12.15,-0.01,7.5,-0.7,-52.6,10.5,-382,0.00,0.350,0.921,0.00,,,,3,-263,-11,,,,
334.80,ROLLOUT,0.03,1.13,12.00,-0.01,7.5,-0.8,-52.9,11.0,-381,0.00,0.350,0.915,0.00,,,,3,-264,-11,,,,
334.90,ROLLOUT,0.03,1.13,11.85,-0.01,7.5,-0.9,-52.9,11.4,-380,0.00,0.350,0.909,0.00,,,,3,-265,-11,,,,
335.00,ROLLOUT,0.03,1.13,11.69,-0.01,7.5,-1.0,-52.6,11.8,-379,0.00,0.350,0.903,0.00,,,,3,-266,-12,,,,
335.10,ROLLOUT,0.03,1.13,11.51,-0.01,7.5,-1.1,-51.9,12.2,-378,0.00,0.350,0.896,0.00,,,,3,-267,-12,,,,
335.20,ROLLOUT,0.03,1.13,11.31,-0.01,7.5,-1.2,-50.9,12.6,-377,0.00,0.350,0.889,0.00,,,,3,-268,-13,,,,
335.30,ROLLOUT,0.03,1.13,11.11,-0.01,7.5,-1.3,-49.4,12.9,-376,0.00,0.350,0.880,0.00,,,,3,-269,-13,,,,
335.40,ROLLOUT,0.03,1.12,10.88,-0.01,7.5,-1.4,-47.6,13.2,-375,0.00,0.350,0.872,0.00,,,,3,-270,-13,,,,
335.50,ROLLOUT,0.03,1.12,10.63,-0.01,7.4,-1.5,-45.2,13.5,-374,0.00,0.350,0.862,0.00,,,,3,-271,-13,,,,
335.60,ROLLOUT,0.03,1.12,10.37,-0.00,7.4,-1.6,-42.5,13.7,-373,0.00,0.350,0.852,0.00,,,,3,-272,-14,,,,
335.70,ROLLOUT,0.03,1.12,10.10,-0.01,7.4,-1.8,-39.2,13.8,-373,0.00,0.350,0.841,0.00,,,,3,-272,-14,,,,
335.80,ROLLOUT,0.02,1.12,9.81,-0.02,7.4,-2.0,-35.5,13.9,-372,0.00,0.350,0.830,0.00,,,,3,-273,-14,,,,
335.90,ROLLOUT,0.02,1.12,9.50,-0.02,7.4,-2.2,-31.5,13.9,-371,0.00,0.350,0.818,0.00,,,,3,-274,-14,,,,
336.00,ROLLOUT,0.02,1.12,9.17,-0.02,7.4,-2.3,-27.3,13.9,-370,0.00,0.350,0.769,0.00,,,,3,-275,-14,,,,
336.10,ROLLOUT,0.02,1.11,8.82,-0.01,7.3,-2.4,-22.6,13.8,-369,0.00,0.350,0.643,0.00,,,,3,-276,-14,,,,
336.20,ROLLOUT,0.02,1.11,8.46,-0.01,7.3,-2.3,-18.0,13.7,-368,0.00,0.350,0.516,0.00,,,,3,-277,-14,,,,
336.30,ROLLOUT,0.02,1.11,8.08,-0.01,7.3,-2.1,-13.1,13.5,-367,0.00,0.350,0.390,0.00,,,,3,-278,-14,,,,
336.40,ROLLOUT,0.02,1.11,7.69,-0.01,7.3,-1.8,-8.1,13.3,-366,0.00,0.350,0.263,0.00,,,,3,-279,-13,,,,
336.50,ROLLOUT,0.01,1.11,7.29,-0.01,7.3,-1.5,-3.1,13.0,-366,0.00,0.350,0.137,0.00,,,,3,-279,-13,,,,
336.60,ROLLOUT,0.01,1.11,6.87,-0.01,7.3,-1.2,2.2,12.6,-365,0.00,0.350,0.010,0.00,,,,3,-280,-13,,,,
336.70,ROLLOUT,0.01,1.11,6.45,-0.00,7.3,-0.8,7.5,12.2,-364,0.00,0.350,-0.116,0.00,,,,3,-281,-12,,,,
336.80,ROLLOUT,0.01,1.11,6.03,-0.00,7.3,-0.4,13.0,11.8,-364,0.00,0.350,-0.243,0.00,,,,3,-281,-12,,,,
336.90,ROLLOUT,0.01,1.11,5.62,-0.01,7.3,-0.1,18.5,11.3,-363,0.00,0.350,-0.369,0.00,,,,3,-282,-11,,,,
337.00,ROLLOUT,0.01,1.11,5.26,-0.02,7.3,0.2,24.0,10.8,-363,0.00,0.350,-0.496,0.00,,,,3,-282,-11,,,,
337.10,ROLLOUT,0.01,1.10,4.93,-0.03,7.3,0.2,29.6,10.3,-362,0.00,0.350,-0.622,0.00,,,,3,-283,-10,,,,
337.20,ROLLOUT,0.01,1.10,4.59,-0.02,7.2,0.2,35.1,9.7,-362,0.00,0.350,-0.628,0.00,,,,3,-283,-10,,,,
337.30,ROLLOUT,0.00,1.10,4.26,-0.01,7.2,0.1,40.6,9.2,-362,0.00,0.350,-0.615,0.00,,,,3,-283,-9,,,,
337.40,ROLLOUT,0.00,1.10,3.95,-0.00,7.2,0.0,46.0,8.7,-361,0.00,0.350,-0.603,0.00,,,,3,-284,-9,,,,
337.50,ROLLOUT,0.00,1.10,3.66,-0.01,7.2,0.0,51.2,8.1,-361,0.00,0.350,-0.592,0.00,,,,3,-284,-8,,,,
337.60,ROLLOUT,0.00,1.10,3.38,-0.01,7.2,0.0,56.4,7.6,-361,0.00,0.350,-0.581,0.00,,,,3,-284,-8,,,,
337.70,ROLLOUT,0.00,1.10,3.12,-0.01,7.2,0.1,61.4,7.0,-361,0.00,0.350,-0.571,0.00,,,,3,-284,-7,,,,
337.80,ROLLOUT,-0.00,1.10,2.87,-0.01,7.2,0.2,66.3,6.5,-361,0.00,0.350,-0.561,0.00,,,,3,-284,-7,,,,
337.90,ROLLOUT,-0.00,1.09,2.64,-0.01,7.2,0.3,71.0,6.0,-361,0.00,0.350,-0.552,0.00,,,,3,-284,-6,,,,
338.00,ROLLOUT,-0.00,1.09,2.42,-0.01,7.1,0.5,75.5,5.5,-361,0.00,0.350,-0.544,0.00,,,,3,-284,-6,,,,
338.10,ROLLOUT,-0.00,1.09,2.22,-0.01,7.1,0.6,79.9,5.1,-361,0.00,0.350,-0.536,0.00,,,,3,-284,-5,,,,
338.20,ROLLOUT,-0.00,1.09,2.04,-0.01,7.1,0.7,83.9,4.6,-361,0.00,0.350,-0.529,0.00,,,,3,-284,-5,,,,
338.30,ROLLOUT,-0.00,1.09,1.87,-0.00,7.1,0.8,87.8,4.2,-361,0.00,0.350,-0.522,0.00,,,,3,-284,-4,,,,
338.40,ROLLOUT,-0.00,1.09,1.72,-0.00,7.1,0.8,91.4,3.8,-361,0.00,0.350,-0.516,0.00,,,,3,-284,-4,,,,
338.50,ROLLOUT,-0.00,1.09,1.57,-0.00,7.1,0.7,94.7,3.4,-361,0.00,0.350,-0.511,0.00,,,,3,-284,-3,,,,
338.60,ROLLOUT,-0.00,1.09,1.45,-0.00,7.1,0.7,97.7,3.0,-361,0.00,0.350,-0.506,0.00,,,,3,-284,-3,,,,
338.70,ROLLOUT,-0.00,1.09,1.33,-0.00,7.1,0.6,100.4,2.7,-361,0.00,0.350,-0.502,0.00,,,,3,-284,-3,,,,
338.80,ROLLOUT,-0.00,1.09,1.24,-0.00,7.1,0.6,102.9,2.4,-361,0.00,0.350,-0.498,0.00,,,,3,-284,-2,,,,
338.90,ROLLOUT,-0.00,1.09,1.16,0.00,7.1,0.5,105.0,2.1,-361,0.00,0.350,-0.495,0.00,,,,3,-284,-2,,,,
339.00,ROLLOUT,-0.00,1.09,1.10,0.00,7.1,0.4,106.7,1.8,-361,0.00,0.350,-0.493,0.00,,,,3,-284,-2,,,,
339.10,ROLLOUT,-0.00,1.09,1.06,0.00,7.1,0.4,108.2,1.5,-361,0.00,0.350,-0.491,0.00,,,,3,-284,-2,,,,
339.20,ROLLOUT,-0.00,1.09,1.02,0.00,7.1,0.4,109.2,1.3,-362,0.00,0.350,-0.490,0.00,,,,3,-283,-1,,,,
339.30,ROLLOUT,-0.00,1.09,1.00,0.00,7.1,0.3,109.9,1.0,-362,0.00,0.350,-0.489,0.00,,,,3,-283,-1,,,,
339.40,ROLLOUT,-0.00,1.09,0.98,0.00,7.1,0.3,110.3,0.8,-362,0.00,0.350,-0.488,0.00,,,,3,-283,-1,,,,
339.50,ROLLOUT,-0.00,1.09,0.95,0.00,7.2,0.3,110.2,0.6,-362,0.00,0.350,-0.487,0.00,,,,3,-283,-1,,,,
339.60,ROLLOUT,-0.00,1.09,0.92,0.00,7.2,0.3,110.1,0.4,-362,0.00,0.350,-0.486,0.00,,,,3,-283,-0,,,,
339.70,ROLLOUT,-0.00,1.09,0.89,0.00,7.2,0.1,109.9,0.2,-362,0.00,0.350,-0.484,0.00,,,,3,-283,-0,,,,
339.80,ROLLOUT,-0.00,1.09,0.88,0.00,7.2,-0.1,109.9,-0.0,-362,0.00,0.350,-0.484,0.00,,,,3,-283,0,,,,
339.90,ROLLOUT,-0.00,1.09,0.89,-0.00,7.2,-0.3,110.0,-0.2,-362,0.00,0.350,-0.484,0.00,,,,3,-283,0,,,,
340.00,ROLLOUT,-0.00,1.09,0.90,-0.00,7.2,-0.5,110.1,-0.4,-362,0.00,0.350,-0.485,0.00,,,,3,-283,0,,,,
340.10,ROLLOUT,-0.00,1.09,0.91,0.00,7.2,-0.5,110.1,-0.5,-362,0.00,0.350,-0.485,0.00,,,,3,-283,1,,,,
340.20,ROLLOUT,-0.00,1.09,0.92,0.00,7.2,-0.5,110.0,-0.7,-362,0.00,0.350,-0.486,0.00,,,,3,-283,1,,,,
340.30,ROLLOUT,-0.00,1.09,0.93,0.00,7.2,-0.4,109.9,-0.9,-362,0.00,0.350,-0.486,0.00,,,,3,-283,1,,,,
340.40,ROLLOUT,-0.00,1.09,0.95,0.00,7.2,-0.3,109.9,-1.0,-362,0.00,0.350,-0.487,0.00,,,,3,-283,1,,,,
340.50,ROLLOUT,-0.00,1.09,0.98,-0.00,7.2,-0.1,109.9,-1.2,-362,0.00,0.350,-0.488,0.00,,,,3,-283,1,,,,
340.60,ROLLOUT,-0.00,1.09,1.02,-0.00,7.2,0.0,110.0,-1.3,-363,0.00,0.350,-0.489,0.00,,,,3,-282,1,,,,
340.70,ROLLOUT,-0.00,1.09,1.05,0.00,7.2,0.2,110.0,-1.5,-363,0.00,0.350,-0.491,0.00,,,,3,-282,1,,,,
340.80,ROLLOUT,-0.00,1.09,1.09,0.00,7.2,0.3,110.0,-1.6,-363,0.00,0.350,-0.492,0.00,,,,3,-282,2,,,,
340.90,ROLLOUT,-0.00,1.09,1.12,0.00,7.2,0.3,109.9,-1.7,-363,0.00,0.350,-0.493,0.00,,,,3,-282,2,,,,
341.00,ROLLOUT,-0.00,1.09,1.15,0.00,7.2,0.3,109.9,-1.9,-363,0.00,0.350,-0.495,0.00,,,,3,-282,2,,,,
341.10,ROLLOUT,-0.00,1.09,1.19,-0.00,7.2,0.2,109.9,-2.0,-363,0.00,0.350,-0.496,0.00,,,,3,-282,2,,,,
341.20,ROLLOUT,-0.00,1.09,1.23,-0.00,7.2,0.1,109.9,-2.1,-363,0.00,0.350,-0.498,0.00,,,,3,-282,2,,,,
341.30,ROLLOUT,-0.00,1.09,1.27,-0.00,7.2,-0.1,110.0,-2.2,-363,0.00,0.350,-0.499,0.00,,,,3,-282,2,,,,
341.40,ROLLOUT,-0.00,1.09,1.31,0.00,7.2,-0.2,109.9,-2.3,-363,0.00,0.350,-0.501,0.00,,,,3,-282,2,,,,
341.50,ROLLOUT,-0.00,1.09,1.35,0.00,7.2,-0.2,109.9,-2.4,-363,0.00,0.350,-0.502,0.00,,,,3,-282,2,,,,
341.60,ROLLOUT,-0.00,1.09,1.39,0.00,7.2,-0.3,109.8,-2.5,-363,0.00,0.350,-0.504,0.00,,,,3,-282,3,,,,
341.70,ROLLOUT,-0.00,1.09,1.43,-0.00,7.2,-0.2,109.8,-2.6,-363,0.00,0.350,-0.505,0.00,,,,3,-282,3,,,,
341.80,ROLLOUT,-0.00,1.09,1.47,-0.00,7.2,-0.2,109.9,-2.7,-363,0.00,0.350,-0.507,0.00,,,,3,-282,3,,,,
341.90,ROLLOUT,-0.00,1.09,1.51,-0.00,7.2,-0.1,109.9,-2.8,-363,0.00,0.350,-0.509,0.00,,,,3,-282,3,,,,
342.00,ROLLOUT,-0.00,1.09,1.56,0.00,7.2,-0.0,109.9,-2.9,-363,0.00,0.350,-0.510,0.00,,,,3,-282,3,,,,
342.10,ROLLOUT,-0.00,1.09,1.60,0.00,7.2,0.1,109.8,-3.0,-363,0.00,0.350,-0.512,0.00,,,,3,-282,3,,,,
342.20,ROLLOUT,-0.00,1.09,1.65,0.00,7.2,0.2,109.8,-3.1,-363,0.00,0.350,-0.514,0.00,,,,3,-282,3,,,,
342.30,ROLLOUT,-0.00,1.09,1.69,-0.00,7.2,0.2,109.8,-3.1,-363,0.00,0.350,-0.516,0.00,,,,3,-282,3,,,,
342.40,ROLLOUT,-0.00,1.09,1.74,-0.00,7.2,0.2,109.8,-3.2,-363,0.00,0.350,-0.517,0.00,,,,3,-282,3,,,,
342.50,ROLLOUT,-0.00,1.09,1.79,-0.00,7.2,0.2,109.8,-3.2,-363,0.00,0.350,-0.519,0.00,,,,3,-282,3,,,,
342.60,ROLLOUT,-0.00,1.09,1.83,-0.00,7.2,0.1,109.8,-3.3,-363,0.00,0.350,-0.521,0.00,,,,3,-282,3,,,,
342.70,ROLLOUT,-0.00,1.09,1.88,0.00,7.2,0.0,109.8,-3.4,-363,0.00,0.350,-0.523,0.00,,,,3,-282,3,,,,
342.80,ROLLOUT,-0.00,1.09,1.93,0.00,7.2,-0.0,109.7,-3.4,-363,0.00,0.350,-0.525,0.00,,,,3,-282,3,,,,
342.90,ROLLOUT,-0.00,1.09,1.97,-0.00,7.2,-0.1,109.7,-3.4,-363,0.00,0.350,-0.526,0.00,,,,3,-282,3,,,,
