T_ms,x_ms,t_drawn,t_newest,step,cgx,cgy,cgz,newx,newy,newz,vx,vy,vz,wheels,alpha,ds_mm,ahead_mm,err_mm,vstep_mm
16.666667,2.429079,12.004167,12.016667,721,-114.777867,1.051597,0,-115.014405,1.051646,0,-18.933539,0.004629,0,3,0.25,0,0,0,0
483.333333,1.977384,12.020833,12.033333,722,-115.09334,1.051668,0,-115.330143,1.051735,0,-18.954749,0.006013,0,3,0.25,315.472871,-236.803728,0.094943,315.912499
1016.666667,2.163804,12.0375,12.05,723,-115.409166,1.051763,0,-115.646235,1.051846,0,-18.975913,0.007275,0,3,0.25,315.826579,-237.068554,0.095079,316.265236
1466.666667,1.707699,12.054167,12.066667,724,-115.725346,1.051879,0,-115.962678,1.051977,0,-18.997037,0.008362,0,3,0.25,316.179503,-237.332846,0.095216,316.617314
2033.333333,1.500191,12.070833,12.083333,725,-116.041877,1.052014,0,-116.279474,1.052124,0,-19.018126,0.009225,0,3,0.25,316.531738,-237.596676,0.095353,316.968807
2583.333333,2.022634,12.0875,12.1,726,-116.358761,1.052164,0,-116.596621,1.052283,0,-19.039181,0.009851,0,3,0.25,316.883368,-237.860076,0.095489,317.319729
3100,2.732737,12.104167,12.116667,727,-116.675995,1.052325,0,-116.914118,1.052451,0,-19.060203,0.01025,0,3,0.25,317.234427,-238.123054,0.095626,317.6701
3666.666667,1.801431,12.120833,12.133333,728,-116.99358,1.052494,0,-117.231966,1.052624,0,-19.081196,0.010428,0,3,0.25,317.584934,-238.38564,0.095763,318.019978
3700,2.979386,12.154167,12.166667,730,-117.629799,1.05284,0,-117.868709,1.052968,0,-19.123105,0.010107,0,3,0.25,636.219419,-238.90981,0.096036,318.718454
4166.666667,2.107558,12.170833,12.183333,731,-117.948433,1.05301,0,-118.187605,1.053133,0,-19.144023,0.009652,0,3,0.25,318.633623,-239.171439,0.096173,319.067098
4733.333333,1.722833,12.1875,12.2,732,-118.267415,1.053172,0,-118.506848,1.053289,0,-19.16492,0.00905,0,3,0.25,318.982368,-239.432786,0.096309,319.415375
4766.666667,1.600477,12.220833,12.233333,734,-118.906425,1.053467,0,-119.14638,1.053566,0,-19.206649,0.007512,0,3,0.25,639.009494,-239.954669,0.096583,320.110844
4783.333333,2.2601,12.2375,12.25,735,-119.226451,1.053595,0,-119.466667,1.053683,0,-19.227479,0.006642,0,3,0.25,320.026398,-240.215186,0.09672,320.458001
5300,2.453842,12.254167,12.266667,736,-119.546825,1.053709,0,-119.7873,1.053786,0,-19.248285,0.005759,0,3,0.25,320.373656,-240.47541,0.096856,320.804768
5750,2.397749,12.270833,12.283333,737,-119.867546,1.053808,0,-120.108281,1.053875,0,-19.269068,0.004895,0,3,0.25,320.720524,-240.735342,0.096993,321.151148
6183.333333,2.165695,12.2875,12.3,738,-120.188613,1.053893,0,-120.429608,1.053949,0,-19.289827,0.004074,0,3,0.25,321.067001,-240.994978,0.09713,321.497126
6616.666667,2.4803,12.304167,12.316667,739,-120.510026,1.053965,0,-120.75128,1.054011,0,-19.31056,0.003325,0,3,0.25,321.413079,-241.254302,0.097267,321.842674
7100,2.568258,12.320833,12.333333,740,-120.831784,1.054023,0,-121.073298,1.05406,0,-19.331266,0.002671,0,3,0.25,321.758733,-241.513293,0.097404,322.187769
7633.333333,2.707545,12.3375,12.35,741,-121.153888,1.05407,0,-121.39566,1.0541,0,-19.351944,0.00213,0,3,0.25,322.103939,-241.771938,0.09754,322.532396
8216.666667,1.816701,12.354167,12.366667,742,-121.476337,1.054108,0,-121.718367,1.054132,0,-19.372592,0.001713,0,3,0.25,322.44868,-242.030226,0.097677,322.876539
8783.333333,1.13953,12.370833,12.383333,743,-121.79913,1.054138,0,-122.041418,1.054157,0,-19.393211,0.00143,0,3,0.25,322.792939,-242.288142,0.097814,323.220177
9350,1.117746,12.3875,12.4,744,-122.122267,1.054163,0,-122.364812,1.05418,0,-19.413798,0.001283,0,3,0.25,323.136699,-242.545673,0.097951,323.563295
9900,2.430025,12.404167,12.416667,745,-122.445747,1.054185,0,-122.688549,1.054201,0,-19.434353,0.001269,0,3,0.25,323.479943,-242.802812,0.098088,323.905889
9966.666667,1.251265,12.470833,12.483333,749,-123.743088,1.054285,0,-123.986916,1.054312,0,-19.516254,0.002336,0,3,0.25,1297.34166,-243.827363,0.098635,325.270895
10400,2.548717,12.4875,12.5,750,-124.068276,1.054322,0,-124.312359,1.054355,0,-19.536647,0.002815,0,3,0.25,325.18819,-244.082479,0.098771,325.610783
10950,2.326842,12.504167,12.516667,751,-124.393805,1.054367,0,-124.638142,1.054406,0,-19.557008,0.00334,0,3,0.25,325.528209,-244.337189,0.098908,325.950133
11516.666667,2.476118,12.520833,12.533333,752,-124.719672,1.054421,0,-124.964264,1.054466,0,-19.577337,0.003893,0,3,0.25,325.867688,-244.591497,0.099045,326.288951
12066.666667,2.032703,12.5375,12.55,753,-125.045879,1.054484,0,-125.290724,1.054537,0,-19.597615,0.004851,0,3,0.25,326.206616,-244.845357,0.099182,326.626924
12083.333333,1.873632,12.554167,12.566667,754,-125.372424,1.054561,0,-125.617522,1.05463,0,-19.617838,0.006294,0,3,0.25,326.544827,-245.098409,0.099318,326.963989
12600,2.179265,12.570833,12.583333,755,-125.699306,1.054659,0,-125.944657,1.054746,0,-19.638038,0.007559,0,3,0.25,326.882094,-245.351056,0.099455,327.300651
13083.333333,2.773226,12.5875,12.6,756,-126.026525,1.05478,0,-126.272128,1.054882,0,-19.658207,0.008659,0,3,0.25,327.218843,-245.603361,0.099592,327.63681
13616.666667,1.868316,12.604167,12.616667,757,-126.35408,1.05492,0,-126.599935,1.055034,0,-19.678346,0.009613,0,3,0.25,327.555121,-245.85528,0.099729,327.97247
14150,1.550609,12.620833,12.633333,758,-126.681971,1.055076,0,-126.928078,1.055201,0,-19.698468,0.010309,0,3,0.25,327.890911,-246.106892,0.099865,328.307843
14716.666667,2.54524,12.6375,12.65,759,-127.010197,1.055244,0,-127.256555,1.055375,0,-19.71859,0.010511,0,3,0.25,328.226362,-246.358408,0.100002,328.643222
15250,2.537338,12.654167,12.666667,760,-127.338759,1.055418,0,-127.585369,1.055548,0,-19.738718,0.010217,0,3,0.25,328.561733,-246.609976,0.100139,328.97868
15766.666667,2.187677,12.670833,12.683333,761,-127.667656,1.055589,0,-127.914518,1.055713,0,-19.758845,0.00957,0,3,0.25,328.897168,-246.861574,0.100275,329.31412
16250,2.75986,12.6875,12.7,762,-127.996889,1.055751,0,-128.244002,1.055866,0,-19.778963,0.008763,0,3,0.25,329.23261,-247.113109,0.100412,329.649413
16700,1.069631,12.704167,12.716667,763,-128.326457,1.055901,0,-128.573821,1.056005,0,-19.799065,0.007914,0,3,0.25,329.56794,-247.364491,0.100549,329.984448
17250,2.011553,12.720833,12.733333,764,-128.65636,1.056036,0,-128.903975,1.05613,0,-19.819144,0.007122,0,3,0.25,329.903034,-247.61563,0.100686,330.319086
17766.666667,2.979472,12.7375,12.75,765,-128.986597,1.056158,0,-129.234464,1.056243,0,-19.83919,0.006504,0,3,0.25,330.237767,-247.866413,0.100822,330.653186
18300,2.053817,12.754167,12.766667,766,-129.317169,1.056269,0,-129.565286,1.056347,0,-19.859203,0.006076,0,3,0.25,330.572004,-248.116774,0.100959,330.986725
18850,2.804574,12.770833,12.783333,767,-129.648075,1.056372,0,-129.896442,1.056446,0,-19.879183,0.005811,0,3,0.25,330.905683,-248.366727,0.101096,331.319735
19416.666667,1.06385,12.7875,12.8,768,-129.979314,1.05647,0,-130.22793,1.056542,0,-19.899134,0.005677,0,3,0.25,331.238824,-248.616292,0.101233,331.652242
19433.333333,2.358309,12.804167,12.816667,769,-130.310885,1.056565,0,-130.559751,1.056635,0,-19.919056,0.005594,0,3,0.25,331.571457,-248.865495,0.10137,331.984286
19450,2.247953,12.820833,12.833333,770,-130.642789,1.056659,0,-130.891903,1.056728,0,-19.938952,0.005531,0,3,0.25,331.903613,-249.114355,0.101506,332.315872
20016.666667,1.80666,12.8375,12.85,771,-130.975024,1.056751,0,-131.224387,1.05682,0,-19.95882,0.005503,0,3,0.25,332.235313,-249.362873,0.101643,332.647016
20483.333333,1.700336,12.854167,12.866667,772,-131.307591,1.056843,0,-131.557202,1.056911,0,-19.978667,0.005454,0,3,0.25,332.566569,-249.611088,0.10178,332.977791
20916.666667,1.757507,12.870833,12.883333,773,-131.640488,1.056934,0,-131.890347,1.057001,0,-19.998494,0.005343,0,3,0.25,332.897436,-249.859044,0.101917,333.308238
21450,2.804968,12.8875,12.9,774,-131.973716,1.057023,0,-132.223823,1.057089,0,-20.018299,0.005201,0,3,0.25,333.22796,-250.106747,0.102054,333.638331
21916.666667,1.689219,12.904167,12.916667,775,-132.307274,1.05711,0,-132.557628,1.057174,0,-20.038081,0.005078,0,3,0.25,333.558137,-250.354167,0.10219,333.968024
22433.333333,1.394466,12.920833,12.933333,776,-132.641162,1.057195,0,-132.891764,1.057258,0,-20.057838,0.004991,0,3,0.25,333.887927,-250.60128,0.102327,334.297303
22866.666667,1.622164,12.9375,12.95,777,-132.97538,1.057279,0,-133.226228,1.057341,0,-20.07757,0.004941,0,3,0.25,334.217308,-250.848083,0.102464,334.626171
23416.666667,1.164272,12.954167,12.966667,778,-133.309926,1.057361,0,-133.56102,1.057423,0,-20.097276,0.004945,0,3,0.25,334.546274,-251.094572,0.1026,334.954606
23950,1.65924,12.970833,12.983333,779,-133.644801,1.057444,0,-133.896141,1.057506,0,-20.116954,0.005009,0,3,0.25,334.874813,-251.340723,0.102737,335.282578
24400,1.532684,12.9875,13,780,-133.980004,1.057527,0,-134.23159,1.05759,0,-20.136603,0.005145,0,3,0.25,335.202896,-251.586518,0.102874,335.610065
24850,1.53447,13.004167,13.016667,781,-134.315534,1.057612,0,-134.567366,1.057678,0,-20.156224,0.005348,0,3,0.25,335.530501,-251.831949,0.103011,335.937074
25433.333333,1.20664,13.020833,13.033333,782,-134.651392,1.0577,0,-134.903469,1.057769,0,-20.175818,0.005576,0,3,0.25,335.857628,-252.077035,0.103147,336.263641
26000,2.758032,13.0375,13.05,783,-134.987576,1.057792,0,-135.239898,1.057863,0,-20.195387,0.005793,0,3,0.25,336.184302,-252.3218,0.103284,336.589793
26583.333333,1.961232,13.054167,13.066667,784,-135.324087,1.057888,0,-135.576653,1.057962,0,-20.214931,0.005993,0,3,0.25,336.510553,-252.566257,0.103421,336.915533
26650,1.722144,13.120833,13.133333,788,-136.673383,1.058301,0,-136.926924,1.058383,0,-20.29287,0.00654,0,3,0.25,1349.296552,-253.541066,0.103968,338.214512
27183.333333,2.245596,13.1375,13.15,789,-137.011519,1.05841,0,-137.265303,1.058492,0,-20.312298,0.006581,0,3,0.25,338.135751,-253.784055,0.104105,338.538315
27750,1.446889,13.154167,13.166667,790,-137.349978,1.058519,0,-137.604005,1.058602,0,-20.331703,0.006593,0,3,0.25,338.459642,-254.026761,0.104241,338.86173
28216.666667,2.176315,13.170833,13.183333,791,-137.688762,1.058629,0,-137.943031,1.058712,0,-20.351083,0.006598,0,3,0.25,338.78315,-254.269168,0.104378,339.184737
28766.666667,2.121712,13.1875,13.2,792,-138.027868,1.058739,0,-138.282379,1.058821,0,-20.370439,0.006593,0,3,0.25,339.106257,-254.511268,0.104515,339.50734
29283.333333,2.460099,13.204167,13.216667,793,-138.367297,1.058849,0,-138.62205,1.058931,0,-20.389772,0.006572,0,3,0.25,339.428959,-254.753072,0.104652,339.829554
29866.666667,1.632169,13.220833,13.233333,794,-138.707048,1.058958,0,-138.962043,1.05904,0,-20.409081,0.006537,0,3,0.25,339.751267,-254.994583,0.104788,340.151373
30366.666667,1.431014,13.2375,13.25,795,-139.047121,1.059067,0,-139.302357,1.059149,0,-20.428366,0.006495,0,3,0.25,340.073181,-255.235793,0.104925,340.472785
30916.666667,2.267384,13.254167,13.266667,796,-139.387516,1.059176,0,-139.642993,1.059257,0,-20.447626,0.006452,0,3,0.25,340.394692,-255.476696,0.105062,340.793785
31400,2.113317,13.270833,13.283333,797,-139.728232,1.059283,0,-139.983949,1.059364,0,-20.466862,0.006406,0,3,0.25,340.715793,-255.717291,0.105199,341.114378
31933.333333,1.46909,13.2875,13.3,798,-140.069268,1.05939,0,-140.325226,1.05947,0,-20.486073,0.006349,0,3,0.25,341.036485,-255.957584,0.105335,341.434574
32483.333333,1.085155,13.304167,13.316667,799,-140.410625,1.059496,0,-140.666823,1.059575,0,-20.505262,0.006279,0,3,0.25,341.356778,-256.197582,0.105472,341.754377
32533.333333,1.902117,13.354167,13.366667,802,-141.436613,1.059807,0,-141.693529,1.059883,0,-20.56268,0.006059,0,3,0.25,1025.988126,-256.915769,0.105882,342.711355
33100,1.0041,13.370833,13.383333,803,-141.779247,1.059908,0,-142.036402,1.059984,0,-20.581771,0.005993,0,3,0.25,342.633952,-257.15455,0.106019,343.029528
33566.666667,1.619659,13.3875,13.4,804,-142.122199,1.060008,0,-142.379592,1.060083,0,-20.600837,0.005929,0,3,0.25,342.952225,-257.393026,0.106156,343.347296
34083.333333,1.896678,13.404167,13.416667,805,-142.465469,1.060107,0,-142.723101,1.060181,0,-20.619878,0.005875,0,3,0.25,343.270091,-257.631195,0.106293,343.66465
34550,1.266918,13.420833,13.433333,806,-142.809057,1.060206,0,-143.066926,1.060279,0,-20.638894,0.005833,0,3,0.25,343.587545,-257.869051,0.106429,343.981583
35066.666667,1.391353,13.4375,13.45,807,-143.152962,1.060303,0,-143.411068,1.060376,0,-20.657885,0.005807,0,3,0.25,343.90458,-258.106588,0.106566,344.298089
35133.333333,2.778905,13.504167,13.516667,811,-144.531742,1.060689,0,-144.790795,1.060762,0,-20.733594,0.005798,0,3,0.25,1378.780211,-259.053582,0.107113,345.55992
35183.333333,2.698598,13.554167,13.566667,814,-145.569135,1.06098,0,-145.828896,1.061053,0,-20.790111,0.005865,0,3,0.25,1037.393383,-259.760511,0.107523,346.501871
35666.666667,2.873941,13.570833,13.583333,815,-145.915561,1.061077,0,-146.175556,1.061151,0,-20.808901,0.005888,0,3,0.25,346.425687,-259.995529,0.10766,346.815025
36133.333333,2.987054,13.5875,13.6,816,-146.2623,1.061175,0,-146.52253,1.061249,0,-20.827665,0.00591,0,3,0.25,346.738941,-260.230236,0.107797,347.127762
36200,2.975808,13.654167,13.666667,820,-147.65238,1.061571,0,-147.913546,1.061646,0,-20.90247,0.006007,0,3,0.25,1390.079941,-261.16592,0.108344,348.37452
36750,1.200296,13.670833,13.683333,821,-148.000679,1.061671,0,-148.262078,1.061746,0,-20.921109,0.006023,0,3,0.25,348.298941,-261.399064,0.108481,348.685173
37283.333333,1.636436,13.6875,13.7,822,-148.349288,1.061772,0,-148.61092,1.061847,0,-20.939723,0.006038,0,3,0.25,348.609695,-261.631894,0.108617,348.995406
37783.333333,1.113088,13.704167,13.716667,823,-148.698208,1.061872,0,-148.960073,1.061948,0,-20.958312,0.006051,0,3,0.25,348.92003,-261.864409,0.108754,349.305221
37833.333333,1.651168,13.754167,13.766667,826,-149.746826,1.062175,0,-150.009386,1.06225,0,-21.01393,0.00606,0,3,0.25,1048.617929,-262.560089,0.109164,350.232183
38316.666667,2.130525,13.770833,13.783333,827,-150.096984,1.062276,0,-150.359775,1.062351,0,-21.03242,0.006055,0,3,0.25,350.15721,-262.791362,0.109301,350.540341
38866.666667,2.472265,13.7875,13.8,828,-150.447449,1.062377,0,-150.710471,1.062452,0,-21.050884,0.006048,0,3,0.25,350.465469,-263.022321,0.109438,350.848079
38883.333333,1.10827,13.804167,13.816667,829,-150.798222,1.062477,0,-151.061475,1.062553,0,-21.069323,0.006038,0,3,0.25,350.773309,-263.252966,0.109575,351.155401
39400,2.973159,13.820833,13.833333,830,-151.149303,1.062578,0,-151.412786,1.062653,0,-21.087738,0.006024,0,3,0.25,351.080732,-263.4833,0.109711,351.462309
39966.666667,1.845483,13.8375,13.85,831,-151.500691,1.062678,0,-151.764404,1.062753,0,-21.106127,0.006007,0,3,0.25,351.387741,-263.713323,0.109848,351.768802
40483.333333,2.879148,13.854167,13.866667,832,-151.852385,1.062778,0,-152.116328,1.062853,0,-21.124492,0.00599,0,3,0.25,351.694335,-263.943034,0.109985,352.074877
41050,1.595319,13.870833,13.883333,833,-152.204386,1.062878,0,-152.468558,1.062953,0,-21.142831,0.005973,0,3,0.25,352.000511,-264.17243,0.110122,352.380529
41583.333333,1.981459,13.8875,13.9,834,-152.556692,1.062978,0,-152.821093,1.063052,0,-21.161145,0.005957,0,3,0.25,352.306266,-264.401509,0.110258,352.685762
41633.333333,2.714378,13.9375,13.95,837,-153.615441,1.063275,0,-153.880528,1.063349,0,-21.215936,0.005907,0,3,0.25,1058.74913,-265.086863,0.110669,353.598946
41700,1.645401,14.004167,14.016667,841,-155.031362,1.063667,0,-155.297358,1.063741,0,-21.288636,0.005862,0,3,0.25,1415.92059,-265.996238,0.111216,354.810613
42166.666667,2.043378,14.020833,14.033333,842,-155.386099,1.063765,0,-155.652322,1.063838,0,-21.306748,0.005854,0,3,0.25,354.737168,-266.222791,0.111352,355.112475
42183.333333,2.278508,14.0375,14.05,843,-155.741138,1.063863,0,-156.007587,1.063936,0,-21.324834,0.005848,0,3,0.25,355.039132,-266.449025,0.111489,355.413911
42616.666667,2.876552,14.054167,14.066667,844,-156.096479,1.06396,0,-156.363154,1.064033,0,-21.342894,0.005844,0,3,0.25,355.340672,-266.67494,0.111626,355.714922
43133.333333,2.160525,14.070833,14.083333,845,-156.45212,1.064057,0,-156.719021,1.06413,0,-21.36093,0.005842,0,3,0.25,355.641786,-266.900537,0.111763,356.015508
43683.333333,1.472722,14.0875,14.1,846,-156.808063,1.064155,0,-157.075189,1.064228,0,-21.378939,0.00584,0,3,0.25,355.942475,-267.125816,0.111899,356.315672
44250,2.646009,14.104167,14.116667,847,-157.164306,1.064252,0,-157.431656,1.064325,0,-21.396924,0.005838,0,3,0.25,356.242742,-267.350777,0.112036,356.615411
44750,2.908771,14.120833,14.133333,848,-157.520848,1.064349,0,-157.788424,1.064422,0,-21.414883,0.005838,0,3,0.25,356.542584,-267.57542,0.112173,356.914725
45216.666667,2.456911,14.1375,14.15,849,-157.87769,1.064447,0,-158.14549,1.064519,0,-21.432816,0.005839,0,3,0.25,356.842001,-267.799743,0.11231,357.213612
45233.333333,2.266509,14.154167,14.166667,850,-158.234831,1.064544,0,-158.502855,1.064617,0,-21.450724,0.005841,0,3,0.25,357.140992,-268.023747,0.112446,357.512074
45716.666667,1.51315,14.170833,14.183333,851,-158.592271,1.064641,0,-158.860518,1.064714,0,-21.468606,0.005842,0,3,0.25,357.439558,-268.247432,0.112583,357.810112
46250,2.608839,14.1875,14.2,852,-158.950008,1.064738,0,-159.218479,1.064811,0,-21.486463,0.005842,0,3,0.25,357.737698,-268.470799,0.11272,358.107726
46716.666667,1.207174,14.204167,14.216667,853,-159.308044,1.064836,0,-159.576738,1.064909,0,-21.504294,0.005842,0,3,0.25,358.035415,-268.693847,0.112857,358.404914
47150,1.962749,14.220833,14.233333,854,-159.666377,1.064933,0,-159.935293,1.065006,0,-21.5221,0.005843,0,3,0.25,358.332706,-268.916576,0.112993,358.701675
47650,2.863425,14.2375,14.25,855,-160.025006,1.06503,0,-160.294145,1.065103,0,-21.53988,0.005843,0,3,0.25,358.629571,-269.138984,0.11313,358.998009
47666.666667,1.050623,14.254167,14.266667,856,-160.383932,1.065128,0,-160.653293,1.065201,0,-21.557634,0.005843,0,3,0.25,358.926009,-269.361074,0.113267,359.293919
48166.666667,2.585607,14.270833,14.283333,857,-160.743154,1.065225,0,-161.012737,1.065298,0,-21.575363,0.005841,0,3,0.25,359.222022,-269.582844,0.113404,359.589404
48183.333333,1.546874,14.2875,14.3,858,-161.102672,1.065322,0,-161.372476,1.065395,0,-21.593067,0.005838,0,3,0.25,359.51761,-269.804296,0.11354,359.884462
48216.666667,1.58682,14.320833,14.333333,860,-161.822592,1.065517,0,-162.092838,1.06559,0,-21.628397,0.005831,0,3,0.25,719.920279,-270.246238,0.113814,360.473298
48233.333333,2.051768,14.3375,14.35,861,-162.182994,1.065614,0,-162.453461,1.065687,0,-21.646024,0.005827,0,3,0.25,360.401815,-270.466729,0.11395,360.767076
48666.666667,1.524543,14.354167,14.366667,862,-162.54369,1.065711,0,-162.814376,1.065784,0,-21.663625,0.005822,0,3,0.25,360.695696,-270.686901,0.114087,361.060427
49100,2.24842,14.370833,14.383333,863,-162.904679,1.065808,0,-163.175585,1.065881,0,-21.6812,0.005815,0,3,0.25,360.989151,-270.906752,0.114224,361.353352
49583.333333,1.950224,14.3875,14.4,864,-163.265961,1.065905,0,-163.537087,1.065977,0,-21.69875,0.005809,0,3,0.25,361.28218,-271.126283,0.114361,361.645849
50016.666667,1.503203,14.404167,14.416667,865,-163.627536,1.066002,0,-163.898881,1.066074,0,-21.716274,0.005803,0,3,0.25,361.57478,-271.345492,0.114497,361.937916
50533.333333,2.106959,14.420833,14.433333,866,-163.989403,1.066098,0,-164.260967,1.066171,0,-21.733773,0.005796,0,3,0.25,361.866952,-271.56438,0.114634,362.229556
51050,1.908797,14.4375,14.45,867,-164.351561,1.066195,0,-164.623344,1.066267,0,-21.751245,0.005789,0,3,0.25,362.158696,-271.782948,0.114771,362.520769
51550,1.687299,14.454167,14.466667,868,-164.714011,1.066291,0,-164.986013,1.066364,0,-21.768692,0.005781,0,3,0.25,362.450012,-272.001194,0.114908,362.811553
52033.333333,2.016829,14.470833,14.483333,869,-165.076752,1.066388,0,-165.348971,1.06646,0,-21.786114,0.005773,0,3,0.25,362.7409,-272.219119,0.115044,363.101907
52483.333333,1.910159,14.4875,14.5,870,-165.439784,1.066484,0,-165.71222,1.066556,0,-21.803508,0.005788,0,3,0.25,363.031359,-272.436719,0.115181,363.391814
53050,1.803962,14.504167,14.516667,871,-165.803105,1.06658,0,-166.075759,1.066654,0,-21.820868,0.005982,0,3,0.25,363.321364,-272.653934,0.115318,363.681139
53100,2.372001,14.554167,14.566667,874,-166.894803,1.066898,0,-167.168106,1.06699,0,-21.872721,0.007761,0,3,0.25,1091.698443,-273.302801,0.115728,364.545369
53583.333333,1.57892,14.570833,14.583333,875,-167.259279,1.067024,0,-167.532797,1.067127,0,-21.889927,0.008735,0,3,0.25,364.47551,-273.518126,0.115865,364.83215
54033.333333,1.592834,14.5875,14.6,876,-167.624041,1.067166,0,-167.897774,1.067282,0,-21.907094,0.009897,0,3,0.25,364.762444,-273.732953,0.116002,365.118263
54533.333333,2.656807,14.604167,14.616667,877,-167.98909,1.067326,0,-168.263037,1.067458,0,-21.924219,0.01124,0,3,0.25,365.04871,-273.947272,0.116139,365.403693
55100,1.332968,14.620833,14.633333,878,-168.354424,1.067508,0,-168.628585,1.067658,0,-21.941302,0.012765,0,3,0.25,365.334295,-274.16107,0.116276,365.688425
55550,1.515061,14.6375,14.65,879,-168.720044,1.067715,0,-168.994418,1.067885,0,-21.958342,0.014471,0,3,0.25,365.619183,-274.374337,0.116412,365.972443
56050,2.967137,14.654167,14.666667,880,-169.085947,1.067949,0,-169.360534,1.068142,0,-21.975338,0.016357,0,3,0.25,365.903356,-274.587059,0.116549,366.255732
56616.666667,1.485179,14.670833,14.683333,881,-169.452134,1.068214,0,-169.726933,1.068432,0,-21.992289,0.018421,0,3,0.25,366.1868,-274.799224,0.116686,366.538275
57116.666667,2.65732,14.6875,14.7,882,-169.818603,1.068513,0,-170.093614,1.068757,0,-22.009194,0.020661,0,3,0.25,366.469498,-275.010821,0.116823,366.820058
57666.666667,2.382908,14.704167,14.716667,883,-170.185355,1.068849,0,-170.460576,1.069122,0,-22.026052,0.023077,0,3,0.25,366.751432,-275.221836,0.116959,367.101064
58166.666667,1.896291,14.720833,14.733333,884,-170.552387,1.069223,0,-170.827819,1.069528,0,-22.042862,0.025668,0,3,0.25,367.032588,-275.432257,0.117096,367.381278
58666.666667,1.398223,14.7375,14.75,885,-170.9197,1.069641,0,-171.195342,1.069979,0,-22.059622,0.028434,0,3,0.25,367.312947,-275.64207,0.117233,367.660679
58733.333333,1.513567,14.804167,14.816667,889,-172.391739,1.071794,0,-172.668214,1.072288,0,-22.126148,0.041271,0,3,0.25,1472.038757,-276.474937,0.11778,368.769779
58750,1.855705,14.820833,14.833333,890,-172.760441,1.072468,0,-173.037122,1.073007,0,-22.142644,0.044933,0,3,0.25,368.702095,-276.681475,0.117917,369.044821
59283.333333,2.539903,14.8375,14.85,891,-173.129418,1.073202,0,-173.406306,1.073788,0,-22.159082,0.048783,0,3,0.25,368.977243,-276.887304,0.118054,369.318922
59850,1.911621,14.854167,14.866667,892,-173.49867,1.074,0,-173.775762,1.074635,0,-22.175461,0.052824,0,3,0.25,369.25144,-277.092406,0.11819,369.592058
60283.333333,2.471377,14.870833,14.883333,893,-173.868194,1.074864,0,-174.145491,1.075551,0,-22.191779,0.057059,0,3,0.25,369.524659,-277.296759,0.118327,369.864203
60300,1.589433,14.8875,14.9,894,-174.237991,1.075798,0,-174.515492,1.076539,0,-22.208035,0.061492,0,3,0.25,369.796874,-277.500343,0.118464,370.135329
60850,2.306953,14.904167,14.916667,895,-174.608059,1.076805,0,-174.885762,1.077603,0,-22.224226,0.066128,0,3,0.25,370.068054,-277.703134,0.118601,370.405408
61350,1.596709,14.920833,14.933333,896,-174.978397,1.077889,0,-175.256303,1.078746,0,-22.240351,0.070971,0,3,0.25,370.33817,-277.905109,0.118737,370.67441
61366.666667,2.180403,14.9375,14.95,897,-175.349005,1.079052,0,-175.627111,1.079971,0,-22.256408,0.076026,0,3,0.25,370.60719,-278.106243,0.118874,370.942303
61383.333333,1.634022,14.954167,14.966667,898,-175.71988,1.080299,0,-175.998186,1.081282,0,-22.272395,0.081299,0,3,0.25,370.87508,-278.306511,0.119011,371.209057
61866.666667,2.59657,14.970833,14.983333,899,-176.091022,1.081633,0,-176.369527,1.082684,0,-22.288309,0.086794,0,3,0.25,371.141807,-278.505887,0.119147,371.474637
62300,1.355536,14.9875,15,900,-176.462429,1.083057,0,-176.741133,1.084178,0,-22.304149,0.092519,0,3,0.25,371.407334,-278.704341,0.119284,371.739007
62783.333333,2.519204,15.004167,15.016667,901,-176.8341,1.084576,0,-177.113002,1.08577,0,-22.319911,0.098479,0,3,0.25,371.671623,-278.901845,0.119421,372.002131
62800,1.822043,15.020833,15.033333,902,-177.206035,1.086194,0,-177.485133,1.087464,0,-22.335593,0.104682,0,3,0.25,371.934633,-279.098366,0.119557,372.263969
63250,2.264434,15.0375,15.05,903,-177.578231,1.087914,0,-177.857525,1.089263,0,-22.351193,0.111134,0,3,0.25,372.196324,-279.293873,0.119694,372.524481
63766.666667,1.248633,15.054167,15.066667,904,-177.950688,1.08974,0,-178.230176,1.091172,0,-22.366707,0.117844,0,3,0.25,372.45665,-279.488331,0.119831,372.783624
64250,2.96595,15.070833,15.083333,905,-178.323404,1.091677,0,-178.603085,1.093194,0,-22.382133,0.12482,0,3,0.25,372.715565,-279.681704,0.119968,373.041353
64733.333333,1.085439,15.0875,15.1,906,-178.696377,1.09373,0,-178.976251,1.095336,0,-22.397468,0.13207,0,1,0.25,372.973021,-279.873953,0.120104,373.297621
65166.666667,1.997825,15.104167,15.116667,907,-179.069606,1.095902,0,-179.349671,1.0976,0,-22.412708,0.139603,0,1,0.25,373.228967,-280.065041,0.120241,373.55238
65600,2.664899,15.120833,15.133333,908,-179.443089,1.098198,0,-179.723344,1.099993,0,-22.42785,0.147429,0,1,0.25,373.483348,-280.254923,0.120377,373.805578
66100,1.351584,15.1375,15.15,909,-179.816825,1.100624,0,-180.097269,1.102519,0,-22.442891,0.155557,0,1,0.25,373.736109,-280.443557,0.120514,374.057161
66650,2.525251,15.154167,15.166667,910,-180.190812,1.103184,0,-180.471443,1.105182,0,-22.457826,0.163997,0,1,0.25,373.98719,-280.630897,0.120651,374.307072
67133.333333,2.067461,15.170833,15.183333,911,-180.565049,1.105884,0,-180.845866,1.107989,0,-22.472651,0.17276,0,1,0.25,374.236528,-280.816893,0.120787,374.555252
67633.333333,2.338244,15.1875,15.2,912,-180.939533,1.108728,0,-181.220534,1.110945,0,-22.487363,0.181859,0,1,0.25,374.484058,-281.001495,0.120924,374.801638
68216.666667,1.988294,15.204167,15.216667,913,-181.314263,1.111723,0,-181.595447,1.114057,0,-22.50195,0.191444,0,1,0.25,374.7297,-281.184614,0.121061,375.046067
68783.333333,1.014434,15.220833,15.233333,914,-181.689236,1.114876,0,-181.970602,1.117333,0,-22.516403,0.201608,0,1,0.25,374.973315,-281.366104,0.121197,375.288421
69216.666667,2.000751,15.2375,15.25,915,-182.064451,1.118195,0,-182.345996,1.120783,0,-22.530717,0.212336,0,1,0.25,375.214735,-281.545893,0.121334,375.528629
69800,1.016993,15.254167,15.266667,916,-182.439904,1.121691,0,-182.721628,1.124417,0,-22.544888,0.223599,0,1,0.25,375.453866,-281.723918,0.12147,375.766614
69866.666667,2.803624,15.320833,15.333333,920,-183.944063,1.137615,0,-184.22648,1.140952,0,-22.600072,0.273493,0,1,0.25,1504.158339,-282.41743,0.122017,376.695444
70383.333333,2.597177,15.3375,15.35,921,-184.320676,1.14212,0,-184.603262,1.145624,0,-22.61349,0.28701,0,1,0.25,376.612791,-282.586084,0.122153,376.921854
70816.666667,1.256733,15.354167,15.366667,922,-184.697513,1.146849,0,-184.980265,1.150524,0,-22.626758,0.300848,0,1,0.25,376.837037,-282.752858,0.12229,377.14596
71316.666667,1.471844,15.370833,15.383333,923,-185.074571,1.151808,0,-185.357489,1.155658,0,-22.639875,0.314971,0,1,0.25,377.058774,-282.91775,0.122427,377.367758
71350,2.258871,15.404167,15.416667,925,-185.829344,1.162432,0,-186.112586,1.166641,0,-22.665657,0.343945,0,1,0.25,754.772717,-283.24188,0.1227,377.804438
71866.666667,1.07654,15.420833,15.433333,926,-186.207053,1.168105,0,-186.490454,1.172498,0,-22.678325,0.358719,0,1,0.25,377.708927,-283.401143,0.122837,378.019368
72316.666667,2.224755,15.4375,15.45,927,-186.584974,1.174024,0,-186.868532,1.178603,0,-22.690848,0.373638,0,1,0.25,377.920668,-283.558576,0.122974,378.232074
72833.333333,1.816444,15.454167,15.466667,928,-186.963104,1.180191,0,-187.246818,1.184957,0,-22.703228,0.388676,0,1,0.25,378.129978,-283.714207,0.123111,378.442586
73350,2.961377,15.470833,15.483333,929,-187.341441,1.186608,0,-187.625309,1.191563,0,-22.715466,0.403816,0,1,0.25,378.336892,-283.868055,0.123247,378.65092
73883.333333,1.842472,15.4875,15.5,930,-187.719982,1.193277,0,-188.004002,1.198421,0,-22.727562,0.419039,0,0,0.25,378.541431,-284.020127,0.123384,378.857077
74433.333333,2.829407,15.504167,15.516667,931,-188.098726,1.2002,0,-188.382896,1.205535,0,-22.739516,0.434359,0,0,0.25,378.743602,-284.170425,0.123521,379.061066
74916.666667,1.337668,15.520833,15.533333,932,-188.477669,1.207377,0,-188.761988,1.212904,0,-22.751329,0.449766,0,0,0.25,378.94341,-284.318957,0.123658,379.262906
75483.333333,1.230214,15.5375,15.55,933,-188.85681,1.214811,0,-189.141276,1.220531,0,-22.763003,0.465257,0,0,0.25,379.140868,-284.465735,0.123795,379.462613
75550,1.639936,15.604167,15.616667,937,-190.375301,1.247137,0,-190.660337,1.253638,0,-22.808308,0.527857,0,0,0.25,1518.491528,-285.035473,0.124342,380.24026
76116.666667,2.300803,15.620833,15.633333,938,-190.755395,1.255871,0,-191.040568,1.262569,0,-22.819289,0.543634,0,0,0.25,380.093334,-285.173585,0.124478,380.429401
76700,1.535559,15.6375,15.65,939,-191.135672,1.264867,0,-191.420982,1.271763,0,-22.830133,0.55946,0,0,0.25,380.27691,-285.309976,0.124615,380.616446
76716.666667,1.491072,15.654167,15.666667,940,-191.51613,1.274128,0,-191.801575,1.281222,0,-22.840839,0.575333,0,0,0.25,380.458192,-285.444648,0.124752,380.801395
77250,2.289842,15.670833,15.683333,941,-191.896767,1.283653,0,-192.182345,1.290945,0,-22.851407,0.591251,0,0,0.25,380.637181,-285.577601,0.124889,380.98425
77733.333333,2.592761,15.6875,15.7,942,-192.277581,1.293442,0,-192.56329,1.300934,0,-22.861838,0.607213,0,0,0.25,380.813879,-285.708835,0.125026,381.165011
78200,1.980921,15.704167,15.716667,943,-192.658569,1.303498,0,-192.944408,1.31119,0,-22.872131,0.623219,0,0,0.25,380.988284,-285.838348,0.125162,381.343675
78650,1.127762,15.720833,15.733333,944,-193.03973,1.31382,0,-193.325696,1.321712,0,-22.882286,0.639273,0,0,0.25,381.160393,-285.966135,0.125299,381.520236
79133.333333,1.666194,15.7375,15.75,945,-193.42106,1.32441,0,-193.707152,1.332503,0,-22.892302,0.655379,0,0,0.25,381.330198,-286.092189,0.125436,381.694692
79616.666667,1.027103,15.754167,15.766667,946,-193.802557,1.335268,0,-194.088774,1.343563,0,-22.902179,0.671536,0,0,0.25,381.497693,-286.216509,0.125573,381.867042
79666.666667,1.024955,15.804167,15.816667,949,-194.948032,1.369459,0,-195.234611,1.378363,0,-22.930975,0.720309,0,0,0.25,1145.474892,-286.579034,0.125983,382.371423
80116.666667,1.966927,15.820833,15.833333,950,-195.330177,1.381399,0,-195.616873,1.390506,0,-22.940293,0.736675,0,0,0.25,382.144493,-286.69638,0.12612,382.535312
80650,2.302336,15.8375,15.85,951,-195.712477,1.39361,0,-195.999289,1.402923,0,-22.949471,0.753096,0,0,0.25,382.300369,-286.811968,0.126257,382.697072
81166.666667,2.3043,15.854167,15.866667,952,-196.094931,1.406096,0,-196.381857,1.415614,0,-22.958508,0.769569,0,0,0.25,382.453899,-286.925793,0.126394,382.856698
81233.333333,1.890966,15.920833,15.933333,956,-197.626235,1.458789,0,-197.913598,1.469136,0,-22.993238,0.83599,0,0,0.25,1531.30382,-287.363413,0.126941,383.473835
81683.333333,1.270968,15.9375,15.95,957,-198.009421,1.472655,0,-198.29689,1.483211,0,-23.001565,0.852723,0,0,0.25,383.186206,-287.468378,0.127078,383.622757
82266.666667,2.231777,15.954167,15.966667,958,-198.392747,1.486799,0,-198.680318,1.497565,0,-23.009749,0.869505,0,0,0.25,383.325565,-287.571561,0.127214,383.769529
82816.666667,1.547995,15.970833,15.983333,959,-198.776209,1.501223,0,-199.063882,1.512199,0,-23.017791,0.886334,0,0,0.25,383.462547,-287.67296,0.127351,383.91415
83400,1.5895,15.9875,16,960,-199.159806,1.515927,0,-199.447579,1.527113,0,-23.025689,0.90321,0,0,0.25,383.597151,-287.772573,0.127488,384.056617
83966.666667,1.021237,16.004167,16.016667,961,-199.543536,1.530913,0,-199.831406,1.54231,0,-23.033444,0.920131,0,0,0.25,383.729373,-287.870398,0.127625,384.196928
84433.333333,1.110809,16.020833,16.033333,962,-199.927395,1.54618,0,-200.215361,1.557789,0,-23.041057,0.937096,0,0,0.25,383.859209,-287.966432,0.127761,384.335081
84883.333333,2.205566,16.0375,16.05,963,-200.311382,1.561729,0,-200.599442,1.573551,0,-23.048525,0.954101,0,0,0.25,383.986656,-288.060674,0.127898,384.471075
85350,2.611841,16.054167,16.066667,964,-200.695493,1.577562,0,-200.983647,1.589597,0,-23.055851,0.971146,0,0,0.25,384.111715,-288.153124,0.128035,384.604909
85900,1.127142,16.070833,16.083333,965,-201.079728,1.593679,0,-201.367972,1.605927,0,-23.063032,0.988232,0,0,0.25,384.234384,-288.243779,0.128172,384.736582
86350,2.586341,16.0875,16.1,966,-201.464082,1.610081,0,-201.752415,1.622542,0,-23.07007,1.005356,0,0,0.25,384.354658,-288.332637,0.128309,384.866091
86833.333333,1.213746,16.104167,16.116667,967,-201.848555,1.626767,0,-202.136975,1.639443,0,-23.076964,1.022518,0,0,0.25,384.472536,-288.419696,0.128445,384.993434
87400,2.315746,16.120833,16.133333,968,-202.233143,1.64374,0,-202.521648,1.656631,0,-23.083714,1.039715,0,0,0.25,384.588015,-288.504956,0.128582,385.118612
87416.666667,1.243203,16.1375,16.15,969,-202.617844,1.660999,0,-202.906432,1.674105,0,-23.090319,1.056947,0,0,0.25,384.701095,-288.588417,0.128719,385.241623
87433.333333,2.819737,16.154167,16.166667,970,-203.002656,1.678545,0,-203.291326,1.691867,0,-23.096781,1.074215,0,0,0.25,384.811775,-288.670075,0.128856,385.362467
88016.666667,1.227604,16.170833,16.183333,971,-203.387576,1.696379,0,-203.676326,1.709917,0,-23.103098,1.091518,0,0,0.25,384.920052,-288.749929,0.128993,385.481141
88566.666667,1.18504,16.1875,16.2,972,-203.772602,1.714501,0,-204.06143,1.728255,0,-23.109271,1.108855,0,0,0.25,385.025922,-288.827977,0.129129,385.597643
89083.333333,1.219633,16.204167,16.216667,973,-204.157731,1.732912,0,-204.446635,1.746883,0,-23.115299,1.126224,0,0,0.25,385.129382,-288.904216,0.129266,385.711972
89600,2.430267,16.220833,16.233333,974,-204.542962,1.751612,0,-204.83194,1.7658,0,-23.121182,1.143626,0,0,0.25,385.230432,-288.978647,0.129403,385.824127
89666.666667,1.98418,16.2875,16.3,978,-206.084846,1.829318,0,-206.374104,1.844379,0,-23.143263,1.213561,0,0,0.25,1541.883939,-289.258241,0.12995,386.250981
90233.333333,1.837511,16.304167,16.316667,979,-206.470545,1.849473,0,-206.759869,1.864754,0,-23.14842,1.231124,0,0,0.25,385.69944,-289.323598,0.130087,386.352245
90750,2.958007,16.320833,16.333333,980,-206.856331,1.86992,0,-207.145718,1.885421,0,-23.153431,1.248719,0,0,0.25,385.785976,-289.387134,0.130224,386.451328
91216.666667,2.721463,16.3375,16.35,981,-207.242201,1.890661,0,-207.53165,1.906382,0,-23.158296,1.266345,0,0,0.25,385.870084,-289.448849,0.13036,386.548227
91750,2.515018,16.354167,16.366667,982,-207.628153,1.911696,0,-207.917662,1.927637,0,-23.163016,1.284002,0,0,0.25,385.951762,-289.508739,0.130497,386.64294
92300,1.313358,16.370833,16.383333,983,-208.014184,1.933025,0,-208.303751,1.949187,0,-23.167589,1.301688,0,0,0.25,386.031007,-289.566804,0.130634,386.735468
92750,1.846245,16.3875,16.4,984,-208.400292,1.954648,0,-208.689915,1.971031,0,-23.172016,1.319404,0,0,0.25,386.107818,-289.623043,0.130771,386.825809
93316.666667,1.119313,16.404167,16.416667,985,-208.786474,1.976566,0,-209.076151,1.993171,0,-23.176297,1.337149,0,0,0.25,386.182194,-289.677454,0.130908,386.913963
93883.333333,2.59664,16.420833,16.433333,986,-209.172728,1.99878,0,-209.462458,2.015607,0,-23.180431,1.354923,0,0,0.25,386.254133,-289.730037,0.131044,386.99993
94433.333333,1.71378,16.4375,16.45,987,-209.559052,2.021291,0,-209.848832,2.03834,0,-23.184419,1.372726,0,0,0.25,386.323633,-289.780789,0.131181,387.083707
94900,2.621393,16.454167,16.466667,988,-209.945442,2.044097,0,-210.235272,2.06137,0,-23.188261,1.390555,0,0,0.25,386.390692,-289.82971,0.131318,387.165295
95350,2.907079,16.470833,16.483333,989,-210.331898,2.067201,0,-210.621774,2.084696,0,-23.191956,1.40841,0,0,0.25,386.455311,-289.876801,0.131455,387.244694
95800,1.526571,16.4875,16.5,990,-210.718415,2.090603,0,-211.008337,2.108321,0,-23.195504,1.426291,0,0,0.25,386.517488,-289.922061,0.131591,387.321905
96350,2.547077,16.504167,16.516667,991,-211.104992,2.114302,0,-211.394958,2.132244,0,-23.198906,1.444197,0,0,0.25,386.577224,-289.965489,0.131728,387.396928
96816.666667,2.093452,16.520833,16.533333,992,-211.491627,2.138299,0,-211.781634,2.156466,0,-23.202162,1.46213,0,0,0.25,386.634518,-290.007085,0.131865,387.469761
96883.333333,1.067711,16.5875,16.6,996,-213.038688,2.237297,0,-213.328842,2.256373,0,-23.213636,1.535144,0,0,0.25,1547.060935,-290.154325,0.132412,387.739019
97450,1.434867,16.604167,16.616667,997,-213.425571,2.262809,0,-213.715757,2.282115,0,-23.216122,1.553645,0,0,0.25,386.883099,-290.18632,0.132549,387.80082
97500,1.342951,16.654167,16.666667,1000,-214.586463,2.341193,0,-214.876734,2.361194,0,-23.222719,1.609223,0,0,0.25,1160.89179,-290.271393,0.132959,387.973464
97950,1.909217,16.670833,16.683333,1001,-214.9735,2.367939,0,-215.263796,2.388171,0,-23.224649,1.627688,0,0,0.25,387.036832,-290.296319,0.133096,388.026951
97983.333333,1.060051,16.704167,16.716667,1003,-215.747669,2.422352,0,-216.038011,2.443044,0,-23.228141,1.664327,0,0,0.25,774.169677,-290.341463,0.133369,388.128172
98416.666667,1.334353,16.720833,16.733333,1004,-216.134798,2.450017,0,-216.42516,2.470936,0,-23.229713,1.682446,0,0,0.25,387.128735,-290.361815,0.133506,388.176
98483.333333,1.4447,16.7875,16.8,1008,-217.683561,2.563675,0,-217.973991,2.585482,0,-23.234945,1.753165,0,0,0.25,1548.763404,-290.429735,0.134053,388.349876
98550,2.270818,16.854167,16.866667,1012,-219.232642,2.681977,0,-219.523121,2.704631,0,-23.238708,1.820443,0,0,0.25,1549.080517,-290.478894,0.134601,388.498369
98600,2.045851,16.904167,16.916667,1015,-220.394603,2.77361,0,-220.685108,2.796869,0,-23.24068,1.868479,0,0,0.25,1161.961604,-290.504966,0.135012,388.594475
98650,2.416364,16.954167,16.966667,1018,-221.556655,2.867619,0,-221.847178,2.891457,0,-23.241991,1.91448,0,0,0.25,1162.051789,-290.522686,0.135422,388.678458
99116.666667,2.427102,16.970833,16.983333,1019,-221.94402,2.899466,0,-222.234547,2.923491,0,-23.242289,1.929376,0,0,0.25,387.364962,-290.526827,0.135559,388.703857
99683.333333,1.468333,16.9875,17,1020,-222.33139,2.931561,0,-222.621921,2.955772,0,-23.242518,1.944062,0,0,0.25,387.370199,-290.530114,0.135696,388.727997
100133.333333,1.751409,17.004167,17.016667,1021,-222.718765,2.963903,0,-223.009297,2.988295,0,-23.242693,1.958441,0,0,0.25,387.374327,-290.532638,0.135833,388.750953
100616.666667,1.174559,17.020833,17.033333,1022,-223.106142,2.996485,0,-223.396677,3.021055,0,-23.242817,1.972499,0,0,0.25,387.377469,-290.534494,0.13597,388.772744
101066.666667,1.036913,17.0375,17.05,1023,-223.493522,3.029303,0,-223.784058,3.054046,0,-23.242891,1.986233,0,0,0.25,387.379735,-290.535724,0.136107,388.7934
101116.666667,1.934694,17.0875,17.1,1026,-224.655666,3.129119,0,-224.946202,3.154362,0,-23.242799,2.025853,0,0,0.25,1162.144424,-290.535572,0.136517,388.848658
101683.333333,2.103723,17.104167,17.116667,1027,-225.043047,3.16283,0,-225.333581,3.188235,0,-23.242653,2.038645,0,0,0.25,387.380276,-290.534113,0.136654,388.864798
101700,2.659868,17.120833,17.133333,1028,-225.430425,3.196756,0,-225.720957,3.222319,0,-23.242443,2.051267,0,0,0.25,387.378074,-290.531885,0.136791,388.879754
102266.666667,1.06671,17.1375,17.15,1029,-225.8178,3.230892,0,-226.108328,3.256612,0,-23.242166,2.063747,0,0,0.25,387.374831,-290.528838,0.136928,388.893492
102316.666667,2.572882,17.1875,17.2,1032,-226.979893,3.334547,0,-227.270407,3.360729,0,-23.240888,2.100646,0,0,0.25,1162.093579,-290.514262,0.137338,388.927156
102900,1.939475,17.204167,17.216667,1033,-227.367243,3.369508,0,-227.657751,3.395843,0,-23.240305,2.112834,0,0,0.25,387.350083,-290.507463,0.137475,388.935811
103433.333333,1.982025,17.220833,17.233333,1034,-227.754584,3.404672,0,-228.045084,3.43116,0,-23.239639,2.124989,0,0,0.25,387.34068,-290.499651,0.137612,388.94316
103966.666667,1.457929,17.2375,17.25,1035,-228.141914,3.44004,0,-228.432405,3.466679,0,-23.238889,2.137122,0,0,0.25,387.329917,-290.490797,0.137749,388.949171
104466.666667,2.105911,17.254167,17.266667,1036,-228.529232,3.47561,0,-228.819712,3.5024,0,-23.23805,2.149246,0,0,0.25,387.31775,-290.48086,0.137885,388.953812
104966.666667,2.320948,17.270833,17.283333,1037,-228.916536,3.511381,0,-229.207005,3.538324,0,-23.237122,2.161372,0,0,0.25,387.304129,-290.469808,0.138022,388.957067
105416.666667,1.021426,17.2875,17.3,1038,-229.303825,3.547355,0,-229.594282,3.574449,0,-23.236104,2.173499,0,0,0.25,387.289018,-290.457632,0.138159,388.958943
105883.333333,2.710781,17.304167,17.316667,1039,-229.691097,3.583531,0,-229.981541,3.610777,0,-23.234997,2.185625,0,0,0.25,387.272412,-290.444341,0.138296,388.959447
105950,1.838274,17.370833,17.383333,1043,-231.239991,3.730256,0,-231.530371,3.758107,0,-23.22968,2.234081,0,0,0.25,1548.893924,-290.380066,0.138843,388.947703
106483.333333,2.16916,17.3875,17.4,1044,-231.627158,3.767441,0,-231.917519,3.795444,0,-23.22813,2.246162,0,0,0.25,387.167145,-290.361235,0.138979,388.941326
107050,2.51486,17.404167,17.416667,1045,-232.0143,3.804829,0,-232.304641,3.832982,0,-23.226495,2.258219,0,0,0.25,387.141675,-290.341321,0.139116,388.933591
107083.333333,1.380773,17.4375,17.45,1047,-232.788501,3.880206,0,-233.078799,3.90866,0,-23.222972,2.282239,0,0,0.25,774.201218,-290.298319,0.13939,388.914109
107600,1.210443,17.454167,17.466667,1048,-233.175558,3.918195,0,-233.465833,3.946798,0,-23.221088,2.294188,0,0,0.25,387.056741,-290.275266,0.139526,388.902382
108050,1.105393,17.470833,17.483333,1049,-233.562583,3.956383,0,-233.852835,3.985136,0,-23.219123,2.306088,0,0,0.25,387.025666,-290.2512,0.139663,388.889342
108566.666667,1.228042,17.4875,17.5,1050,-233.949577,3.994769,0,-234.239803,4.023671,0,-23.217078,2.317936,0,0,0.25,386.993244,-290.226131,0.1398,388.874999
109000,2.418191,17.504167,17.516667,1051,-234.336536,4.033354,0,-234.626736,4.062403,0,-23.214955,2.32973,0,0,0.25,386.959489,-290.200074,0.139937,388.859366
109050,1.162866,17.554167,17.566667,1054,-235.497199,4.150283,0,-235.787315,4.179771,0,-23.208126,2.36475,0,0,0.25,1160.662906,-290.116115,0.140347,388.804844
109633.333333,2.288562,17.570833,17.583333,1055,-235.884011,4.189649,0,-236.174097,4.219282,0,-23.205699,2.376294,0,0,0.25,386.811529,-290.086243,0.140484,388.784166
110166.666667,2.644688,17.5875,17.6,1056,-236.270782,4.229207,0,-236.560837,4.258984,0,-23.203199,2.387774,0,0,0.25,386.771391,-290.055445,0.140621,388.762252
110200,1.666075,17.620833,17.633333,1058,-237.044199,4.308897,0,-237.334191,4.338959,0,-23.197979,2.410538,0,0,0.25,773.417442,-289.991089,0.140894,388.714728
110266.666667,2.986351,17.6875,17.7,1062,-238.590499,4.470542,0,-238.88035,4.501165,0,-23.186672,2.455296,0,0,0.25,1546.299455,-289.851519,0.141441,388.605134
110700,2.781894,17.704167,17.716667,1063,-238.976955,4.511419,0,-239.26677,4.54218,0,-23.183667,2.466332,0,0,0.25,386.456317,-289.814393,0.141578,388.574741
111266.666667,2.148462,17.720833,17.733333,1064,-239.363362,4.552479,0,-239.653138,4.583378,0,-23.180591,2.477307,0,0,0.25,386.40652,-289.77638,0.141715,388.54316
111300,1.031054,17.754167,17.766667,1066,-240.136021,4.63515,0,-240.425718,4.666321,0,-23.174228,2.499079,0,0,0.25,772.658933,-289.697713,0.141989,388.476456
111833.333333,2.149954,17.770833,17.783333,1067,-240.522271,4.676757,0,-240.811928,4.708064,0,-23.170942,2.50988,0,0,0.25,386.250068,-289.657065,0.142125,388.441347
112283.333333,1.799204,17.7875,17.8,1068,-240.908466,4.718545,0,-241.198082,4.749986,0,-23.167586,2.520624,0,0,0.25,386.195581,-289.615547,0.142262,388.405073
112733.333333,1.220805,17.804167,17.816667,1069,-241.294606,4.760512,0,-241.584179,4.792087,0,-23.164162,2.531311,0,0,0.25,386.139936,-289.573166,0.142399,388.367641
113233.333333,2.598813,17.820833,17.833333,1070,-241.680689,4.802657,0,-241.970219,4.834366,0,-23.160669,2.54194,0,0,0.25,386.08314,-289.529925,0.142536,388.329057
113750,2.614689,17.8375,17.85,1071,-242.066715,4.84498,0,-242.3562,4.876821,0,-23.157108,2.552513,0,0,0.25,386.025202,-289.485831,0.142672,388.289326
114216.666667,1.3224,17.854167,17.866667,1072,-242.452681,4.887479,0,-242.742122,4.919452,0,-23.153479,2.563029,0,0,0.25,385.966126,-289.440888,0.142809,388.248456
114700,2.318224,17.870833,17.883333,1073,-242.838587,4.930153,0,-243.127982,4.962258,0,-23.149783,2.573488,0,0,0.25,385.905922,-289.395103,0.142946,388.206454
115150,2.532496,17.8875,17.9,1074,-243.224431,4.973002,0,-243.51378,5.005237,0,-23.146021,2.583888,0,0,0.25,385.844597,-289.348483,0.143083,388.163326
115183.333333,2.66391,17.920833,17.933333,1076,-243.995932,5.05922,0,-244.285185,5.091714,0,-23.1383,2.60451,0,0,0.25,771.50079,-289.252773,0.143356,388.073729
115633.333333,1.453028,17.9375,17.95,1077,-244.381586,5.102587,0,-244.67079,5.135209,0,-23.134342,2.61473,0,0,0.25,385.654007,-289.203699,0.143493,388.027275
116200,1.579357,17.954167,17.966667,1078,-244.767174,5.146125,0,-245.056328,5.178874,0,-23.13032,2.624889,0,0,0.25,385.588307,-289.153822,0.14363,387.979728
116766.666667,1.546778,17.970833,17.983333,1079,-245.152696,5.189832,0,-245.441799,5.222707,0,-23.126236,2.634985,0,0,0.25,385.521539,-289.103151,0.143767,387.931095
116800,1.626746,18.004167,18.016667,1081,-245.923534,5.277751,0,-246.212534,5.310877,0,-23.11788,2.654984,0,0,0.25,770.838564,-288.999462,0.14404,387.830611
117266.666667,2.678745,18.020833,18.033333,1082,-246.308849,5.32196,0,-246.597796,5.35521,0,-23.11361,2.664885,0,0,0.25,385.314951,-288.946465,0.144177,387.778778
117800,2.54265,18.0375,18.05,1083,-246.694093,5.366335,0,-246.982986,5.399708,0,-23.10928,2.67472,0,0,0.25,385.244034,-288.892709,0.144314,387.725895
117866.666667,1.046553,18.104167,18.116667,1087,-248.23434,5.545464,0,-248.523011,5.579322,0,-23.091371,2.713369,0,0,0.25,1540.247002,-288.67029,0.144861,387.504047
118383.333333,1.945837,18.120833,18.133333,1088,-248.619215,5.590648,0,-248.907828,5.624625,0,-23.086751,2.722855,0,0,0.25,384.874584,-288.612882,0.144997,387.446051
118933.333333,1.825203,18.1375,18.15,1089,-249.004013,5.635991,0,-249.292568,5.670086,0,-23.082074,2.73227,0,0,0.25,384.797805,-288.55477,0.145134,387.387061
119483.333333,1.508043,18.154167,18.166667,1090,-249.388733,5.68149,0,-249.677229,5.715703,0,-23.077342,2.741612,0,0,0.25,384.720091,-288.495964,0.145271,387.327083
119950,1.643673,18.170833,18.183333,1091,-249.773374,5.727146,0,-250.061811,5.761475,0,-23.072556,2.75088,0,0,0.25,384.641454,-288.436472,0.145408,387.266129
120500,1.017315,18.1875,18.2,1092,-250.157936,5.772956,0,-250.446313,5.807401,0,-23.067716,2.760074,0,0,0.25,384.561907,-288.376304,0.145544,387.204206
120516.666667,2.69077,18.204167,18.216667,1093,-250.542418,5.81892,0,-250.830733,5.853479,0,-23.062823,2.769195,0,0,0.25,384.481459,-288.315466,0.145681,387.141324
120966.666667,1.757344,18.220833,18.233333,1094,-250.926818,5.865037,0,-251.215072,5.899709,0,-23.057877,2.778242,0,0,0.25,384.400122,-288.253968,0.145818,387.077491
121416.666667,1.380977,18.2375,18.25,1095,-251.311136,5.911304,0,-251.599328,5.946089,0,-23.05288,2.787213,0,0,0.25,384.317907,-288.191818,0.145955,387.012716
122000,2.796119,18.254167,18.266667,1096,-251.695371,5.957721,0,-251.9835,5.992618,0,-23.047831,2.796108,0,0,0.25,384.234826,-288.129025,0.146092,386.947009
122450,2.123774,18.270833,18.283333,1097,-252.079522,6.004287,0,-252.367587,6.039295,0,-23.042732,2.804928,0,0,0.25,384.15089,-288.065597,0.146228,386.880378
122950,1.531215,18.2875,18.3,1098,-252.463588,6.051,0,-252.751589,6.086118,0,-23.037583,2.813672,0,0,0.25,384.066111,-288.001542,0.146365,386.812833
123500,1.432163,18.304167,18.316667,1099,-252.847568,6.09786,0,-253.135505,6.133085,0,-23.032385,2.82234,0,0,0.25,383.980499,-287.936869,0.146502,386.744381
124016.666667,2.667889,18.320833,18.333333,1100,-253.231462,6.144863,0,-253.519334,6.180197,0,-23.027139,2.830931,0,0,0.25,383.894064,-287.871585,0.146639,386.675033
124533.333333,2.389878,18.3375,18.35,1101,-253.615269,6.192011,0,-253.903075,6.227452,0,-23.021844,2.839444,0,0,0.25,383.806818,-287.805699,0.146775,386.604796
125016.666667,1.510048,18.354167,18.366667,1102,-253.998988,6.2393,0,-254.286727,6.274847,0,-23.016503,2.847881,0,0,0.25,383.718772,-287.739219,0.146912,386.53368
125516.666667,2.496814,18.370833,18.383333,1103,-254.382618,6.286731,0,-254.67029,6.322383,0,-23.011115,2.85624,0,0,0.25,383.629938,-287.672154,0.147049,386.461694
125983.333333,1.117818,18.3875,18.4,1104,-254.766158,6.334301,0,-255.053763,6.370057,0,-23.005681,2.864521,0,0,0.25,383.540325,-287.604512,0.147186,386.388847
126533.333333,1.276589,18.404167,18.416667,1105,-255.149608,6.38201,0,-255.437144,6.417868,0,-23.000202,2.872724,0,0,0.25,383.449945,-287.5363,0.147322,386.315148
127100,1.739102,18.420833,18.433333,1106,-255.532967,6.429855,0,-255.820434,6.465816,0,-22.994678,2.880848,0,0,0.25,383.358809,-287.467527,0.147459,386.240606
127650,1.467151,18.4375,18.45,1107,-255.916234,6.477836,0,-256.203632,6.513898,0,-22.98911,2.888893,0,0,0.25,383.266928,-287.398203,0.147596,386.165229
128133.333333,2.67342,18.454167,18.466667,1108,-256.299408,6.525952,0,-256.586736,6.562114,0,-22.9835,2.89686,0,0,0.25,383.174314,-287.328334,0.147733,386.089027
128600,2.704394,18.470833,18.483333,1109,-256.682489,6.574201,0,-256.969747,6.610462,0,-22.977846,2.904748,0,0,0.25,383.080977,-287.257928,0.147869,386.01201
129066.666667,1.10032,18.4875,18.5,1110,-257.065476,6.622581,0,-257.352663,6.65894,0,-22.972151,2.912556,0,0,0.25,382.986927,-287.186995,0.148006,385.934185
129616.666667,1.933322,18.504167,18.516667,1111,-257.448368,6.671092,0,-257.735484,6.707548,0,-22.966415,2.920284,0,0,0.25,382.892176,-287.115543,0.148143,385.855563
129666.666667,1.408264,18.554167,18.566667,1114,-258.596469,6.817395,0,-258.883367,6.854136,0,-22.948964,2.942987,0,0,0.25,1148.101183,-286.898152,0.148553,385.615
130116.666667,2.990889,18.570833,18.583333,1115,-258.978976,6.866414,0,-259.2658,6.903249,0,-22.94307,2.950394,0,0,0.25,382.506387,-286.824704,0.14869,385.533277
130183.333333,1.075125,18.6375,18.65,1119,-260.508014,7.063716,0,-260.79454,7.100913,0,-22.919118,2.979209,0,0,0.25,1529.038359,-286.526215,0.149237,385.198956
130666.666667,2.08371,18.654167,18.666667,1120,-260.890024,7.113341,0,-261.176474,7.150626,0,-22.91304,2.98621,0,0,0.25,382.009701,-286.450458,0.149374,385.113564
131150,1.670589,18.670833,18.683333,1121,-261.271932,7.163083,0,-261.558307,7.200455,0,-22.906927,2.993128,0,0,0.25,381.908547,-286.374264,0.14951,385.027465
131616.666667,1.056914,18.6875,18.7,1122,-261.653739,7.21294,0,-261.940037,7.250398,0,-22.900781,2.999965,0,0,0.25,381.806811,-286.297641,0.149647,384.940669
132066.666667,2.199799,18.704167,18.716667,1123,-262.035444,7.262912,0,-262.321664,7.300455,0,-22.894601,3.006719,0,0,0.25,381.704507,-286.220596,0.149784,384.853184
132516.666667,2.384247,18.720833,18.733333,1124,-262.417045,7.312997,0,-262.703188,7.350623,0,-22.888388,3.013392,0,0,0.25,381.601643,-286.143138,0.149921,384.765021
133066.666667,2.320861,18.7375,18.75,1125,-262.798543,7.363193,0,-263.084609,7.400902,0,-22.882143,3.019983,0,0,0.25,381.49823,-286.065274,0.150057,384.676186
133566.666667,1.53293,18.754167,18.766667,1126,-263.179938,7.413499,0,-263.465925,7.45129,0,-22.875867,3.026491,0,0,0.25,381.394278,-285.987013,0.150194,384.586691
133600,1.783244,18.7875,18.8,1128,-263.942412,7.514437,0,-264.228242,7.552389,0,-22.863222,3.039261,0,0,0.25,762.474604,-285.829328,0.150468,384.405753
134050,2.439545,18.804167,18.816667,1129,-264.323492,7.565066,0,-264.609242,7.603096,0,-22.856855,3.045522,0,0,0.25,381.079302,-285.74992,0.150604,384.314328
134566.666667,1.736304,18.820833,18.833333,1130,-264.704465,7.615799,0,-264.990135,7.653907,0,-22.850458,3.051702,0,0,0.25,380.973302,-285.670146,0.150741,384.222278
135016.666667,1.106393,18.8375,18.85,1131,-265.085332,7.666636,0,-265.370922,7.704821,0,-22.844034,3.057799,0,0,0.25,380.866817,-285.590012,0.150878,384.129611
135550,2.389762,18.854167,18.866667,1132,-265.466092,7.717574,0,-265.751601,7.755835,0,-22.837581,3.063813,0,0,0.25,380.759855,-285.509527,0.151015,384.036338
136016.666667,1.400547,18.870833,18.883333,1133,-265.846744,7.768613,0,-266.132173,7.806949,0,-22.831102,3.069746,0,0,0.25,380.652427,-285.428699,0.151151,383.942466
136483.333333,2.123047,18.8875,18.9,1134,-266.227289,7.819752,0,-266.512636,7.858161,0,-22.824595,3.075596,0,0,0.25,380.544544,-285.347534,0.151288,383.848004
136983.333333,1.284078,18.904167,18.916667,1135,-266.607725,7.870988,0,-266.892991,7.90947,0,-22.818063,3.081364,0,0,0.25,380.436214,-285.26604,0.151425,383.752962
137483.333333,1.707766,18.920833,18.933333,1136,-266.988052,7.922321,0,-267.273237,7.960874,0,-22.811505,3.08705,0,0,0.25,380.327449,-285.184225,0.151561,383.657348
137500,1.216932,18.9375,18.95,1137,-267.368271,7.973749,0,-267.653373,8.012372,0,-22.804923,3.092654,0,0,0.25,380.218257,-285.102096,0.151698,383.561171
137550,2.571603,18.9875,19,1140,-268.508266,8.128589,0,-268.79312,8.167418,0,-22.785032,3.108976,0,0,0.25,1139.995511,-284.853899,0.152108,383.26935
138016.666667,1.218584,19.004167,19.016667,1141,-268.888043,8.180384,0,-269.172814,8.219279,0,-22.778356,3.114253,0,0,0.25,379.777428,-284.770587,0.152245,383.171009
138533.333333,1.26109,19.020833,19.033333,1142,-269.26771,8.232266,0,-269.552397,8.271228,0,-22.771658,3.119448,0,0,0.25,379.666253,-284.686997,0.152382,383.072149
139033.333333,1.013384,19.0375,19.05,1143,-269.647264,8.284236,0,-269.931868,8.323262,0,-22.764939,3.124562,0,0,0.25,379.55471,-284.603138,0.152519,382.972778
139616.666667,1.569783,19.054167,19.066667,1144,-270.026707,8.336291,0,-270.311226,8.37538,0,-22.758199,3.129595,0,0,0.25,379.442809,-284.519015,0.152655,382.872906
140183.333333,1.137791,19.070833,19.083333,1145,-270.406038,8.388431,0,-270.690472,8.427582,0,-22.751439,3.134547,0,0,0.25,379.33056,-284.434635,0.152792,382.77254
140633.333333,2.624061,19.0875,19.1,1146,-270.785256,8.440653,0,-271.069606,8.479866,0,-22.744659,3.139417,0,0,0.25,379.217971,-284.350006,0.152929,382.67169
141183.333333,1.703241,19.104167,19.116667,1147,-271.164361,8.492957,0,-271.448626,8.53223,0,-22.73786,3.144207,0,0,0.25,379.105051,-284.265135,0.153066,382.570364
141233.333333,2.278031,19.154167,19.166667,1150,-272.300995,8.650344,0,-272.585004,8.689793,0,-22.717353,3.158094,0,0,0.25,1136.634479,-284.009138,0.153476,382.263616
141716.666667,2.964878,19.170833,19.183333,1151,-272.679646,8.702961,0,-272.963569,8.742466,0,-22.710483,3.162562,0,0,0.25,378.65026,-283.923367,0.153612,382.160471
142166.666667,1.823145,19.1875,19.2,1152,-273.058181,8.755652,0,-273.342019,8.795212,0,-22.703597,3.166951,0,0,0.25,378.535829,-283.837387,0.153749,382.056893
142716.666667,2.002567,19.204167,19.216667,1153,-273.436603,8.808417,0,-273.720354,8.848031,0,-22.696695,3.171259,0,0,0.25,378.421123,-283.751207,0.153886,381.95289
143283.333333,1.476754,19.220833,19.233333,1154,-273.814909,8.861254,0,-274.098573,8.900921,0,-22.689777,3.175489,0,0,0.25,378.306151,-283.664831,0.154023,381.848471
143783.333333,1.834284,19.2375,19.25,1155,-274.1931,8.914161,0,-274.476678,8.953881,0,-22.682845,3.179639,0,0,0.25,378.190921,-283.578268,0.154159,381.743643
144266.666667,1.830374,19.254167,19.266667,1156,-274.571175,8.967139,0,-274.854667,9.00691,0,-22.675898,3.18371,0,0,0.25,378.075443,-283.491523,0.154296,381.638415
144733.333333,2.923952,19.270833,19.283333,1157,-274.949135,9.020184,0,-275.232539,9.060006,0,-22.668938,3.187702,0,0,0.25,377.959724,-283.404603,0.154433,381.532796
145266.666667,2.254815,19.2875,19.3,1158,-275.326979,9.073296,0,-275.610296,9.113167,0,-22.661964,3.191615,0,0,0.25,377.843775,-283.317515,0.15457,381.426793
145850,2.26491,19.304167,19.316667,1159,-275.704706,9.126474,0,-275.987936,9.166393,0,-22.654978,3.19545,0,0,0.25,377.727604,-283.230265,0.154706,381.320416
146283.333333,1.153678,19.320833,19.333333,1160,-276.082317,9.179716,0,-276.36546,9.219683,0,-22.64798,3.199207,0,0,0.25,377.611218,-283.142859,0.154843,381.213671
146833.333333,2.623494,19.3375,19.35,1161,-276.459812,9.233021,0,-276.742867,9.273034,0,-22.640969,3.202886,0,0,0.25,377.494627,-283.055304,0.15498,381.106568
147400,1.030513,19.354167,19.366667,1162,-276.83719,9.286387,0,-277.120157,9.326446,0,-22.633948,3.206487,0,0,0.25,377.377839,-282.967605,0.155116,380.999114
147866.666667,1.546085,19.370833,19.383333,1163,-277.214451,9.339814,0,-277.49733,9.379918,0,-22.626916,3.210011,0,0,0.25,377.260862,-282.87977,0.155253,380.891317
148433.333333,1.044825,19.3875,19.4,1164,-277.591594,9.3933,0,-277.874386,9.433447,0,-22.619874,3.213458,0,0,0.25,377.143705,-282.791805,0.15539,380.783187
148450,1.439985,19.404167,19.416667,1165,-277.968621,9.446844,0,-278.251324,9.487033,0,-22.612822,3.216828,0,0,0.25,377.026376,-282.703715,0.155527,380.674729
148950,1.269058,19.420833,19.433333,1166,-278.34553,9.500444,0,-278.628145,9.540675,0,-22.605761,3.220122,0,0,0.25,376.908884,-282.615506,0.155663,380.565954
149516.666667,1.250523,19.4375,19.45,1167,-278.722321,9.554099,0,-279.004848,9.594371,0,-22.598691,3.22334,0,0,0.25,376.791235,-282.527186,0.1558,380.456868
150016.666667,1.705304,19.454167,19.466667,1168,-279.098994,9.607808,0,-279.381433,9.64812,0,-22.591613,3.226481,0,0,0.25,376.673439,-282.438759,0.155937,380.34748
150083.333333,1.285171,19.520833,19.533333,1172,-280.604507,9.82316,0,-280.886592,9.863621,0,-22.563227,3.238294,0,0,0.25,1505.51312,-282.084108,0.156484,379.907059
