leg,t,phase,x,z,y,hdg_deg,bank_deg,gs_ms,fuel_kg,to
leg1,0,HOLD,493.8,911.9,28.1,-139,0,0,32.4,HOME
leg1,1,HOLD,493.8,911.9,28.1,-139,0,0,32.4,HOME
leg1,2,HOLD,493.8,911.9,28.1,-139,0,0,32.4,HOME
leg1,3,ROLL,493.1,911.3,28.1,-139,0,1.8,32.4,HOME
leg1,4,ROLL,491.1,909.5,28.1,-139,0,3.7,32.39,HOME
leg1,5,ROLL,487.6,906.6,28.1,-139,0,5.4,32.39,HOME
leg1,6,ROLL,482.9,902.4,28.1,-139,0,7.2,32.38,HOME
leg1,7,ROLL,476.8,897.2,28.2,-139,0,8.8,32.38,HOME
leg1,8,ROLL,469.6,890.9,28.2,-139,0,10.4,32.37,HOME
leg1,9,ROLL,461.2,883.6,28.3,-139,0,11.8,32.37,HOME
leg1,10,ROLL,451.7,875.4,28.3,-139,0,13.2,32.37,HOME
leg1,11,ROLL,441.3,866.2,28.4,-139,0,14.5,32.36,HOME
leg1,12,ROLL,429.8,856.3,28.5,-139,0,15.7,32.36,HOME
leg1,13,ROLL,417.5,845.6,28.5,-139,0,16.9,32.35,HOME
leg1,14,ROLL,404.3,834.1,28.6,-139,0,18.1,32.35,HOME
leg1,15,ROLL,390.2,821.9,28.7,-139,0,19.2,32.35,HOME
leg1,16,ROLL,375.3,808.9,28.8,-139,0,20.2,32.34,HOME
leg1,17,LIFTOFF,359.7,795.4,29,-139,0,21,32.34,HOME
leg1,18,LIFTOFF,343.7,781.4,29.8,-139,0,21.4,32.33,HOME
leg1,19,LIFTOFF,327.6,767.4,31.6,-139,0,21.1,32.33,HOME
leg1,20,LIFTOFF,312,753.9,34.6,-139,0,20.1,32.33,HOME
leg1,21,LIFTOFF,297.3,741.1,38.3,-139,0,18.8,32.32,HOME
leg1,22,LIFTOFF,283.6,729.2,42,-139,0,17.7,32.32,HOME
leg1,23,LIFTOFF,270.6,717.9,45.1,-139,0,16.7,32.31,HOME
leg1,24,LIFTOFF,258.2,707.1,47.4,-139,0,16.3,32.31,HOME
leg1,25,LIFTOFF,245.7,696.3,48.2,-139,0,16.8,32.31,HOME
leg1,26,LIFTOFF,232.7,685,47.8,-139,0,17.7,32.3,HOME
leg1,27,LIFTOFF,218.9,673,46.9,-139,0,18.9,32.3,HOME
leg1,28,LIFTOFF,204.2,660.2,45.9,-139,0,20.1,32.29,HOME
leg1,29,LIFTOFF,188.6,646.6,45.2,-139,0,21,32.29,HOME
leg1,30,LIFTOFF,172.7,632.8,46.1,-139,0,21.1,32.29,HOME
leg1,31,LIFTOFF,156.8,619,47.9,-139,0,21,32.28,HOME
leg1,32,LIFTOFF,140.9,605.1,49.1,-139,0,21.4,32.28,HOME
leg1,33,LIFTOFF,124.4,590.8,49.6,-139,0,22.1,32.27,HOME
leg1,34,LIFTOFF,107.5,576.1,49.8,-139,0,22.9,32.27,HOME
leg1,35,LIFTOFF,90,560.9,50.2,-139,0,23.5,32.27,HOME
leg1,36,LIFTOFF,72,545.3,50.8,-139,0,24,32.26,HOME
leg1,37,LIFTOFF,53.8,529.4,51.9,-139,0,24.4,32.26,HOME
leg1,38,LIFTOFF,35.3,513.4,53.2,-139,0,24.6,32.25,HOME
leg1,39,LIFTOFF,16.7,497.2,54.9,-139,0,24.7,32.25,HOME
leg1,40,LIFTOFF,-2,480.9,56.6,-139,0,24.8,32.25,HOME
leg1,41,CLIMB,-20.8,464.6,58.5,-139,0,24.9,32.24,HOME
leg1,42,CLIMB,-39.5,448.3,60.8,-139,0,24.6,32.24,HOME
leg1,43,CLIMB,-58.2,432.1,63,-139,0,24.9,32.23,HOME
leg1,44,CLIMB,-77.4,415.4,62.9,-139,0,26.2,32.23,HOME
leg1,45,CLIMB,-97.8,397.6,61,-139,0,27.8,32.23,HOME
leg1,46,CLIMB,-119.3,379,60,-139,0,28.9,32.22,HOME
leg1,47,CLIMB,-141.1,360,61.3,-139,0,29,32.22,HOME
leg1,48,CLIMB,-162.9,341,64.1,-139,0,28.8,32.21,HOME
leg1,49,CLIMB,-184.6,322.2,67.1,-139,0,28.6,32.21,HOME
leg1,50,CLIMB,-206.2,303.4,70.1,-139,0,28.6,32.21,HOME
leg1,51,CLIMB,-227.7,284.7,72.9,-139,0,28.5,32.2,HOME
leg1,52,CLIMB,-249.3,266,75.5,-139,0,28.5,32.2,HOME
leg1,53,CLIMB,-270.8,247.3,78.1,-139,0,28.6,32.19,HOME
leg1,54,CLIMB,-292.4,228.5,80.7,-139,0,28.6,32.19,HOME
leg1,55,CLIMB,-313.9,209.8,83.3,-139,0,28.6,32.19,HOME
leg1,56,CLIMB,-335.5,191,85.8,-139,0,28.6,32.18,HOME
leg1,57,CLIMB,-357.1,172.2,88.4,-139,0,28.6,32.18,HOME
leg1,58,CLIMB,-378.7,153.5,91,-139,0,28.6,32.17,HOME
leg1,59,CLIMB,-400.3,134.7,93.6,-139,0,28.6,32.17,HOME
leg1,60,CLIMB,-421.9,115.9,96.2,-139,0,28.6,32.17,HOME
leg1,61,CLIMB,-443.5,97.1,98.7,-139,0,28.7,32.16,HOME
leg1,62,CLIMB,-465.2,78.3,101.3,-139,0,28.7,32.16,HOME
leg1,63,CLIMB,-486.8,59.5,103.9,-139,0,28.7,32.15,HOME
leg1,64,CROSSWIND,-508.4,40.7,106.5,-139,-0.1,28.7,32.15,HOME
leg1,65,CROSSWIND,-529.8,21.8,109.3,-137.4,-9.2,28.3,32.15,HOME
leg1,66,CROSSWIND,-549.9,2.1,112.4,-133.4,-17,27.9,32.14,HOME
leg1,67,CROSSWIND,-567.7,-19.1,115.3,-126.5,-19,27.5,32.14,HOME
leg1,68,CROSSWIND,-582.8,-41.9,118.2,-119.6,-19.6,27.2,32.14,HOME
leg1,69,CROSSWIND,-594.9,-66.1,121.1,-112.5,-19.8,26.9,32.13,HOME
leg1,70,CROSSWIND,-603.8,-91.3,124.1,-105.1,-19.9,26.6,32.13,HOME
leg1,71,CROSSWIND,-609.4,-117.2,127.4,-97.7,-20,26.2,32.12,HOME
leg1,72,CROSSWIND,-611.5,-143,130.8,-90.2,-20,25.8,32.12,HOME
leg1,73,CROSSWIND,-610.3,-168.6,134.1,-83.1,-18.2,25.4,32.12,HOME
leg1,74,CROSSWIND,-606.3,-193.6,137.1,-76.8,-15.7,25.2,32.11,HOME
leg1,75,CROSSWIND,-599.8,-217.9,139.7,-71.7,-13.5,25.3,32.11,HOME
leg1,76,CROSSWIND,-591.3,-241.8,141.8,-67.1,-12.1,25.4,32.1,HOME
leg1,77,CROSSWIND,-580.8,-265,143.7,-63,-11.5,25.6,32.1,HOME
leg1,78,CROSSWIND,-568.6,-287.6,145.6,-58.9,-10.7,25.8,32.1,HOME
leg1,79,CROSSWIND,-554.8,-309.5,147.4,-55.2,-9.4,26,32.09,HOME
leg1,80,CROSSWIND,-539.6,-330.7,149.4,-52.1,-7.5,26.1,32.09,HOME
leg1,81,CROSSWIND,-523.3,-351.2,151.4,-50.4,-5.9,26.3,32.08,HOME
leg1,82,CROSSWIND,-506.2,-371.3,153.2,-49.3,-5.1,26.5,32.08,HOME
leg1,83,CROSSWIND,-488.3,-391,154.7,-47,-6.3,26.9,32.08,HOME
leg1,84,CROSSWIND,-469.2,-410.5,155.3,-44.3,-8.5,27.7,32.07,HOME
leg1,85,CROSSWIND,-448.7,-429.6,155.7,-40.5,-10.9,28.4,32.07,HOME
leg1,86,CROSSWIND,-426.5,-447.7,156.4,-37.1,-12.5,29,32.06,HOME
leg1,87,CROSSWIND,-402.5,-464.6,157,-32.7,-13.9,29.6,32.06,HOME
leg1,88,DOWNWIND,-376.8,-479.9,157.4,-28.2,-15.4,30.3,32.06,HOME
leg1,89,DOWNWIND,-349.2,-493.3,157.8,-23.1,-16.4,31,32.05,HOME
leg1,90,DOWNWIND,-319.9,-504.4,158.1,-17.9,-17.4,31.6,32.05,HOME
leg1,91,DOWNWIND,-289.1,-512.9,158.4,-12.4,-18,32.3,32.04,HOME
leg1,92,DOWNWIND,-257,-518.5,158.7,-6.9,-18.6,32.9,32.04,HOME
leg1,93,DOWNWIND,-223.9,-521.1,159,-1.3,-19,33.5,32.04,HOME
leg1,94,DOWNWIND,-190.1,-520.4,159.3,4.3,-19.5,34.1,32.03,HOME
leg1,95,DOWNWIND,-156,-516.2,159.5,10,-19.8,34.6,32.03,HOME
leg1,96,DOWNWIND,-122.2,-508.7,159.8,15.7,-20.1,34.8,32.03,HOME
leg1,97,DOWNWIND,-89,-497.7,160.2,21.5,-20.1,35,32.02,HOME
leg1,98,DOWNWIND,-57,-483.4,160.6,27.2,-18.9,35.1,32.02,HOME
leg1,99,DOWNWIND,-26.4,-466.2,161,32.2,-16.3,35.2,32.02,HOME
leg1,100,DOWNWIND,2.7,-446.5,161.4,36.4,-12.8,35.2,32.01,HOME
leg1,101,DOWNWIND,30.7,-425.1,161.7,39,-9,35.2,32.01,HOME
leg1,102,DOWNWIND,57.7,-402.5,162,40.3,-5.2,35.3,32.01,HOME
leg1,103,DOWNWIND,84.2,-379.2,162.2,42,-3,35.3,32,HOME
leg1,104,DOWNWIND,110.3,-355.5,162.4,42.5,-1.1,35.3,32,HOME
leg1,105,DOWNWIND,136.4,-331.6,162.5,42.7,0,35.4,32,HOME
leg1,106,DOWNWIND,162.4,-307.7,162.5,42.5,0.8,35.4,31.99,HOME
leg1,107,DOWNWIND,188.6,-283.9,162.5,42.3,1.1,35.4,31.99,HOME
leg1,108,DOWNWIND,214.9,-260.2,162.4,41.9,1.2,35.5,31.99,HOME
leg1,109,DOWNWIND,241.4,-236.6,162.3,41.6,1.1,35.5,31.99,HOME
leg1,110,DOWNWIND,268,-213.1,162.3,41.3,0.8,35.5,31.98,HOME
leg1,111,DOWNWIND,294.7,-189.7,162.2,41.1,0.6,35.5,31.98,HOME
leg1,112,DOWNWIND,321.5,-166.4,162.1,41,0.4,35.5,31.98,HOME
leg1,113,DOWNWIND,348.4,-143.1,162.1,40.9,0.2,35.5,31.98,HOME
leg1,114,DOWNWIND,375.2,-119.8,162,40.9,0,35.5,31.97,HOME
leg1,115,DOWNWIND,402.1,-96.6,161.9,40.9,0,35.6,31.97,HOME
leg1,116,DOWNWIND,429,-73.3,161.9,40.9,-0.1,35.6,31.97,HOME
leg1,117,DOWNWIND,455.9,-50,161.9,40.9,-0.1,35.6,31.96,HOME
leg1,118,DOWNWIND,482.7,-26.7,161.8,40.9,-0.1,35.6,31.96,HOME
leg1,119,DOWNWIND,509.6,-3.4,161.8,41,-0.1,35.6,31.96,HOME
leg1,120,DOWNWIND,536.4,19.9,161.8,41,-0.1,35.6,31.96,HOME
leg1,121,DOWNWIND,563.3,43.3,161.7,41,0,35.6,31.95,HOME
leg1,122,DOWNWIND,590.1,66.6,161.7,41,0,35.6,31.95,HOME
leg1,123,DOWNWIND,617,90,161.7,41,0,35.6,31.95,HOME
leg1,124,DOWNWIND,643.8,113.3,161.7,41,0,35.6,31.94,HOME
leg1,125,DOWNWIND,670.7,136.7,161.7,41,0,35.6,31.94,HOME
leg1,126,DOWNWIND,697.5,160,161.7,41,0,35.6,31.94,HOME
leg1,127,DOWNWIND,724.4,183.4,161.7,41,0,35.6,31.94,HOME
leg1,128,DOWNWIND,751.2,206.7,161.7,41,0,35.6,31.93,HOME
leg1,129,DOWNWIND,778.1,230.1,161.6,41,0,35.6,31.93,HOME
leg1,130,DOWNWIND,805,253.4,161.6,41,0,35.6,31.93,HOME
leg1,131,DOWNWIND,831.8,276.8,161.6,41,0,35.6,31.93,HOME
leg1,132,DOWNWIND,858.7,300.1,161.6,41,0,35.6,31.92,HOME
leg1,133,DOWNWIND,885.5,323.5,161.6,41,0,35.6,31.92,HOME
leg1,134,DOWNWIND,912.4,346.8,161.6,41,0,35.6,31.92,HOME
leg1,135,DOWNWIND,939.2,370.1,161.6,41,0,35.6,31.91,HOME
leg1,136,DOWNWIND,966.1,393.5,161.6,41,0,35.6,31.91,HOME
leg1,137,DOWNWIND,993,416.8,161.6,41,0,35.6,31.91,HOME
leg1,138,DOWNWIND,1019.8,440.2,161.6,41,0,35.6,31.91,HOME
leg1,139,DOWNWIND,1046.7,463.5,161.6,41,0,35.6,31.9,HOME
leg1,140,DOWNWIND,1073.5,486.9,161.6,41,0,35.6,31.9,HOME
leg1,141,DOWNWIND,1100.4,510.2,161.6,41,0,35.6,31.9,HOME
leg1,142,DOWNWIND,1127.2,533.6,161.6,41,0,35.6,31.89,HOME
leg1,143,DOWNWIND,1154.1,556.9,161.6,41,0,35.6,31.89,HOME
leg1,144,DOWNWIND,1180.9,580.3,161.6,41,0,35.6,31.89,HOME
leg1,145,DOWNWIND,1207.8,603.6,161.6,41,0,35.6,31.89,HOME
leg1,146,DOWNWIND,1234.6,626.9,161.6,41,0,35.6,31.88,HOME
leg1,147,DOWNWIND,1261.5,650.3,161.6,41,0,35.6,31.88,HOME
leg1,148,DOWNWIND,1288.4,673.6,161.7,41,0,35.6,31.88,HOME
leg1,149,DOWNWIND,1315.2,697,161.7,41,0,35.6,31.88,HOME
leg1,150,DOWNWIND,1342.1,720.3,161.7,41,0,35.6,31.87,HOME
leg1,151,DOWNWIND,1368.9,743.7,161.7,41,0,35.6,31.87,HOME
leg1,152,DOWNWIND,1395.8,767,161.7,41,0,35.6,31.87,HOME
leg1,153,DOWNWIND,1422.6,790.4,161.7,41,0,35.6,31.86,HOME
leg1,154,DOWNWIND,1449.5,813.7,161.7,41,0,35.6,31.86,HOME
leg1,155,DOWNWIND,1476.3,837,161.7,41,0,35.6,31.86,HOME
leg1,156,DOWNWIND,1503.2,860.4,161.7,41,0,35.6,31.86,HOME
leg1,157,DOWNWIND,1530,883.7,161.7,41,0,35.6,31.85,HOME
leg1,158,DOWNWIND,1556.9,907.1,161.7,41,0,35.6,31.85,HOME
leg1,159,DOWNWIND,1583.7,930.4,161.7,41,0,35.6,31.85,HOME
leg1,160,DOWNWIND,1610.6,953.8,161.7,41,0,35.6,31.84,HOME
leg1,161,DOWNWIND,1637.4,977.1,161.7,41,0,35.6,31.84,HOME
leg1,162,DOWNWIND,1664.3,1000.4,161.7,41,0,35.6,31.84,HOME
leg1,163,DOWNWIND,1691.1,1023.8,161.7,41,0,35.6,31.84,HOME
leg1,164,DOWNWIND,1718,1047.1,161.7,41,0,35.6,31.83,HOME
leg1,165,DOWNWIND,1744.8,1070.5,161.7,41,0,35.6,31.83,HOME
leg1,166,DOWNWIND,1771.7,1093.8,161.7,41,0,35.6,31.83,HOME
leg1,167,DOWNWIND,1798.5,1117.1,161.7,41,0,35.6,31.83,HOME
leg1,168,DOWNWIND,1825.4,1140.5,161.7,41,0,35.6,31.82,HOME
leg1,169,DOWNWIND,1852.2,1163.8,161.7,41,0,35.6,31.82,HOME
leg1,170,DOWNWIND,1879.1,1187.2,161.7,41,0,35.6,31.82,HOME
leg1,171,DOWNWIND,1905.9,1210.5,161.7,41,0,35.6,31.81,HOME
leg1,172,DOWNWIND,1932.8,1233.9,161.7,41,0,35.6,31.81,HOME
leg1,173,DOWNWIND,1959.6,1257.2,161.7,41,0,35.6,31.81,HOME
leg1,174,DOWNWIND,1986.5,1280.5,161.7,41,0,35.6,31.81,HOME
leg1,175,DOWNWIND,2013.3,1303.9,161.7,41,0,35.6,31.8,HOME
leg1,176,DOWNWIND,2040.2,1327.2,161.7,41,0,35.6,31.8,HOME
leg1,177,DOWNWIND,2067,1350.6,161.7,41,0,35.6,31.8,HOME
leg1,178,DOWNWIND,2093.9,1373.9,161.7,41,0,35.6,31.79,HOME
leg1,179,DOWNWIND,2120.7,1397.2,161.7,41,0,35.6,31.79,HOME
leg1,180,DOWNWIND,2147.6,1420.6,161.7,41,0,35.6,31.79,HOME
leg1,181,DOWNWIND,2174.4,1443.9,161.7,41,0,35.6,31.79,HOME
leg1,182,DOWNWIND,2201.3,1467.3,161.7,41,0,35.6,31.78,HOME
leg1,183,DOWNWIND,2228.1,1490.6,161.7,41,0,35.6,31.78,HOME
leg1,184,DOWNWIND,2255,1513.9,161.7,41,0,35.6,31.78,HOME
leg1,185,DOWNWIND,2281.8,1537.3,161.7,41,0,35.6,31.78,HOME
leg1,186,DOWNWIND,2308.7,1560.6,161.7,41,0,35.6,31.77,HOME
leg1,187,DOWNWIND,2335.5,1584,161.7,41,0,35.6,31.77,HOME
leg1,188,DOWNWIND,2362.4,1607.3,161.7,41,0,35.6,31.77,HOME
leg1,189,DOWNWIND,2389.2,1630.6,161.7,41,0,35.6,31.76,HOME
leg1,190,DOWNWIND,2416.1,1654,161.7,41,0,35.6,31.76,HOME
leg1,191,DOWNWIND,2442.9,1677.3,161.7,41,0,35.6,31.76,HOME
leg1,192,DOWNWIND,2469.8,1700.7,161.7,41,0,35.6,31.76,HOME
leg1,193,DOWNWIND,2496.6,1724,161.7,41,-1.1,35.6,31.75,HOME
leg1,194,BASE,2523.2,1747.5,161.7,41.6,-4.4,35,31.75,HOME
leg1,195,BASE,2548.5,1770.8,162,43.1,-8.1,33.8,31.75,HOME
leg1,196,BASE,2572.1,1794.2,162.1,45.9,-12,32.9,31.75,HOME
leg1,197,BASE,2593.9,1818.6,161.8,51.5,-16.6,32.5,31.75,HOME
leg1,198,BASE,2613.3,1844.6,161.4,56.4,-19.8,32.4,31.75,HOME
leg1,199,BASE,2629.8,1872.3,161.1,63,-21.6,32.2,31.74,HOME
leg1,200,BASE,2642.7,1901.7,161.2,70.4,-22.3,32,31.74,HOME
leg1,201,BASE,2651.8,1932.2,161.8,77.8,-22.4,31.7,31.74,HOME
leg1,202,BASE,2656.6,1963.2,163.1,85.5,-22.5,31.2,31.74,HOME
leg1,203,BASE,2657.4,1994.1,164.5,90.8,-22.4,30.9,31.73,HOME
leg1,204,BASE,2655.3,2025.2,163.4,97.4,-22.6,31.5,31.73,HOME
leg1,205,BASE,2649.4,2056.4,161.8,105.7,-22.3,31.8,31.73,HOME
leg1,206,BASE,2639.1,2086.3,162,113.1,-22.3,31.6,31.73,HOME
leg1,207,BASE,2625.2,2114.6,162.1,120,-22.2,31.6,31.72,HOME
leg1,208,BASE,2608.1,2141.3,161.7,126.4,-18.4,31.7,31.72,HOME
leg1,209,BASE,2588.5,2166.2,161.3,130.5,-12.4,31.8,31.72,HOME
leg1,210,BASE,2567.1,2189.8,161,133.6,-6.6,31.8,31.72,HOME
leg1,211,BASE,2544.9,2212.5,161,135.5,-2.7,31.8,31.71,HOME
leg1,212,BASE,2522.3,2234.9,161.1,135.6,0.4,31.7,31.71,HOME
leg1,213,BASE,2499.9,2257.3,161.2,135.2,2.1,31.7,31.71,HOME
leg1,214,BASE,2477.7,2279.9,161.3,134.3,2.8,31.7,31.71,HOME
leg1,215,FINAL,2455.7,2302.8,161.7,133.3,1.1,31.7,31.7,HOME
leg1,216,FINAL,2434.1,2325.7,163.8,133.2,-3.7,31,31.7,HOME
leg1,217,FINAL,2412.6,2347.4,167,135.2,-9.3,30,31.7,HOME
leg1,218,FINAL,2391,2367.1,170.3,138.9,-14.6,28.4,31.7,HOME
leg1,219,FINAL,2369.2,2384.2,172.3,145.8,-19.5,27.1,31.69,HOME
leg1,220,FINAL,2346.5,2398.4,172.9,152.3,-21.9,26.6,31.69,HOME
leg1,221,FINAL,2322.5,2409.4,172.8,160.2,-22.1,26.4,31.69,HOME
leg1,222,FINAL,2297.3,2416.9,172.5,168.8,-22.3,26.2,31.69,HOME
leg1,223,FINAL,2271.5,2420.5,172.2,177.2,-22.3,26,31.69,HOME
leg1,224,FINAL,2245.6,2420.3,172,-174.2,-22.3,25.8,31.69,HOME
leg1,225,FINAL,2220.3,2416.3,171.8,-165.7,-22.3,25.6,31.68,HOME
leg1,226,FINAL,2196,2408.7,171.5,-157.2,-22.3,25.4,31.68,HOME
leg1,227,FINAL,2173.3,2397.5,171.1,-148.6,-22.2,25.2,31.68,HOME
leg1,228,FINAL,2152.6,2383.4,170.7,-141.5,-13.4,25,31.68,HOME
leg1,229,FINAL,2133.4,2367.5,170.5,-136.8,-6.5,24.8,31.68,HOME
leg1,230,FINAL,2115.2,2350.9,170.3,-136.1,-4.4,24.5,31.67,HOME
leg1,231,FINAL,2097.7,2333.8,169.8,-135,-3.4,24.4,31.67,HOME
leg1,232,FINAL,2080.6,2316.4,169.1,-133.6,-2.7,24.4,31.67,HOME
leg1,233,FINAL,2063.8,2298.7,168.1,-132.7,-1.9,24.4,31.67,HOME
leg1,234,FINAL,2047.2,2280.8,167,-132.2,-1,24.4,31.67,HOME
leg1,235,FINAL,2030.8,2262.8,165.8,-131.9,-0.2,24.4,31.67,HOME
leg1,236,FINAL,2014.4,2244.7,164.5,-132,0.7,24.4,31.66,HOME
leg1,237,FINAL,1997.9,2226.7,163.2,-132.5,1.4,24.4,31.66,HOME
leg1,238,FINAL,1981.2,2208.8,161.8,-133.1,2,24.5,31.66,HOME
leg1,239,FINAL,1964.3,2191.2,160.4,-134,2.5,24.5,31.66,HOME
leg1,240,FINAL,1947.1,2173.7,158.9,-135.1,2.8,24.5,31.66,HOME
leg1,241,FINAL,1929.5,2156.6,157.5,-136.2,2.9,24.5,31.66,HOME
leg1,242,FINAL,1911.6,2139.8,156,-137.4,2.9,24.6,31.66,HOME
leg1,243,FINAL,1893.4,2123.3,154.5,-138.5,2.7,24.6,31.65,HOME
leg1,244,FINAL,1874.8,2107.2,153.1,-139.5,2.4,24.6,31.65,HOME
leg1,245,FINAL,1856,2091.3,151.6,-140.4,2,24.6,31.65,HOME
leg1,246,FINAL,1837,2075.7,150.2,-141.1,1.5,24.6,31.65,HOME
leg1,247,FINAL,1817.8,2060.2,148.8,-141.6,0.9,24.6,31.65,HOME
leg1,248,FINAL,1798.5,2044.9,147.4,-141.8,0.4,24.6,31.65,HOME
leg1,249,FINAL,1779.1,2029.7,146,-141.9,-0.1,24.6,31.65,HOME
leg1,250,FINAL,1759.8,2014.4,144.6,-141.8,-0.6,24.6,31.64,HOME
leg1,251,FINAL,1740.5,1999.1,143.3,-141.5,-1,24.6,31.64,HOME
leg1,252,FINAL,1721.4,1983.6,141.9,-141,-1.3,24.6,31.64,HOME
leg1,253,FINAL,1702.3,1968,140.6,-140.5,-1.4,24.6,31.64,HOME
leg1,254,FINAL,1683.4,1952.3,139.3,-139.9,-1.5,24.6,31.64,HOME
leg1,255,FINAL,1664.7,1936.3,137.9,-139.3,-1.5,24.6,31.64,HOME
leg1,256,FINAL,1646.2,1920.2,136.6,-138.7,-1.4,24.6,31.64,HOME
leg1,257,FINAL,1627.8,1903.9,135.3,-138.1,-1.3,24.6,31.63,HOME
leg1,258,FINAL,1609.6,1887.5,133.9,-137.7,-1,24.5,31.63,HOME
leg1,259,FINAL,1591.5,1870.9,132.6,-137.3,-0.7,24.5,31.63,HOME
leg1,260,FINAL,1573.5,1854.3,131.3,-137.1,-0.4,24.5,31.63,HOME
leg1,261,FINAL,1555.5,1837.6,129.9,-137,-0.1,24.5,31.63,HOME
leg1,262,FINAL,1537.5,1820.9,128.6,-137,0.2,24.5,31.63,HOME
leg1,263,FINAL,1519.6,1804.2,127.2,-137.1,0.4,24.5,31.63,HOME
leg1,264,FINAL,1501.6,1787.5,125.8,-137.3,0.6,24.5,31.63,HOME
leg1,265,FINAL,1483.5,1770.9,124.5,-137.6,0.8,24.5,31.62,HOME
leg1,266,FINAL,1465.3,1754.5,123.1,-137.9,0.9,24.5,31.62,HOME
leg1,267,FINAL,1447,1738.1,121.7,-138.3,1,24.6,31.62,HOME
leg1,268,FINAL,1428.6,1721.8,120.3,-138.7,0.9,24.6,31.62,HOME
leg1,269,FINAL,1410.2,1705.6,118.9,-139,0.9,24.6,31.62,HOME
leg1,270,FINAL,1391.6,1689.6,117.6,-139.4,0.8,24.6,31.62,HOME
leg1,271,FINAL,1372.9,1673.6,116.2,-139.7,0.6,24.6,31.62,HOME
leg1,272,FINAL,1354.1,1657.7,114.8,-139.9,0.5,24.6,31.61,HOME
leg1,273,FINAL,1335.4,1641.9,113.4,-140,0.3,24.6,31.61,HOME
leg1,274,FINAL,1316.5,1626.1,112.1,-140.1,0.1,24.6,31.61,HOME
leg1,275,FINAL,1297.7,1610.4,110.7,-140.1,-0.1,24.6,31.61,HOME
leg1,276,FINAL,1278.9,1594.6,109.4,-140.1,-0.2,24.6,31.61,HOME
leg1,277,FINAL,1260.1,1578.8,108,-139.9,-0.4,24.6,31.61,HOME
leg1,278,FINAL,1241.3,1562.9,106.7,-139.8,-0.5,24.6,31.61,HOME
leg1,279,FINAL,1222.6,1547,105.3,-139.6,-0.5,24.5,31.6,HOME
leg1,280,FINAL,1204,1531.1,104,-139.4,-0.6,24.5,31.6,HOME
leg1,281,FINAL,1185.4,1515.1,102.6,-139.1,-0.5,24.5,31.6,HOME
leg1,282,FINAL,1166.8,1499,101.3,-138.9,-0.5,24.5,31.6,HOME
leg1,283,FINAL,1148.4,1482.8,100,-138.7,-0.4,24.5,31.6,HOME
leg1,284,FINAL,1130,1466.6,98.6,-138.6,-0.4,24.5,31.6,HOME
leg1,285,FINAL,1111.6,1450.4,97.3,-138.4,-0.3,24.5,31.6,HOME
leg1,286,FINAL,1093.2,1434.1,95.9,-138.4,-0.2,24.5,31.59,HOME
leg1,287,FINAL,1074.9,1417.8,94.6,-138.3,0,24.5,31.59,HOME
leg1,288,FINAL,1056.6,1401.6,93.2,-138.3,0.1,24.5,31.59,HOME
leg1,289,FINAL,1038.3,1385.3,91.9,-138.4,0.1,24.5,31.59,HOME
leg1,290,FINAL,1019.9,1369,90.5,-138.4,0.2,24.5,31.59,HOME
leg1,291,FINAL,1001.6,1352.8,89.2,-138.5,0.3,24.5,31.59,HOME
leg1,292,FINAL,983.2,1336.5,87.8,-138.6,0.3,24.5,31.59,HOME
leg1,293,FINAL,964.8,1320.4,86.5,-138.8,0.3,24.5,31.58,HOME
leg1,294,FINAL,946.3,1304.2,85.1,-138.9,0.3,24.5,31.58,HOME
leg1,295,FINAL,927.8,1288.1,83.7,-139,0.3,24.5,31.58,HOME
leg1,296,FINAL,909.3,1272.1,82.4,-139.1,0.3,24.5,31.58,HOME
leg1,297,FINAL,890.7,1256.1,81,-139.2,0.2,24.5,31.58,HOME
leg1,298,FINAL,872.2,1240.1,79.7,-139.3,0.2,24.5,31.58,HOME
leg1,299,FINAL,853.6,1224.1,78.3,-139.4,0.1,24.5,31.58,HOME
leg1,300,FINAL,835,1208.1,77,-139.4,0,24.5,31.58,HOME
leg1,301,FINAL,816.4,1192.2,75.6,-139.4,0,24.5,31.57,HOME
leg1,302,FINAL,797.8,1176.2,74.3,-139.4,-0.1,24.5,31.57,HOME
leg1,303,FINAL,779.2,1160.2,72.9,-139.3,-0.1,24.5,31.57,HOME
leg1,304,FINAL,760.6,1144.2,71.6,-139.3,-0.2,24.5,31.57,HOME
leg1,305,FINAL,742,1128.2,70.2,-139.2,-0.2,24.5,31.57,HOME
leg1,306,FINAL,723.5,1112.2,68.9,-139.1,-0.2,24.5,31.57,HOME
leg1,307,FINAL,705,1096.2,67.5,-139,-0.2,24.5,31.57,HOME
leg1,308,FINAL,686.5,1080.1,66.2,-139,-0.2,24.5,31.56,HOME
leg1,309,FINAL,668,1064,64.8,-138.9,-0.2,24.5,31.56,HOME
leg1,310,FINAL,649.6,1047.9,63.5,-138.9,-0.1,24.5,31.56,HOME
leg1,311,FINAL,631.2,1031.8,62.2,-138.8,-0.1,24.5,31.56,HOME
leg1,312,FINAL,612.7,1015.7,60.8,-138.8,-0.1,24.5,31.56,HOME
leg1,313,FINAL,594.3,999.5,59.5,-138.8,0,24.5,31.56,HOME
leg1,314,FINAL,575.9,983.4,58.1,-138.8,0,24.5,31.56,HOME
leg1,315,FINAL,557.5,967.3,56.8,-138.8,0.1,24.5,31.55,HOME
leg1,316,FINAL,539.1,951.2,55.4,-138.8,0.1,24.5,31.55,HOME
leg1,317,FINAL,520.6,935,54.1,-138.8,0.1,24.5,31.55,HOME
leg1,318,FINAL,502.2,918.9,52.7,-138.9,0.1,24.5,31.55,HOME
leg1,319,FINAL,483.8,902.9,51.4,-138.9,0.1,24.5,31.55,HOME
leg1,320,FINAL,465.3,886.8,50,-139,0.1,24.5,31.55,HOME
leg1,321,FINAL,446.8,870.7,48.7,-139,0.1,24.5,31.55,HOME
leg1,322,FINAL,428.4,854.7,47.3,-139.1,0.1,24.5,31.54,HOME
leg1,323,FINAL,409.9,838.6,46,-139.1,0.1,24.5,31.54,HOME
leg1,324,FINAL,391.4,822.6,44.6,-139.1,0.1,24.5,31.54,HOME
leg1,325,FINAL,372.9,806.6,43.3,-139.1,0,24.5,31.54,HOME
leg1,326,FINAL,354.4,790.6,41.9,-139.1,0,24.5,31.54,HOME
leg1,327,FINAL,335.9,774.6,40.6,-139.1,0,24.5,31.54,HOME
leg1,328,FINAL,317.4,758.6,39.2,-139.1,0,24.5,31.54,HOME
leg1,329,FINAL,298.9,742.5,37.9,-139.1,0,24.5,31.53,HOME
leg1,330,FINAL,280.4,726.5,36.5,-139.1,-0.1,24.5,31.53,HOME
leg1,331,FLARE,261.9,710.5,35.1,-139.1,-0.1,24.3,31.53,HOME
leg1,332,FLARE,243.7,694.7,33.5,-139,-0.1,23.8,31.53,HOME
leg1,333,FLARE,226,679.3,32.7,-139,-0.1,23,31.53,HOME
leg1,334,FLARE,208.8,664.4,31.6,-139,-0.1,22.3,31.53,HOME
leg1,335,FLARE,192.3,650,30.9,-139,0,21.5,31.53,HOME
leg1,336,ROLLOUT,176.1,636,29.9,-138.9,0,21.4,31.53,HOME
leg1,337,ROLLOUT,160.4,622.2,30.1,-138.8,-0.1,20.4,31.53,HOME
leg1,338,ROLLOUT,145.3,609.1,30.1,-138.9,0,19.6,31.53,HOME
leg1,339,ROLLOUT,130.9,596.4,30.2,-138.9,0,18.8,31.53,HOME
leg1,340,ROLLOUT,116.9,584.3,30.3,-139,0,18.1,31.53,HOME
leg1,341,ROLLOUT,103.5,572.7,30.4,-139,0,17.4,31.53,HOME
leg1,342,ROLLOUT,90.7,561.5,30.4,-139,0,16.8,31.53,HOME
leg1,343,ROLLOUT,78.2,550.7,30.5,-139,0,16.1,31.53,HOME
leg1,344,ROLLOUT,66.3,540.3,30.6,-139,0,15.5,31.53,HOME
leg1,345,ROLLOUT,54.8,530.3,30.6,-139,0,15,31.53,HOME
leg1,346,ROLLOUT,43.7,520.6,30.7,-139,0,14.4,31.53,HOME
leg1,347,ROLLOUT,33,511.3,30.8,-139,0,13.9,31.53,HOME
leg1,348,ROLLOUT,22.8,502.5,30.8,-139,0,13,31.52,HOME
leg1,349,ROLLOUT,13.5,494.4,30.9,-139,0,11.7,31.52,HOME
leg1,350,ROLLOUT,5.2,487.2,30.9,-139,0,10.2,31.52,HOME
leg1,351,ROLLOUT,-1.9,481,31,-139,0,8.6,31.52,HOME
leg1,352,ROLLOUT,-7.7,475.9,31,-139,0,7,31.52,HOME
leg1,353,ROLLOUT,-12.4,471.9,31,-139,0,5.3,31.52,HOME
leg1,354,ROLLOUT,-15.7,469,31,-139,0,3.6,31.52,HOME
leg1,355,ROLLOUT,-17.9,467.1,31,-139,0,2.4,31.52,HOME
leg1,356,ROLLOUT,-19.5,465.7,31.1,-139,0,1.8,31.52,HOME
leg1,357,ROLLOUT,-20.7,464.7,31.1,-139,0,1.5,31.52,HOME
leg1,358,ROLLOUT,-21.7,463.8,31.1,-139,0,1.3,31.52,HOME
leg1,359,ROLLOUT,-22.6,463,31.1,-139,0,1.1,31.52,HOME
leg1,360,ROLLOUT,-23.4,462.3,31.1,-139,0,0.9,31.52,HOME
leg1,361,ROLLOUT,-24,461.8,31.1,-139,0,0.7,31.52,HOME
leg1,362,ROLLOUT,-24.4,461.4,31.1,-139,0,0.5,31.52,HOME
leg2,362.3,STOP,-24.5,461.4,31.1,-139,0,0.4,31.52,w3
leg2,363.3,HOLD,-24.5,461.4,31.1,-139,0,0,31.52,w3
leg2,364.3,HOLD,-24.5,461.3,31.1,-139,0,0,31.52,w3
leg2,365.3,ROLL,-25.1,460.8,31.1,-139,0,1.7,31.51,w3
leg2,366.3,ROLL,-27.1,459.1,31.1,-139,0,3.6,31.51,w3
leg2,367.3,ROLL,-30.5,456.1,31.1,-139,0,5.4,31.51,w3
leg2,368.3,ROLL,-35.2,452.1,31.2,-139,0,7.1,31.5,w3
leg2,369.3,ROLL,-41.2,446.9,31.2,-139,0,8.7,31.5,w3
leg2,370.3,ROLL,-48.4,440.6,31.2,-139,0,10.3,31.49,w3
leg2,371.3,ROLL,-56.7,433.4,31.3,-139,0,11.8,31.49,w3
leg2,372.3,ROLL,-66.1,425.2,31.3,-139,0,13.2,31.49,w3
leg2,373.3,ROLL,-76.6,416.1,31.4,-139,0,14.5,31.48,w3
leg2,374.3,ROLL,-88,406.2,31.5,-139,0,15.7,31.48,w3
leg2,375.3,ROLL,-100.3,395.5,31.6,-139,0,16.9,31.47,w3
leg2,376.3,ROLL,-113.5,384,31.6,-139,0,18.1,31.47,w3
leg2,377.3,ROLL,-127.5,371.8,31.7,-139,0,19.2,31.47,w3
leg2,378.3,ROLL,-142.4,358.9,31.8,-139,0,20.2,31.46,w3
leg2,379.3,LIFTOFF,-158,345.3,32,-139,0,21,31.46,w3
leg2,380.3,LIFTOFF,-174,331.4,32.8,-139,0,21.4,31.45,w3
leg2,381.3,LIFTOFF,-190.1,317.4,34.6,-139,0,21.1,31.45,w3
leg2,382.3,LIFTOFF,-205.7,303.9,37.5,-139,0,20.1,31.45,w3
leg2,383.3,LIFTOFF,-220.4,291.1,41.3,-139,0,18.8,31.44,w3
leg2,384.3,LIFTOFF,-234.1,279.1,45,-139,0,17.7,31.44,w3
leg2,385.3,LIFTOFF,-247.1,267.9,48.1,-139,0,16.7,31.43,w3
leg2,386.3,LIFTOFF,-259.5,257.1,50.4,-139,0,16.3,31.43,w3
leg2,387.3,LIFTOFF,-271.9,246.3,51.2,-139,0,16.8,31.43,w3
leg2,388.3,LIFTOFF,-284.9,235,50.9,-139,0,17.7,31.42,w3
leg2,389.3,LIFTOFF,-298.8,223,49.9,-139,0,18.9,31.42,w3
leg2,390.3,LIFTOFF,-313.5,210.1,49,-139,0,20.1,31.41,w3
leg2,391.3,LIFTOFF,-329.1,196.6,48.3,-139,0,21.1,31.41,w3
leg2,392.3,LIFTOFF,-345,182.7,49,-139,0,21.1,31.41,w3
leg2,393.3,LIFTOFF,-360.9,168.9,50.8,-139,0,21.1,31.4,w3
leg2,394.3,LIFTOFF,-376.9,155,52.1,-139,0,21.5,31.4,w3
leg2,395.3,LIFTOFF,-393.4,140.7,52.6,-139,0,22.2,31.39,w3
leg2,396.3,LIFTOFF,-410.4,125.9,52.9,-139,0,22.9,31.39,w3
leg2,397.3,LIFTOFF,-427.9,110.7,53.3,-139,0,23.5,31.39,w3
leg2,398.3,LIFTOFF,-445.9,95.1,54,-139,0,24,31.38,w3
leg2,399.3,LIFTOFF,-464.1,79.2,55,-139,0,24.4,31.38,w3
leg2,400.3,LIFTOFF,-482.6,63.1,56.4,-139,0,24.6,31.37,w3
leg2,401.3,LIFTOFF,-501.2,47,58.1,-139,0,24.7,31.37,w3
leg2,402.3,LIFTOFF,-519.9,30.7,59.8,-139,0,24.8,31.37,w3
leg2,403.3,CLIMB,-538.7,14.4,61.7,-139,0,24.9,31.36,w3
leg2,404.3,CLIMB,-557.4,-1.9,64,-139,0,24.6,31.36,w3
leg2,405.3,CLIMB,-575.9,-18,66.7,-139,0,24.6,31.35,w3
leg2,406.3,CLIMB,-594.8,-34.4,67.7,-139,0,25.5,31.35,w3
leg2,407.3,CLIMB,-614.5,-51.6,66.9,-139,0,26.8,31.35,w3
leg2,408.3,CLIMB,-635.3,-69.7,65.4,-139,0,28.3,31.34,w3
leg2,409.3,CLIMB,-657,-88.4,65.5,-139,0,28.9,31.34,w3
leg2,410.3,CLIMB,-678.8,-107.4,67.3,-139,0,28.9,31.33,w3
leg2,411.3,CLIMB,-700.6,-126.4,70.2,-139,0,28.7,31.33,w3
leg2,412.3,CLIMB,-722.2,-145.2,73.2,-139,0,28.6,31.33,w3
leg2,413.3,CLIMB,-743.8,-163.9,76.1,-139,0,28.6,31.32,w3
leg2,414.3,CLIMB,-765.3,-182.7,78.8,-139,0,28.6,31.32,w3
leg2,415.3,CLIMB,-786.9,-201.4,81.4,-139,0,28.6,31.31,w3
leg2,416.3,CLIMB,-808.5,-220.2,84,-139,0,28.6,31.31,w3
leg2,417.3,CLIMB,-830.1,-238.9,86.6,-139,0,28.6,31.31,w3
leg2,418.3,CLIMB,-851.7,-257.7,89.2,-139,0,28.6,31.3,w3
leg2,419.3,CLIMB,-873.3,-276.5,91.7,-139,0,28.7,31.3,w3
leg2,420.3,CLIMB,-895,-295.3,94.3,-139,0,28.7,31.29,w3
leg2,421.3,CLIMB,-916.6,-314.1,96.9,-139,0,28.7,31.29,w3
leg2,422.3,CLIMB,-938.2,-333,99.5,-139,0,28.7,31.29,w3
leg2,423.3,CLIMB,-959.9,-351.8,102.1,-139,0,28.7,31.28,w3
leg2,424.3,CLIMB,-981.5,-370.6,104.7,-139,0,28.7,31.28,w3
leg2,425.3,CLIMB,-1003.2,-389.4,107.3,-139,0,28.7,31.27,w3
leg2,426.3,CLIMB,-1024.9,-408.3,109.9,-139,0,28.7,31.27,w3
leg2,427.3,CLIMB,-1046.6,-427.1,112.5,-139,0,28.7,31.27,w3
leg2,428.3,CLIMB,-1068.2,-446,115.1,-139,0,28.7,31.26,w3
leg2,429.3,CLIMB,-1089.9,-464.8,117.6,-139,0,28.7,31.26,w3
leg2,430.3,CLIMB,-1111.6,-483.7,120.2,-139,0,28.7,31.25,w3
leg2,431.3,CLIMB,-1133.3,-502.5,122.8,-139,0,28.8,31.25,w3
leg2,432.3,CLIMB,-1155,-521.4,125.4,-139,0,28.8,31.25,w3
leg2,433.3,CLIMB,-1176.7,-540.3,128,-139,0,28.8,31.24,w3
leg2,434.3,CLIMB,-1198.4,-559.2,130.6,-139,0,28.8,31.24,w3
leg2,435.3,CLIMB,-1220.1,-578,133.2,-139,0,28.8,31.23,w3
leg2,436.3,CLIMB,-1241.9,-596.9,135.8,-139,0,28.8,31.23,w3
leg2,437.3,CLIMB,-1263.6,-615.8,138.4,-139,0,28.8,31.23,w3
leg2,438.3,CLIMB,-1285.3,-634.7,140.9,-139,0,28.8,31.22,w3
leg2,439.3,CLIMB,-1307,-653.6,143.5,-139,0,28.8,31.22,w3
leg2,440.3,CLIMB,-1328.8,-672.4,146.1,-139,0,28.8,31.21,w3
leg2,441.3,CLIMB,-1350.5,-691.3,148.7,-139,0,28.8,31.21,w3
leg2,442.3,CLIMB,-1372.2,-710.2,151.3,-139,0,28.8,31.21,w3
leg2,443.3,ENROUTE,-1394,-729.1,153.8,-139,0,28.8,31.2,w3
leg2,444.3,ENROUTE,-1415.5,-747.9,156.7,-139,0,28.3,31.2,w3
leg2,445.3,ENROUTE,-1436.7,-766.3,160,-139,-0.1,27.8,31.19,w3
leg2,446.3,ENROUTE,-1457.6,-784.5,163.2,-138.9,-0.9,27.4,31.19,w3
leg2,447.3,ENROUTE,-1478,-802.5,166,-138.5,-2.4,27.1,31.19,w3
leg2,448.3,ENROUTE,-1498.1,-820.7,168.4,-137.6,-4.4,27.2,31.18,w3
leg2,449.3,ENROUTE,-1518.2,-839.6,169.4,-135.5,-7.5,28,31.18,w3
leg2,450.3,ENROUTE,-1537.9,-859.9,169.9,-132,-10.5,28.6,31.18,w3
leg2,451.3,ENROUTE,-1556.7,-881.9,170.6,-128.7,-12.4,29.2,31.17,w3
leg2,452.3,ENROUTE,-1574.4,-905.5,171.2,-124.4,-14.1,29.9,31.17,w3
leg2,453.3,ENROUTE,-1590.5,-931.1,171.5,-119.9,-15.6,30.7,31.16,w3
leg2,454.3,ENROUTE,-1604.9,-958.6,171.5,-114.8,-16.8,31.4,31.16,w3
leg2,455.3,ENROUTE,-1616.9,-988,171.6,-109.4,-17.5,32.1,31.16,w3
leg2,456.3,ENROUTE,-1626.3,-1019.1,171.9,-103.8,-17.8,32.7,31.15,w3
leg2,457.3,ENROUTE,-1632.7,-1051.4,172.8,-98.2,-17.6,33.1,31.15,w3
leg2,458.3,ENROUTE,-1636.2,-1084.5,173.7,-93.9,-17.7,33.6,31.14,w3
leg2,459.3,ENROUTE,-1637.1,-1118.5,172.9,-88.8,-19.5,34.5,31.14,w3
leg2,460.3,ENROUTE,-1634.8,-1153.3,171.9,-83.1,-20,35.2,31.14,w3
leg2,461.3,ENROUTE,-1628.7,-1188.1,171.9,-76.2,-17.8,35.1,31.13,w3
leg2,462.3,ENROUTE,-1619.1,-1221.7,173.5,-71.7,-13.8,34.8,31.13,w3
leg2,463.3,ENROUTE,-1607.6,-1254.4,174.2,-68.8,-10.7,34.8,31.13,w3
leg2,464.3,ENROUTE,-1594.4,-1286.8,173.8,-67.1,-7.6,35.1,31.12,w3
leg2,465.3,ENROUTE,-1580.1,-1318.9,173,-65.4,-4.5,35.3,31.12,w3
leg2,466.3,ENROUTE,-1565,-1350.9,172.3,-64.1,-2.7,35.4,31.12,w3
leg2,467.3,ENROUTE,-1549.4,-1382.7,171.6,-63.6,-1,35.5,31.12,w3
leg2,468.3,ENROUTE,-1533.6,-1414.6,171.3,-63.4,0.1,35.7,31.11,w3
leg2,469.3,ENROUTE,-1517.7,-1446.6,171.6,-63.6,0.8,35.6,31.11,w3
leg2,470.3,ENROUTE,-1502,-1478.5,171.9,-63.9,1.1,35.6,31.11,w3
leg2,471.3,ENROUTE,-1486.5,-1510.6,172.1,-64.2,1.1,35.6,31.11,w3
leg2,472.3,ENROUTE,-1471.1,-1542.7,172.6,-64.5,1,35.6,31.1,w3
leg2,473.3,ENROUTE,-1455.8,-1574.9,173.1,-64.8,0.8,35.5,31.1,w3
leg2,474.3,ENROUTE,-1440.7,-1607,173.1,-64.9,0.5,35.5,31.1,w3
leg2,475.3,ENROUTE,-1425.7,-1639.2,172.8,-65.1,0.3,35.5,31.09,w3
leg2,476.3,ENROUTE,-1410.7,-1671.5,172.4,-65.1,0.2,35.6,31.09,w3
leg2,477.3,ENROUTE,-1395.7,-1703.8,172,-65.2,0,35.7,31.09,w3
leg2,478.3,ENROUTE,-1380.7,-1736.2,172.1,-65.2,0,35.7,31.09,w3
leg2,479.3,ENROUTE,-1365.7,-1768.6,172.3,-65.1,-0.1,35.7,31.08,w3
leg2,480.3,ENROUTE,-1350.7,-1801,172.6,-65.1,-0.1,35.7,31.08,w3
leg2,481.3,ENROUTE,-1335.7,-1833.3,173,-65.1,-0.1,35.6,31.08,w3
leg2,482.3,ENROUTE,-1320.7,-1865.6,173.1,-65.1,-0.1,35.5,31.07,w3
leg2,483.3,ENROUTE,-1305.7,-1897.8,172.9,-65,-0.1,35.5,31.07,w3
leg2,484.3,ENROUTE,-1290.7,-1930,172.3,-65,0,35.6,31.07,w3
leg2,485.3,ENROUTE,-1275.7,-1962.3,171.7,-65,0,35.6,31.07,w3
leg2,486.3,ENROUTE,-1260.7,-1994.5,171.1,-65,0,35.6,31.06,w3
leg2,487.3,ENROUTE,-1245.6,-2026.8,170.5,-65,0,35.6,31.06,w3
leg2,488.3,ENROUTE,-1230.6,-2059.1,170.1,-65,0,35.7,31.06,w3
leg2,489.3,ENROUTE,-1215.5,-2091.4,169.9,-65,0,35.5,31.06,w3
leg2,490.3,ENROUTE,-1200.6,-2123.6,169.3,-65,0,35.5,31.05,w3
leg2,491.3,ENROUTE,-1185.5,-2155.8,168.4,-65,0,35.6,31.05,w3
leg2,492.3,ENROUTE,-1170.5,-2188.2,167.9,-65,0,35.7,31.05,w3
leg2,493.3,ENROUTE,-1155.4,-2220.5,167.8,-65,0,35.7,31.05,w3
leg2,494.3,ENROUTE,-1140.4,-2252.8,167.8,-65,0,35.6,31.04,w3
leg2,495.3,ENROUTE,-1125.3,-2285.1,167.7,-65,0,35.6,31.04,w3
leg2,496.3,ENROUTE,-1110.3,-2317.4,167.4,-65,0.1,35.5,31.04,w3
leg2,497.3,ENROUTE,-1095.4,-2349.5,166.8,-65.1,1.4,35.5,31.04,w3
leg2,498.3,ENROUTE,-1080.6,-2381.8,165.8,-65.7,4.1,35.5,31.03,w3
leg2,499.3,ENROUTE,-1066.5,-2414.5,164.9,-67.1,7.5,35.6,31.03,w3
leg2,500.3,ENROUTE,-1053.6,-2447.7,164.4,-70.2,11.2,35.7,31.03,w3
leg2,501.3,ENROUTE,-1042.5,-2481.5,164.4,-74.3,14.6,35.5,31.03,w3
leg2,502.3,ENROUTE,-1034,-2515.9,164.6,-78.2,16.5,35.4,31.02,w3
leg2,503.3,ENROUTE,-1028.3,-2550.7,165.1,-82.8,17.9,35.2,31.02,w3
leg2,504.3,DOWNWIND,-1025.2,-2585.6,164,-86.5,20.4,34.9,31.02,w3
leg2,505.3,DOWNWIND,-1024.7,-2620.7,160,-91.8,21.9,35.4,31.02,w3
leg2,506.3,DOWNWIND,-1027.8,-2656.3,155.5,-98.7,22,36.1,31.02,w3
leg2,507.3,DOWNWIND,-1035.9,-2691.5,153.7,-107.1,21.1,35.9,31.01,w3
leg2,508.3,DOWNWIND,-1048.1,-2725,154,-113.4,19.5,35.5,31.01,w3
leg2,509.3,DOWNWIND,-1063.3,-2757,153.9,-118,19.1,35.5,31.01,w3
leg2,510.3,DOWNWIND,-1081.4,-2787.7,153.2,-123.3,19.3,35.6,31.01,w3
leg2,511.3,DOWNWIND,-1102.2,-2816.6,152.5,-128.8,19.4,35.8,31,w3
leg2,512.3,DOWNWIND,-1125.9,-2843.5,151.8,-134.3,19.4,35.8,31,w3
leg2,513.3,DOWNWIND,-1152,-2868,151.4,-139.8,19.4,35.9,31,w3
leg2,514.3,DOWNWIND,-1180.4,-2889.9,151.1,-145.3,19.4,35.9,31,w3
leg2,515.3,DOWNWIND,-1210.7,-2909,150.9,-150.7,19.4,35.8,30.99,w3
leg2,516.3,DOWNWIND,-1242.7,-2925.2,150.9,-156.2,19.5,35.8,30.99,w3
leg2,517.3,DOWNWIND,-1276,-2938.2,150.8,-161.6,19.6,35.8,30.99,w3
leg2,518.3,DOWNWIND,-1310.4,-2948,150.9,-167.1,19.6,35.8,30.98,w3
leg2,519.3,DOWNWIND,-1345.6,-2954.4,150.9,-172.6,19.7,35.8,30.98,w3
leg2,520.3,DOWNWIND,-1381.2,-2957.4,151,-178.1,19.4,35.7,30.98,w3
leg2,521.3,DOWNWIND,-1416.9,-2957.1,151.1,176.6,17.7,35.7,30.98,w3
leg2,522.3,DOWNWIND,-1452.4,-2953.7,151.3,172,14.7,35.6,30.97,w3
leg2,523.3,DOWNWIND,-1487.5,-2947.8,151.6,168.3,11.1,35.6,30.97,w3
leg2,524.3,DOWNWIND,-1522.2,-2940.1,151.9,166.8,7.1,35.5,30.97,w3
leg2,525.3,DOWNWIND,-1556.6,-2931.2,152.1,164.8,4.2,35.5,30.96,w3
leg2,526.3,DOWNWIND,-1590.8,-2921.6,152.3,163.9,2.2,35.5,30.96,w3
leg2,527.3,DOWNWIND,-1624.9,-2911.6,152.5,163.4,0.6,35.5,30.96,w3
leg2,528.3,DOWNWIND,-1658.9,-2901.5,152.5,163.4,-0.4,35.5,30.96,w3
leg2,529.3,DOWNWIND,-1692.9,-2891.5,152.6,163.6,-0.9,35.5,30.95,w3
leg2,530.3,DOWNWIND,-1727,-2881.6,152.6,163.9,-1.1,35.5,30.95,w3
leg2,531.3,DOWNWIND,-1761.1,-2871.9,152.5,164.2,-1.1,35.5,30.95,w3
leg2,532.3,DOWNWIND,-1795.3,-2862.4,152.5,164.6,-1,35.5,30.94,w3
leg2,533.3,DOWNWIND,-1829.6,-2853,152.5,164.8,-0.7,35.5,30.94,w3
leg2,534.3,DOWNWIND,-1863.8,-2843.7,152.4,165,-0.5,35.5,30.94,w3
leg2,535.3,DOWNWIND,-1898.1,-2834.6,152.4,165.1,-0.3,35.5,30.94,w3
leg2,536.3,DOWNWIND,-1932.4,-2825.4,152.3,165.1,-0.1,35.5,30.93,w3
leg2,537.3,DOWNWIND,-1966.7,-2816.3,152.3,165.1,0,35.5,30.93,w3
leg2,538.3,DOWNWIND,-2001.1,-2807.2,152.3,165.1,0.1,35.5,30.93,w3
leg2,539.3,DOWNWIND,-2035.4,-2798.1,152.2,165.1,0.1,35.5,30.92,w3
leg2,540.3,DOWNWIND,-2069.7,-2788.9,152.2,165.1,0.1,35.5,30.92,w3
leg2,541.3,DOWNWIND,-2104,-2779.7,152.1,165,0.1,35.5,30.92,w3
leg2,542.3,DOWNWIND,-2138.3,-2770.6,152.1,165,0.1,35.5,30.92,w3
leg2,543.3,DOWNWIND,-2172.7,-2761.4,152.1,165,0,35.5,30.91,w3
leg2,544.3,DOWNWIND,-2207,-2752.2,152,165,0,35.5,30.91,w3
leg2,545.3,DOWNWIND,-2241.3,-2743,152,165,0,35.5,30.91,w3
leg2,546.3,DOWNWIND,-2275.6,-2733.8,152,165,0,35.5,30.91,w3
leg2,547.3,DOWNWIND,-2309.9,-2724.6,151.9,165,0,35.5,30.9,w3
leg2,548.3,DOWNWIND,-2344.3,-2715.4,151.9,165,0,35.5,30.9,w3
leg2,549.3,DOWNWIND,-2378.6,-2706.2,151.9,165,0,35.5,30.9,w3
leg2,550.3,DOWNWIND,-2412.9,-2697,151.9,165,0,35.5,30.89,w3
leg2,551.3,DOWNWIND,-2447.3,-2687.8,151.8,165,0,35.5,30.89,w3
leg2,552.3,DOWNWIND,-2481.6,-2678.6,151.8,165,0,35.5,30.89,w3
leg2,553.3,DOWNWIND,-2515.9,-2669.4,151.8,165,0,35.5,30.89,w3
leg2,554.3,DOWNWIND,-2550.3,-2660.2,151.8,165,0,35.5,30.88,w3
leg2,555.3,DOWNWIND,-2584.6,-2651,151.8,165,0,35.5,30.88,w3
leg2,556.3,DOWNWIND,-2618.9,-2641.8,151.7,165,0,35.5,30.88,w3
leg2,557.3,DOWNWIND,-2653.3,-2632.6,151.7,165,0,35.5,30.87,w3
leg2,558.3,DOWNWIND,-2687.6,-2623.4,151.7,165,1.2,35.6,30.87,w3
leg2,559.3,BASE,-2721.7,-2613.9,151.7,164.4,4.5,35,30.87,w3
leg2,560.3,BASE,-2754.7,-2604.1,152,162.8,8.2,33.8,30.87,w3
leg2,561.3,BASE,-2786.2,-2593.2,152,160,12.1,32.9,30.87,w3
leg2,562.3,BASE,-2816.4,-2580.8,151.6,154.3,16.8,32.6,30.87,w3
leg2,563.3,BASE,-2845.2,-2565.9,151.1,149.5,19.9,32.4,30.87,w3
leg2,564.3,BASE,-2872.2,-2548,150.6,142.8,21.7,32.3,30.86,w3
leg2,565.3,BASE,-2896.8,-2527.1,150.4,135.5,22.3,32.2,30.86,w3
leg2,566.3,BASE,-2918.4,-2503.5,150.5,128.4,22.4,32,30.86,w3
leg2,567.3,BASE,-2936.9,-2477.4,150.8,121.2,22.5,31.8,30.86,w3
leg2,568.3,BASE,-2951.8,-2449.5,151.3,114,22.5,31.6,30.85,w3
leg2,569.3,BASE,-2963,-2420,152,106.7,22.5,31.4,30.85,w3
leg2,570.3,BASE,-2970.3,-2389.6,153,99.1,22.6,31.1,30.85,w3
leg2,571.3,BASE,-2973.4,-2358.9,154.5,91.6,22.6,30.6,30.85,w3
leg2,572.3,BASE,-2972.9,-2328.4,155.3,86.5,21.1,30.8,30.84,w3
leg2,573.3,BASE,-2969.7,-2297.4,153.4,80.1,18.8,31.5,30.84,w3
leg2,574.3,BASE,-2963,-2266.6,152.7,75,11.9,31.4,30.84,w3
leg2,575.3,BASE,-2954,-2236.7,153.5,71.8,5.7,31.1,30.83,w3
leg2,576.3,BASE,-2944.1,-2207.2,153.9,70.5,1.9,31.1,30.83,w3
leg2,577.3,BASE,-2933.8,-2177.7,153.7,70.5,-0.9,31.3,30.83,w3
leg2,578.3,BASE,-2923.7,-2148.1,153.3,71,-2.3,31.3,30.83,w3
leg2,579.3,BASE,-2913.8,-2118.4,153.1,72,-2.9,31.4,30.82,w3
leg2,580.3,FINAL,-2904.4,-2088.4,153.1,73,-1.6,31.5,30.82,w3
leg2,581.3,FINAL,-2895.2,-2058.5,154.7,73.3,2.8,30.9,30.82,w3
leg2,582.2,FINAL,-2885.9,-2029.6,158.1,71.7,8.2,29.8,30.82,w3
leg2,583.2,FINAL,-2875.6,-2002.1,161.5,68.3,13.8,29,30.81,w3
leg2,584.2,FINAL,-2863.7,-1976.1,164.3,60.8,20.2,28.3,30.81,w3
leg2,585.2,FINAL,-2849.5,-1952.5,166.2,54.8,22.4,27,30.81,w3
leg2,586.2,FINAL,-2833,-1931.4,166.9,47.7,22.3,26.6,30.81,w3
leg2,587.2,FINAL,-2814.1,-1912.9,166.7,39.3,22.4,26.4,30.81,w3
leg2,588.2,FINAL,-2792.9,-1897.4,166.3,31.2,22.3,26.3,30.8,w3
leg2,589.2,FINAL,-2769.7,-1885.1,165.7,22.8,22.3,26.1,30.8,w3
leg2,590.2,FINAL,-2745.2,-1876.4,165.2,14.4,22.3,25.9,30.8,w3
leg2,591.2,FINAL,-2719.9,-1871.4,164.5,6,22.2,25.8,30.8,w3
leg2,592.2,FINAL,-2694.2,-1870.2,163.8,-2.5,22.2,25.6,30.8,w3
leg2,593.2,FINAL,-2668.9,-1872.7,162.9,-10.2,17.3,25.4,30.8,w3
leg2,594.2,FINAL,-2644.1,-1878,162.1,-16.1,7.9,25.2,30.79,w3
leg2,595.2,FINAL,-2620,-1884.8,161.5,-17.7,5.4,24.9,30.79,w3
leg2,596.2,FINAL,-2596.3,-1892.3,160.7,-18.6,4.1,24.8,30.79,w3
leg2,597.2,FINAL,-2573,-1900.5,159.5,-20.3,3.5,24.7,30.79,w3
leg2,598.2,FINAL,-2549.9,-1909.2,158.2,-21.6,2.7,24.6,30.79,w3
leg2,599.2,FINAL,-2527,-1918.3,156.7,-22.4,1.8,24.6,30.79,w3
leg2,600.2,FINAL,-2504.3,-1927.6,155.1,-22.9,0.8,24.6,30.79,w3
leg2,601.2,FINAL,-2481.6,-1937.1,153.4,-23,-0.2,24.5,30.78,w3
leg2,602.2,FINAL,-2459,-1946.5,151.7,-22.8,-1,24.5,30.78,w3
leg2,603.2,FINAL,-2436.3,-1955.8,149.9,-22.2,-1.8,24.5,30.78,w3
leg2,604.2,FINAL,-2413.6,-1964.8,148.1,-21.4,-2.5,24.5,30.78,w3
leg2,605.2,FINAL,-2390.7,-1973.5,146.2,-20.3,-2.9,24.5,30.78,w3
leg2,606.2,FINAL,-2367.6,-1981.7,144.3,-19.1,-3.2,24.5,30.78,w3
leg2,607.2,FINAL,-2344.4,-1989.4,142.4,-17.8,-3.3,24.5,30.78,w3
leg2,608.2,FINAL,-2321,-1996.6,140.5,-16.5,-3.2,24.5,30.78,w3
leg2,609.2,FINAL,-2297.4,-2003.3,138.6,-15.2,-2.9,24.5,30.78,w3
leg2,610.2,FINAL,-2273.8,-2009.5,136.7,-14.1,-2.5,24.5,30.78,w3
leg2,611.2,FINAL,-2250,-2015.3,134.7,-13.2,-2,24.5,30.77,w3
leg2,612.2,FINAL,-2226.2,-2020.8,132.8,-12.5,-1.5,24.4,30.77,w3
leg2,613.2,FINAL,-2202.3,-2026.1,130.9,-12,-0.9,24.4,30.77,w3
leg2,614.2,FINAL,-2178.4,-2031.2,128.9,-11.7,-0.3,24.4,30.77,w3
leg2,615.2,FINAL,-2154.5,-2036.2,127,-11.7,0.3,24.4,30.77,w3
leg2,616.2,FINAL,-2130.6,-2041.3,125,-11.9,0.8,24.4,30.77,w3
leg2,617.2,FINAL,-2106.7,-2046.5,123.1,-12.3,1.2,24.4,30.77,w3
leg2,618.2,FINAL,-2082.9,-2051.9,121.1,-12.9,1.5,24.4,30.77,w3
leg2,619.2,FINAL,-2059.1,-2057.5,119.2,-13.5,1.7,24.4,30.77,w3
leg2,620.2,FINAL,-2035.4,-2063.4,117.2,-14.2,1.7,24.4,30.77,w3
leg2,621.2,FINAL,-2011.8,-2069.5,115.3,-14.9,1.7,24.4,30.76,w3
leg2,622.2,FINAL,-1988.2,-2075.9,113.3,-15.6,1.6,24.4,30.76,w3
leg2,623.2,FINAL,-1964.7,-2082.6,111.4,-16.2,1.3,24.4,30.76,w3
leg2,624.2,FINAL,-1941.3,-2089.4,109.4,-16.6,1.1,24.4,30.76,w3
leg2,625.2,FINAL,-1917.9,-2096.5,107.5,-17,0.7,24.4,30.76,w3
leg2,626.2,FINAL,-1894.6,-2103.6,105.5,-17.2,0.4,24.4,30.76,w3
leg2,627.2,FINAL,-1871.3,-2110.8,103.6,-17.3,0,24.4,30.76,w3
leg2,628.2,FINAL,-1848,-2118.1,101.6,-17.3,-0.3,24.4,30.76,w3
leg2,629.2,FINAL,-1824.6,-2125.2,99.6,-17.1,-0.6,24.4,30.76,w3
leg2,630.2,FINAL,-1801.3,-2132.4,97.7,-16.9,-0.8,24.4,30.76,w3
leg2,631.2,FINAL,-1777.9,-2139.3,95.7,-16.5,-1,24.4,30.76,w3
leg2,632.2,FINAL,-1754.4,-2146.2,93.7,-16.1,-1.1,24.4,30.75,w3
leg2,633.2,FINAL,-1730.9,-2152.9,91.7,-15.7,-1.1,24.4,30.75,w3
leg2,634.2,FINAL,-1707.4,-2159.4,89.8,-15.3,-1.1,24.4,30.75,w3
leg2,635.2,FINAL,-1683.8,-2165.7,87.8,-14.8,-1,24.4,30.75,w3
leg2,636.2,FINAL,-1660.2,-2171.9,85.8,-14.5,-0.8,24.4,30.75,w3
leg2,637.2,FINAL,-1636.5,-2178,83.9,-14.2,-0.7,24.4,30.75,w3
leg2,638.2,FINAL,-1612.8,-2183.9,81.9,-13.9,-0.5,24.4,30.75,w3
leg2,639.2,FINAL,-1589.1,-2189.8,79.9,-13.8,-0.3,24.4,30.75,w3
leg2,640.2,FINAL,-1565.4,-2195.7,77.9,-13.7,-0.1,24.4,30.75,w3
leg2,641.2,FINAL,-1541.6,-2201.5,76,-13.7,0.1,24.4,30.75,w3
leg2,642.2,FINAL,-1517.9,-2207.3,74,-13.8,0.3,24.4,30.74,w3
leg2,643.2,FINAL,-1494.2,-2213.2,72.1,-14,0.4,24.4,30.74,w3
leg2,644.2,FINAL,-1470.5,-2219.2,70.1,-14.2,0.5,24.4,30.74,w3
leg2,645.2,FINAL,-1446.8,-2225.2,68.1,-14.4,0.6,24.4,30.74,w3
leg2,646.2,FINAL,-1423.2,-2231.4,66.2,-14.7,0.6,24.4,30.74,w3
leg2,647.2,FINAL,-1399.6,-2237.6,64.2,-14.9,0.6,24.4,30.74,w3
leg2,648.2,FINAL,-1376,-2243.9,62.3,-15.2,0.6,24.4,30.74,w3
leg2,649.2,FINAL,-1352.4,-2250.4,60.3,-15.4,0.5,24.4,30.74,w3
leg2,650.2,FINAL,-1328.9,-2256.8,58.3,-15.5,0.4,24.4,30.74,w3
leg2,651.2,FINAL,-1305.4,-2263.4,56.4,-15.7,0.3,24.4,30.74,w3
leg2,652.2,FINAL,-1281.8,-2270,54.4,-15.8,0.1,24.4,30.74,w3
leg2,653.2,FINAL,-1258.3,-2276.6,52.5,-15.8,0,24.4,30.73,w3
leg2,654.2,FINAL,-1234.8,-2283.2,50.5,-15.8,-0.1,24.4,30.73,w3
leg2,655.2,FINAL,-1211.3,-2289.9,48.5,-15.7,-0.2,24.4,30.73,w3
leg2,656.2,FINAL,-1187.8,-2296.4,46.6,-15.6,-0.3,24.4,30.73,w3
leg2,657.2,FINAL,-1164.3,-2303,44.6,-15.5,-0.3,24.4,30.73,w3
leg2,658.2,FINAL,-1140.8,-2309.5,42.6,-15.4,-0.4,24.4,30.73,w3
leg2,659.2,FLARE,-1117.3,-2315.9,40.6,-15.2,-0.4,24.2,30.73,w3
leg2,660.2,FLARE,-1094,-2322.2,38.4,-15.1,-0.4,24,30.73,w3
leg2,661.2,FLARE,-1071,-2328.4,36.4,-14.9,-0.3,23.7,30.73,w3
leg2,662.2,FLARE,-1048.2,-2334.4,34.5,-14.8,-0.3,23.3,30.73,w3
leg2,663.2,FLARE,-1026.1,-2340.2,33.5,-14.7,-0.2,22.6,30.73,w3
leg2,664.2,FLARE,-1004.5,-2345.9,32.2,-14.6,-0.1,22,30.73,w3
leg2,665.2,FLARE,-983.6,-2351.3,31.2,-14.5,-0.1,21.4,30.73,w3
leg2,666.2,FLARE,-962.9,-2356.7,30.3,-14.5,0,21.5,30.72,w3
leg2,667.2,FLARE,-942,-2362.1,29.3,-14.5,0.1,21.6,30.72,w3
leg2,668.2,ROLLOUT,-921.4,-2367.5,28.7,-14.9,-0.2,21,30.72,w3
leg2,669.2,ROLLOUT,-901.4,-2372.8,28.1,-15,0,20.3,30.72,w3
leg2,670.2,ROLLOUT,-882.1,-2378,27.4,-15,0,19.7,30.72,w3
leg2,671.2,ROLLOUT,-863.3,-2383,26.7,-15,0,19.1,30.72,w3
leg2,672.2,ROLLOUT,-845.1,-2387.9,26,-15,0,18.6,30.72,w3
leg2,673.2,ROLLOUT,-827.5,-2392.6,25.3,-15,0,18,30.72,w3
leg2,674.2,ROLLOUT,-810.4,-2397.2,24.7,-15,0,17.4,30.72,w3
leg2,675.2,ROLLOUT,-793.9,-2401.6,24,-15,0,16.9,30.72,w3
leg2,676.2,ROLLOUT,-777.8,-2405.9,23.4,-15,0,16.3,30.72,w3
leg2,677.2,ROLLOUT,-762.3,-2410.1,22.8,-15,0,15.8,30.72,w3
leg2,678.2,ROLLOUT,-747.4,-2414.1,22.3,-15,0,15.2,30.72,w3
leg2,679.2,ROLLOUT,-732.9,-2418,21.7,-15,0,14.7,30.72,w3
leg2,680.2,ROLLOUT,-718.9,-2421.7,21.2,-15,0,14.2,30.72,w3
leg2,681.2,ROLLOUT,-705.5,-2425.3,20.7,-15,0,13.5,30.72,w3
leg2,682.2,ROLLOUT,-692.9,-2428.7,20.3,-15,-0.1,12.5,30.72,w3
leg2,683.2,ROLLOUT,-681.3,-2431.8,19.9,-15,0,11.3,30.72,w3
leg2,684.2,ROLLOUT,-671,-2434.6,19.6,-15,0,10,30.72,w3
leg2,685.2,ROLLOUT,-662,-2437,19.4,-15,0,8.6,30.72,w3
leg2,686.2,ROLLOUT,-654.3,-2439,19.2,-15,0,7.2,30.72,w3
leg2,687.2,ROLLOUT,-648,-2440.7,19.1,-15,0,5.8,30.72,w3
leg2,688.2,ROLLOUT,-643.1,-2442,18.9,-15,0,4.4,30.71,w3
leg2,689.2,ROLLOUT,-639.6,-2443,18.9,-15,0,2.9,30.71,w3
leg2,690.2,ROLLOUT,-637.2,-2443.6,18.8,-15,0,2,30.71,w3
leg2,691.2,ROLLOUT,-635.6,-2444.1,18.8,-15,0,1.5,30.71,w3
leg2,692.2,ROLLOUT,-634.4,-2444.4,18.8,-15,0,1,30.71,w3
leg2,693.2,ROLLOUT,-633.6,-2444.6,18.7,-15,0,0.6,30.71,w3
